2026-08-26T12:12:19.5105456-07:00,1,59,583,24576,2.4,11.66,31.91,36.5,46,15.45,6.7,639.24,34.3,1880|3920|2872|9520|10452|9528|444|12496|16704|19124|21288|25856|16008|16836|14796|27432|2220|23800|9052
2026-08-26T12:13:52.4515065-07:00,17,57,567,24576,2.3,10.64,31.91,33.3,13,17.19,7.4,639.24,34.3,1880|3920|2872|9520|10452|9528|444|12496|16704|19124|21288|25856|16008|16836|14796|27432|2220|23800|9052
2026-08-26T12:14:38.7408847-07:00,0,58,579,24576,2.4,10.83,31.91,33.9,5,17.18,7.4,639.24,34.3,1880|3920|2872|9520|10452|9528|444|12496|16704|19124|21288|25856|16008|16836|14796|27432|2220|23800|9052
2026-08-26T12:15:24.9824044-07:00,1,60,674,24576,2.7,11.71,31.91,36.7,21,17.18,7.4,639.24,34.3,1880|3920|2872|9520|10452|9528|444|12496|16704|19124|21288|25856|16008|16836|14796|27432|2220|23800|9052
2026-08-26T12:16:11.3018277-07:00,9,59,631,24576,2.6,11.75,31.91,36.8,11,17.18,7.4,639.24,34.3,1880|3920|2872|9520|10452|9528|444|12496|16704|19124|21288|25856|16008|16836|14796|27432|2220|23800|9052
2026-08-26T12:16:57.6169497-07:00,0,58,599,24576,2.4,11.31,31.91,35.4,5,17.19,7.4,639.24,34.3,1880|3920|2872|9520|10452|9528|444|12496|16704|19124|21288|25856|16008|16836|14796|27432|2220|23800|9052
2026-08-26T12:17:43.8839939-07:00,4,57,614,24576,2.5,11.65,31.91,36.5,13,17.19,7.4,639.24,34.3,1880|3920|2872|9520|10452|9528|444|12496|16704|19124|21288|25856|16008|16836|14796|27432|2220|23800|9052
2026-08-26T12:18:30.1331660-07:00,0,57,591,24576,2.4,11.24,31.91,35.2,6,17.18,7.4,639.24,34.3,1880|3920|2872|9520|10452|9528|444|12496|16704|19124|21288|25856|16008|16836|14796|27432|2220|23800|9052
2026-08-26T12:19:16.3994589-07:00,12,56,616,24576,2.5,11.49,31.91,36,7,17.19,7.4,639.24,34.3,1880|3920|2872|9520|10452|9528|444|12496|16704|19124|21288|25856|16008|16836|14796|27432|2220|23800|9052
2026-08-26T12:20:02.6744178-07:00,0,56,589,24576,2.4,11.29,31.91,35.4,1,17.19,7.4,639.24,34.3,1880|3920|2872|9520|10452|9528|444|12496|16704|19124|21288|25856|16008|16836|14796|27432|2220|23800|9052
2026-08-26T12:20:48.9520583-07:00,8,56,567,24576,2.3,11.26,31.91,35.3,11,17.18,7.4,639.24,34.3,1880|3920|2872|9520|10452|9528|444|12496|16704|19124|21288|25856|16008|16836|14796|27432|2220|23800|9052
2026-08-26T12:21:35.2299822-07:00,1,55,556,24576,2.3,11.24,31.91,35.2,7,17.18,7.4,639.24,34.3,1880|3920|2872|9520|10452|9528|444|12496|16704|19124|21288|25856|16008|16836|14796|27432|2220|23800|9052
2026-08-26T12:22:21.5227691-07:00,9,55,536,24576,2.2,11.06,31.91,34.7,26,17.18,7.4,639.24,34.3,1880|3920|2872|9520|10452|9528|444|12496|16704|19124|21288|25856|16008|16836|14796|27432|2220|23800|9052
2026-08-26T12:23:07.7963108-07:00,0,54,555,24576,2.3,10.82,31.91,33.9,4,17.18,7.4,639.24,34.3,1880|3920|2872|9520|10452|9528|444|12496|16704|19124|21288|25856|16008|16836|14796|27432|2220|23800|9052
2026-08-26T12:23:54.0590623-07:00,8,55,536,24576,2.2,10.59,31.91,33.2,3,17.19,7.4,639.24,34.3,1880|3920|2872|9520|10452|9528|444|12496|16704|19124|21288|25856|16008|16836|14796|27432|2220|23800|9052
2026-08-26T12:24:40.3179668-07:00,0,57,536,24576,2.2,9.28,31.91,29.1,17,17.19,7.4,639.24,34.3,1880|3920|2872|9520|10452|9528|444|12496|16704|19124|21288|25856|16008|16836|14796|27432|2220|23800|9052
2026-08-26T12:25:26.6280021-07:00,2,57,841,24576,3.4,9.36,31.91,29.3,7,17.2,7.4,639.24,34.3,1880|3920|2872|9520|10452|9528|444|12496|16704|19124|21288|25856|16008|16836|14796|27432|2220|23800|9052
2026-08-26T12:26:12.9138320-07:00,2,56,894,24576,3.6,9.63,31.91,30.2,17,17.19,7.4,639.24,34.3,1880|3920|2872|9520|10452|9528|444|12496|16704|19124|21288|25856|16008|16836|14796|27432|2220|23800|9052
2026-08-26T12:26:59.2293137-07:00,3,55,890,24576,3.6,9.23,31.91,28.9,3,17.18,7.4,639.24,34.3,1880|3920|2872|9520|10452|9528|444|12496|16704|19124|21288|25856|16008|16836|14796|27432|2220|23800|9052
2026-08-26T12:27:45.4748162-07:00,0,55,890,24576,3.6,9.93,31.91,31.1,59,17.18,7.4,639.24,34.3,1880|3920|2872|9520|10452|9528|444|12496|16704|19124|21288|25856|16008|16836|14796|27432|2220|23800|9052
2026-08-26T12:28:31.8457928-07:00,2,54,890,24576,3.6,11.16,31.91,35,2,17.18,7.4,639.24,34.3,1880|3920|2872|9520|10452|9528|444|12496|16704|19124|21288|25856|16008|16836|14796|27432|2220|23800|9052
2026-08-26T12:29:18.1099081-07:00,2,54,890,24576,3.6,9.1,31.91,28.5,3,17.18,7.4,639.24,34.3,1880|3920|2872|9520|10452|9528|444|12496|16704|19124|21288|25856|16008|16836|14796|27432|2220|23800|9052
2026-08-26T12:30:04.3771886-07:00,2,53,806,24576,3.3,9.29,31.91,29.1,9,17.17,7.4,639.24,34.3,1880|3920|2872|9520|10452|9528|444|12496|16704|19124|21288|25856|16008|16836|14796|27432|2220|23800|9052
2026-08-26T12:30:50.6258346-07:00,0,53,806,24576,3.3,9.24,31.91,29,9,17.16,7.4,639.24,34.3,1880|3920|2872|9520|10452|9528|444|12496|16704|19124|21288|25856|16008|16836|14796|27432|2220|23800|9052
2026-08-26T12:31:36.9023995-07:00,2,53,805,24576,3.3,9.37,31.91,29.4,17,17.15,7.4,639.24,34.3,1880|3920|2872|9520|10452|9528|444|12496|16704|19124|21288|25856|16008|16836|14796|27432|2220|23800|9052
2026-08-26T12:32:23.1661614-07:00,0,52,805,24576,3.3,9.23,31.91,28.9,7,17.16,7.4,639.24,34.3,1880|3920|2872|9520|10452|9528|444|12496|16704|19124|21288|25856|16008|16836|14796|27432|2220|23800|9052
2026-08-26T12:33:09.4271812-07:00,0,52,789,24576,3.2,9.4,31.91,29.5,4,17.16,7.4,639.24,34.3,1880|3920|2872|9520|10452|9528|444|12496|16704|19124|21288|25856|16008|16836|14796|27432|2220|23800|9052
2026-08-26T12:33:55.6598045-07:00,0,52,789,24576,3.2,9.21,31.91,28.9,3,17.16,7.4,639.24,34.3,1880|3920|2872|9520|10452|9528|444|12496|16704|19124|21288|25856|16008|16836|14796|27432|2220|23800|9052
2026-08-26T12:34:41.9249222-07:00,0,52,789,24576,3.2,9.26,31.91,29,1,17.16,7.4,639.24,34.3,1880|3920|2872|9520|10452|9528|444|12496|16704|19124|21288|25856|16008|16836|14796|27432|2220|23800|9052
2026-08-26T12:35:28.1717477-07:00,0,52,701,24576,2.9,9.39,31.91,29.4,6,17.16,7.4,639.24,34.3,1880|3920|2872|9520|10452|9528|444|12496|16704|19124|21288|25856|16008|16836|14796|27432|2220|23800|9052
2026-08-26T12:36:14.4258892-07:00,0,52,701,24576,2.9,9.35,31.91,29.3,7,17.16,7.4,639.24,34.3,1880|3920|2872|9520|10452|9528|444|12496|16704|19124|21288|25856|16008|16836|14796|27432|2220|23800|9052
2026-08-26T12:37:00.6783625-07:00,0,51,701,24576,2.9,9.08,31.91,28.5,1,17.16,7.4,639.24,34.3,1880|3920|2872|9520|10452|9528|444|12496|16704|19124|21288|25856|16008|16836|14796|27432|2220|23800|9052
2026-08-26T12:37:46.9428544-07:00,6,51,701,24576,2.9,9.1,31.91,28.5,6,17.16,7.4,639.24,34.3,1880|3920|2872|9520|10452|9528|444|12496|16704|19124|21288|25856|16008|16836|14796|27432|2220|23800|9052
2026-08-26T12:38:33.2224441-07:00,4,51,701,24576,2.9,9.1,31.91,28.5,12,17.16,7.4,639.24,34.3,1880|3920|2872|9520|10452|9528|444|12496|16704|19124|21288|25856|16008|16836|14796|27432|2220|23800|9052
2026-08-26T12:39:19.5181149-07:00,4,54,578,24576,2.4,9.19,31.91,28.8,7,17.14,7.4,639.24,34.3,1880|3920|2872|9520|10452|9528|444|12496|16704|19124|21288|25856|16008|16836|14796|27432|2220|23800|9052
2026-08-26T12:40:05.7836264-07:00,2,52,576,24576,2.3,8.59,31.91,26.9,7,17.14,7.4,639.24,34.3,1880|3920|2872|9520|10452|9528|444|12496|16704|19124|21288|25856|16008|16836|14796|27432|2220|23800|9052
2026-08-26T12:40:52.0686503-07:00,2,51,570,24576,2.3,8.84,31.91,27.7,2,17.14,7.4,639.24,34.3,1880|3920|2872|9520|10452|9528|444|12496|16704|19124|21288|25856|16008|16836|14796|27432|2220|23800|9052
2026-08-26T12:41:38.3459559-07:00,2,51,565,24576,2.3,8.71,31.91,27.3,1,17.14,7.4,639.25,34.3,1880|3920|2872|9520|10452|9528|444|12496|16704|19124|21288|25856|16008|16836|14796|27432|2220|23800|9052
2026-08-26T12:42:24.6131791-07:00,1,51,565,24576,2.3,8.57,31.91,26.9,10,17.14,7.4,639.25,34.3,1880|3920|2872|9520|10452|9528|444|12496|16704|19124|21288|25856|16008|16836|14796|27432|2220|23800|9052
2026-08-26T12:43:10.8745200-07:00,3,51,565,24576,2.3,8.66,31.91,27.1,16,17.14,7.4,639.25,34.3,1880|3920|2872|9520|10452|9528|444|12496|16704|19124|21288|25856|16008|16836|14796|27432|2220|23800|9052
2026-08-26T12:43:57.1661870-07:00,2,51,559,24576,2.3,8.83,31.91,27.7,23,17.12,7.4,639.25,34.3,1880|3920|2872|9520|10452|9528|444|12496|16704|19124|21288|25856|16008|16836|14796|27432|2220|23800|9052
2026-08-26T12:44:43.4560731-07:00,0,51,557,24576,2.3,8.5,31.91,26.6,2,17.12,7.4,639.25,34.3,1880|3920|2872|9520|10452|9528|444|12496|16704|19124|21288|25856|16008|16836|14796|27432|2220|23800|9052
2026-08-26T12:45:29.7190376-07:00,0,51,548,24576,2.2,8.74,31.91,27.4,1,17.11,7.4,639.25,34.3,1880|3920|2872|9520|10452|9528|444|12496|16704|19124|21288|25856|16008|16836|14796|27432|2220|23800|9052
2026-08-26T12:46:15.9628569-07:00,0,51,548,24576,2.2,8.77,31.91,27.5,4,17.11,7.4,639.25,34.3,1880|3920|2872|9520|10452|9528|444|12496|16704|19124|21288|25856|16008|16836|14796|27432|2220|23800|9052
2026-08-26T12:47:02.2406356-07:00,0,51,548,24576,2.2,8.51,31.91,26.7,7,17.11,7.4,639.25,34.3,1880|3920|2872|9520|10452|9528|444|12496|16704|19124|21288|25856|16008|16836|14796|27432|2220|23800|9052
2026-08-26T12:47:48.4785916-07:00,0,51,548,24576,2.2,8.51,31.91,26.7,3,17.11,7.4,639.25,34.3,1880|3920|2872|9520|10452|9528|444|12496|16704|19124|21288|25856|16008|16836|14796|27432|2220|23800|9052
2026-08-26T12:48:34.7320482-07:00,0,50,552,24576,2.2,8.5,31.91,26.6,3,17.11,7.4,639.25,34.3,1880|3920|2872|9520|10452|9528|444|12496|16704|19124|21288|25856|16008|16836|14796|27432|2220|23800|9052
2026-08-26T12:49:20.9658670-07:00,0,51,552,24576,2.2,8.5,31.91,26.6,6,17.11,7.4,639.25,34.3,1880|3920|2872|9520|10452|9528|444|12496|16704|19124|21288|25856|16008|16836|14796|27432|2220|23800|9052
2026-08-26T12:50:07.2303666-07:00,0,51,552,24576,2.2,8.52,31.91,26.7,3,17.11,7.4,639.25,34.3,1880|3920|2872|9520|10452|9528|444|12496|16704|19124|21288|25856|16008|16836|14796|27432|2220|23800|9052
2026-08-26T12:50:53.4958659-07:00,0,50,552,24576,2.2,8.65,31.91,27.1,4,17.1,7.4,639.25,34.3,1880|3920|2872|9520|10452|9528|444|12496|16704|19124|21288|25856|16008|16836|14796|27432|2220|23800|9052
2026-08-26T12:51:39.7443305-07:00,0,50,552,24576,2.2,8.62,31.91,27,6,17.1,7.4,639.25,34.3,1880|3920|2872|9520|10452|9528|444|12496|16704|19124|21288|25856|16008|16836|14796|27432|2220|23800|9052
2026-08-26T12:52:25.9835761-07:00,0,50,552,24576,2.2,8.49,31.91,26.6,6,17.1,7.4,639.25,34.3,1880|3920|2872|9520|10452|9528|444|12496|16704|19124|21288|25856|16008|16836|14796|27432|2220|23800|9052
2026-08-26T12:53:12.2435647-07:00,0,51,552,24576,2.2,8.67,31.91,27.2,3,17.1,7.4,639.25,34.3,1880|3920|2872|9520|10452|9528|444|12496|16704|19124|21288|25856|16008|16836|14796|27432|2220|23800|9052
2026-08-26T12:53:58.4780562-07:00,0,50,552,24576,2.2,8.49,31.91,26.6,3,17.1,7.4,639.25,34.3,1880|3920|2872|9520|10452|9528|444|12496|16704|19124|21288|25856|16008|16836|14796|27432|2220|23800|9052
2026-08-26T12:54:44.7567195-07:00,0,50,552,24576,2.2,8.5,31.91,26.6,3,17.1,7.4,639.25,34.3,1880|3920|2872|9520|10452|9528|444|12496|16704|19124|21288|25856|16008|16836|14796|27432|2220|23800|9052
2026-08-26T12:55:31.0043603-07:00,0,50,548,24576,2.2,8.69,31.91,27.2,3,17.12,7.4,639.25,34.3,1880|3920|2872|9520|10452|9528|444|12496|16704|19124|21288|25856|16008|16836|14796|27432|2220|23800|9052
2026-08-26T12:56:17.2561811-07:00,0,51,548,24576,2.2,8.72,31.91,27.3,8,17.11,7.4,639.25,34.3,1880|3920|2872|9520|10452|9528|444|12496|16704|19124|21288|25856|16008|16836|14796|27432|2220|23800|9052
2026-08-26T12:57:03.4947078-07:00,0,51,548,24576,2.2,8.51,31.91,26.7,2,17.11,7.4,639.25,34.3,1880|3920|2872|9520|10452|9528|444|12496|16704|19124|21288|25856|16008|16836|14796|27432|2220|23800|9052
2026-08-26T12:57:49.7375063-07:00,0,51,548,24576,2.2,8.49,31.91,26.6,2,17.11,7.4,639.25,34.3,1880|3920|2872|9520|10452|9528|444|12496|16704|19124|21288|25856|16008|16836|14796|27432|2220|23800|9052
2026-08-26T12:58:35.9988701-07:00,0,51,548,24576,2.2,8.48,31.91,26.6,5,17.11,7.4,639.25,34.3,1880|3920|2872|9520|10452|9528|444|12496|16704|19124|21288|25856|16008|16836|14796|27432|2220|23800|9052
2026-08-26T12:59:22.2615883-07:00,0,51,548,24576,2.2,8.49,31.91,26.6,3,17.11,7.4,639.25,34.3,1880|3920|2872|9520|10452|9528|444|12496|16704|19124|21288|25856|16008|16836|14796|27432|2220|23800|9052
2026-08-26T13:00:08.5133322-07:00,0,51,548,24576,2.2,8.49,31.91,26.6,1,17.11,7.4,639.25,34.3,1880|3920|2872|9520|10452|9528|444|12496|16704|19124|21288|25856|16008|16836|14796|27432|2220|23800|9052
2026-08-26T13:00:54.7698899-07:00,0,51,548,24576,2.2,8.64,31.91,27.1,8,17.11,7.4,639.25,34.3,1880|3920|2872|9520|10452|9528|444|12496|16704|19124|21288|25856|16008|16836|14796|27432|2220|23800|9052
2026-08-26T13:01:41.0239056-07:00,0,51,548,24576,2.2,8.67,31.91,27.2,1,17.11,7.4,639.25,34.3,1880|3920|2872|9520|10452|9528|444|12496|16704|19124|21288|25856|16008|16836|14796|27432|2220|23800|9052
2026-08-26T13:02:27.2871050-07:00,0,51,548,24576,2.2,8.57,31.91,26.9,4,17.11,7.4,639.25,34.3,1880|3920|2872|9520|10452|9528|444|12496|16704|19124|21288|25856|16008|16836|14796|27432|2220|23800|9052
2026-08-26T13:03:13.5451057-07:00,0,51,548,24576,2.2,8.54,31.91,26.8,5,17.11,7.4,639.25,34.3,1880|3920|2872|9520|10452|9528|444|12496|16704|19124|21288|25856|16008|16836|14796|27432|2220|23800|9052
2026-08-26T13:03:59.8160699-07:00,0,50,548,24576,2.2,8.53,31.91,26.7,5,17.11,7.4,639.25,34.3,1880|3920|2872|9520|10452|9528|444|12496|16704|19124|21288|25856|16008|16836|14796|27432|2220|23800|9052
2026-08-26T13:04:46.0571451-07:00,0,51,548,24576,2.2,8.55,31.91,26.8,3,17.11,7.4,639.25,34.3,1880|3920|2872|9520|10452|9528|444|12496|16704|19124|21288|25856|16008|16836|14796|27432|2220|23800|9052
2026-08-26T13:05:32.3017426-07:00,0,51,548,24576,2.2,8.74,31.91,27.4,8,17.11,7.4,639.25,34.3,1880|3920|2872|9520|10452|9528|444|12496|16704|19124|21288|25856|16008|16836|14796|27432|2220|23800|9052
2026-08-26T13:06:18.5480637-07:00,0,50,548,24576,2.2,8.73,31.91,27.4,4,17.11,7.4,639.25,34.3,1880|3920|2872|9520|10452|9528|444|12496|16704|19124|21288|25856|16008|16836|14796|27432|2220|23800|9052
2026-08-26T13:07:04.8151719-07:00,0,50,548,24576,2.2,8.53,31.91,26.7,4,17.11,7.4,639.25,34.3,1880|3920|2872|9520|10452|9528|444|12496|16704|19124|21288|25856|16008|16836|14796|27432|2220|23800|9052
2026-08-26T13:07:51.0581999-07:00,0,50,548,24576,2.2,8.5,31.91,26.6,2,17.11,7.4,639.25,34.3,1880|3920|2872|9520|10452|9528|444|12496|16704|19124|21288|25856|16008|16836|14796|27432|2220|23800|9052
2026-08-26T13:08:37.3211556-07:00,0,50,548,24576,2.2,8.49,31.91,26.6,2,17.11,7.4,639.25,34.3,1880|3920|2872|9520|10452|9528|444|12496|16704|19124|21288|25856|16008|16836|14796|27432|2220|23800|9052
2026-08-26T13:09:23.5593386-07:00,0,50,548,24576,2.2,8.49,31.91,26.6,1,17.11,7.4,639.25,34.3,1880|3920|2872|9520|10452|9528|444|12496|16704|19124|21288|25856|16008|16836|14796|27432|2220|23800|9052
2026-08-26T13:10:09.8003477-07:00,0,50,548,24576,2.2,8.48,31.91,26.6,1,17.11,7.4,639.25,34.3,1880|3920|2872|9520|10452|9528|444|12496|16704|19124|21288|25856|16008|16836|14796|27432|2220|23800|9052
2026-08-26T13:10:56.0529338-07:00,0,50,548,24576,2.2,8.64,31.91,27.1,0,17.11,7.4,639.25,34.3,1880|3920|2872|9520|10452|9528|444|12496|16704|19124|21288|25856|16008|16836|14796|27432|2220|23800|9052
2026-08-26T13:11:42.2949401-07:00,0,50,548,24576,2.2,8.66,31.91,27.1,11,17.11,7.4,639.25,34.3,1880|3920|2872|9520|10452|9528|444|12496|16704|19124|21288|25856|16008|16836|14796|27432|2220|23800|9052
2026-08-26T13:12:28.5474628-07:00,0,50,548,24576,2.2,8.48,31.91,26.6,1,17.11,7.4,639.25,34.3,1880|3920|2872|9520|10452|9528|444|12496|16704|19124|21288|25856|16008|16836|14796|27432|2220|23800|9052
2026-08-26T13:13:14.7854139-07:00,0,50,548,24576,2.2,8.48,31.91,26.6,1,17.11,7.4,639.25,34.3,1880|3920|2872|9520|10452|9528|444|12496|16704|19124|21288|25856|16008|16836|14796|27432|2220|23800|9052
2026-08-26T13:14:01.0360147-07:00,0,50,548,24576,2.2,8.47,31.91,26.5,3,17.11,7.4,639.25,34.3,1880|3920|2872|9520|10452|9528|444|12496|16704|19124|21288|25856|16008|16836|14796|27432|2220|23800|9052
2026-08-26T13:14:47.2892106-07:00,0,49,548,24576,2.2,8.47,31.91,26.5,2,17.11,7.4,639.25,34.3,1880|3920|2872|9520|10452|9528|444|12496|16704|19124|21288|25856|16008|16836|14796|27432|2220|23800|9052
2026-08-26T13:15:33.5385962-07:00,0,49,548,24576,2.2,8.67,31.91,27.2,1,17.11,7.4,639.25,34.3,1880|3920|2872|9520|10452|9528|444|12496|16704|19124|21288|25856|16008|16836|14796|27432|2220|23800|9052
2026-08-26T13:16:19.7616636-07:00,0,49,548,24576,2.2,8.65,31.91,27.1,0,17.11,7.4,639.25,34.3,1880|3920|2872|9520|10452|9528|444|12496|16704|19124|21288|25856|16008|16836|14796|27432|2220|23800|9052
2026-08-26T13:17:06.0155677-07:00,0,49,548,24576,2.2,8.48,31.91,26.6,0,17.11,7.4,639.25,34.3,1880|3920|2872|9520|10452|9528|444|12496|16704|19124|21288|25856|16008|16836|14796|27432|2220|23800|9052
2026-08-26T13:17:52.2674267-07:00,0,49,548,24576,2.2,8.47,31.91,26.5,0,17.11,7.4,639.25,34.3,1880|3920|2872|9520|10452|9528|444|12496|16704|19124|21288|25856|16008|16836|14796|27432|2220|23800|9052
2026-08-26T13:18:38.5244761-07:00,0,49,548,24576,2.2,8.48,31.91,26.6,1,17.11,7.4,639.25,34.3,1880|3920|2872|9520|10452|9528|444|12496|16704|19124|21288|25856|16008|16836|14796|27432|2220|23800|9052
2026-08-26T13:19:24.7944410-07:00,0,49,548,24576,2.2,8.47,31.91,26.5,3,17.11,7.4,639.25,34.3,1880|3920|2872|9520|10452|9528|444|12496|16704|19124|21288|25856|16008|16836|14796|27432|2220|23800|9052
2026-08-26T13:20:11.0336455-07:00,0,49,548,24576,2.2,8.51,31.91,26.7,2,17.11,7.4,639.25,34.3,1880|3920|2872|9520|10452|9528|444|12496|16704|19124|21288|25856|16008|16836|14796|27432|2220|23800|9052
2026-08-26T13:20:57.2978940-07:00,0,49,548,24576,2.2,8.63,31.91,27,0,17.11,7.4,639.25,34.3,1880|3920|2872|9520|10452|9528|444|12496|16704|19124|21288|25856|16008|16836|14796|27432|2220|23800|9052
2026-08-26T13:21:43.5496711-07:00,0,49,548,24576,2.2,8.48,31.91,26.6,1,17.11,7.4,639.25,34.3,1880|3920|2872|9520|10452|9528|444|12496|16704|19124|21288|25856|16008|16836|14796|27432|2220|23800|9052
2026-08-26T13:22:29.8063732-07:00,0,49,548,24576,2.2,8.51,31.91,26.7,4,17.11,7.4,639.25,34.3,1880|3920|2872|9520|10452|9528|444|12496|16704|19124|21288|25856|16008|16836|14796|27432|2220|23800|9052
2026-08-26T13:23:16.0587186-07:00,0,49,548,24576,2.2,8.48,31.91,26.6,4,17.11,7.4,639.25,34.3,1880|3920|2872|9520|10452|9528|444|12496|16704|19124|21288|25856|16008|16836|14796|27432|2220|23800|9052
2026-08-26T13:24:02.3051483-07:00,0,49,548,24576,2.2,8.47,31.91,26.5,1,17.11,7.4,639.25,34.3,1880|3920|2872|9520|10452|9528|444|12496|16704|19124|21288|25856|16008|16836|14796|27432|2220|23800|9052
2026-08-26T13:24:48.5550538-07:00,0,49,548,24576,2.2,8.47,31.91,26.5,1,17.11,7.4,639.25,34.3,1880|3920|2872|9520|10452|9528|444|12496|16704|19124|21288|25856|16008|16836|14796|27432|2220|23800|9052
2026-08-26T13:25:34.8049066-07:00,0,49,548,24576,2.2,8.69,31.91,27.2,2,17.11,7.4,639.25,34.3,1880|3920|2872|9520|10452|9528|444|12496|16704|19124|21288|25856|16008|16836|14796|27432|2220|23800|9052
2026-08-26T13:26:21.0427151-07:00,0,49,548,24576,2.2,8.66,31.91,27.1,2,17.11,7.4,639.25,34.3,1880|3920|2872|9520|10452|9528|444|12496|16704|19124|21288|25856|16008|16836|14796|27432|2220|23800|9052
2026-08-26T13:27:07.3065045-07:00,0,49,548,24576,2.2,8.47,31.91,26.5,2,17.11,7.4,639.25,34.3,1880|3920|2872|9520|10452|9528|444|12496|16704|19124|21288|25856|16008|16836|14796|27432|2220|23800|9052
2026-08-26T13:27:53.5489992-07:00,0,49,548,24576,2.2,8.47,31.91,26.5,4,17.11,7.4,639.25,34.3,1880|3920|2872|9520|10452|9528|444|12496|16704|19124|21288|25856|16008|16836|14796|27432|2220|23800|9052
2026-08-26T13:28:39.8051367-07:00,0,48,548,24576,2.2,8.47,31.91,26.5,5,17.11,7.4,639.25,34.3,1880|3920|2872|9520|10452|9528|444|12496|16704|19124|21288|25856|16008|16836|14796|27432|2220|23800|9052
2026-08-26T13:29:26.0473728-07:00,0,49,548,24576,2.2,8.47,31.91,26.5,4,17.11,7.4,639.25,34.3,1880|3920|2872|9520|10452|9528|444|12496|16704|19124|21288|25856|16008|16836|14796|27432|2220|23800|9052
2026-08-26T13:30:12.2865877-07:00,0,49,548,24576,2.2,8.47,31.91,26.5,1,17.11,7.4,639.25,34.3,1880|3920|2872|9520|10452|9528|444|12496|16704|19124|21288|25856|16008|16836|14796|27432|2220|23800|9052
2026-08-26T13:30:58.5262175-07:00,0,49,548,24576,2.2,8.61,31.91,27,2,17.11,7.4,639.25,34.3,1880|3920|2872|9520|10452|9528|444|12496|16704|19124|21288|25856|16008|16836|14796|27432|2220|23800|9052
2026-08-26T13:31:44.7823253-07:00,0,48,548,24576,2.2,8.48,31.91,26.6,4,17.11,7.4,639.25,34.3,1880|3920|2872|9520|10452|9528|444|12496|16704|19124|21288|25856|16008|16836|14796|27432|2220|23800|9052
2026-08-26T13:32:31.0178061-07:00,0,49,578,24576,2.4,8.55,31.91,26.8,11,17.11,7.4,639.25,34.3,1880|3920|2872|9520|10452|9528|444|12496|16704|19124|21288|25856|16008|16836|14796|27432|2220|23800|9052
2026-08-26T13:33:17.3120023-07:00,0,50,717,24576,2.9,9,31.91,28.2,4,17.09,7.4,639.25,34.3,1880|3920|2872|9520|10452|9528|444|12496|16704|19124|21288|25856|16008|16836|14796|27432|2220|23800|9052
2026-08-26T13:34:03.5743856-07:00,17,50,661,24576,2.7,9.23,31.91,28.9,3,17.09,7.4,639.25,34.3,1880|3920|2872|9520|10452|9528|444|12496|16704|19124|21288|25856|16008|16836|14796|27432|2220|23800|9052
2026-08-26T13:34:49.8158442-07:00,6,50,671,24576,2.7,9.4,31.91,29.5,5,17.07,7.4,639.25,34.3,1880|3920|2872|9520|10452|9528|444|12496|16704|19124|21288|25856|16008|16836|14796|27432|2220|23800|9052
2026-08-26T13:35:36.0749728-07:00,4,50,598,24576,2.4,9.23,31.91,28.9,7,17.05,7.4,639.25,34.3,1880|3920|2872|9520|10452|9528|444|12496|16704|19124|21288|25856|16008|16836|14796|27432|2220|23800|9052
2026-08-26T13:36:22.3387755-07:00,0,50,582,24576,2.4,9.24,31.91,29,7,17.05,7.4,639.25,34.3,1880|3920|2872|9520|10452|9528|444|12496|16704|19124|21288|25856|16008|16836|14796|27432|2220|23800|9052
2026-08-26T13:37:08.6011308-07:00,4,50,579,24576,2.4,9.29,31.91,29.1,16,17.05,7.4,639.25,34.3,1880|3920|2872|9520|10452|9528|444|12496|16704|19124|21288|25856|16008|16836|14796|27432|2220|23800|9052
2026-08-26T13:37:54.8686971-07:00,0,50,579,24576,2.4,9.21,31.91,28.9,5,17.05,7.4,639.25,34.3,1880|3920|2872|9520|10452|9528|444|12496|16704|19124|21288|25856|16008|16836|14796|27432|2220|23800|9052
2026-08-26T13:38:41.1322842-07:00,0,49,579,24576,2.4,8.92,31.91,28,1,17.05,7.4,639.25,34.3,1880|3920|2872|9520|10452|9528|444|12496|16704|19124|21288|25856|16008|16836|14796|27432|2220|23800|9052
2026-08-26T13:39:27.3940917-07:00,0,50,575,24576,2.3,9.13,31.91,28.6,3,17.05,7.4,639.25,34.3,1880|3920|2872|9520|10452|9528|444|12496|16704|19124|21288|25856|16008|16836|14796|27432|2220|23800|9052
2026-08-26T13:40:13.6490444-07:00,2,50,567,24576,2.3,9.16,31.91,28.7,14,17.05,7.4,639.25,34.3,1880|3920|2872|9520|10452|9528|444|12496|16704|19124|21288|25856|16008|16836|14796|27432|2220|23800|9052
2026-08-26T13:40:59.9309374-07:00,33,50,1021,24576,4.2,9.97,31.91,31.2,26,17,7.4,639.25,34.3,1880|3920|2872|9520|10452|9528|444|12496|16704|19124|21288|25856|16008|16836|14796|27432|2220|23800|9052
2026-08-26T13:41:46.2288046-07:00,15,50,828,24576,3.4,9.75,31.91,30.6,10,16.99,7.3,639.25,34.3,1880|3920|2872|9520|10452|9528|444|12496|16704|19124|21288|25856|16008|16836|14796|27432|2220|23800|9052
2026-08-26T13:42:32.5591256-07:00,2,50,881,24576,3.6,9.63,31.91,30.2,15,16.98,7.3,639.25,34.3,1880|3920|2872|9520|10452|9528|444|12496|16704|19124|21288|25856|16008|16836|14796|27432|2220|23800|9052
2026-08-26T13:43:18.8481744-07:00,10,50,784,24576,3.2,9.68,31.91,30.3,19,16.97,7.3,639.25,34.3,1880|3920|2872|9520|10452|9528|444|12496|16704|19124|21288|25856|16008|16836|14796|27432|2220|23800|9052
2026-08-26T13:44:05.1346803-07:00,8,50,783,24576,3.2,9.62,31.91,30.1,10,16.97,7.3,639.25,34.3,1880|3920|2872|9520|10452|9528|444|12496|16704|19124|21288|25856|16008|16836|14796|27432|2220|23800|9052
2026-08-26T13:44:51.3849273-07:00,23,50,784,24576,3.2,9.66,31.91,30.3,10,16.95,7.3,639.25,34.3,1880|3920|2872|9520|10452|9528|444|12496|16704|19124|21288|25856|16008|16836|14796|27432|2220|23800|9052
2026-08-26T13:45:37.6489550-07:00,21,50,811,24576,3.3,9.69,31.91,30.4,8,16.96,7.3,639.25,34.3,1880|3920|2872|9520|10452|9528|444|12496|16704|19124|21288|25856|16008|16836|14796|27432|2220|23800|9052
2026-08-26T13:46:23.9372394-07:00,20,50,787,24576,3.2,9.94,31.91,31.2,18,16.95,7.3,639.25,34.3,1880|3920|2872|9520|10452|9528|444|12496|16704|19124|21288|25856|16008|16836|14796|27432|2220|23800|9052
2026-08-26T13:47:10.2769665-07:00,19,50,784,24576,3.2,9.84,31.91,30.8,14,16.93,7.3,639.25,34.3,1880|3920|2872|9520|10452|9528|444|12496|16704|19124|21288|25856|16008|16836|14796|27432|2220|23800|9052
2026-08-26T13:47:56.5650624-07:00,14,50,765,24576,3.1,9.66,31.91,30.3,11,16.93,7.3,639.25,34.3,1880|3920|2872|9520|10452|9528|444|12496|16704|19124|21288|25856|16008|16836|14796|27432|2220|23800|9052
2026-08-26T13:48:42.8510575-07:00,5,50,782,24576,3.2,9.62,31.91,30.1,15,16.91,7.3,639.25,34.3,1880|3920|2872|9520|10452|9528|444|12496|16704|19124|21288|25856|16008|16836|14796|27432|2220|23800|9052
2026-08-26T13:49:29.1460430-07:00,16,51,785,24576,3.2,9.79,31.91,30.7,11,16.91,7.3,639.25,34.3,1880|3920|2872|9520|10452|9528|444|12496|16704|19124|21288|25856|16008|16836|14796|27432|2220|23800|9052
2026-08-26T13:50:15.4454372-07:00,13,51,781,24576,3.2,9.69,31.91,30.4,8,16.9,7.3,639.25,34.3,1880|3920|2872|9520|10452|9528|444|12496|16704|19124|21288|25856|16008|16836|14796|27432|2220|23800|9052
2026-08-26T13:51:01.7407345-07:00,22,51,765,24576,3.1,9.9,31.91,31,13,16.9,7.3,639.25,34.3,1880|3920|2872|9520|10452|9528|444|12496|16704|19124|21288|25856|16008|16836|14796|27432|2220|23800|9052
2026-08-26T13:51:48.0376950-07:00,17,53,1071,24576,4.4,10.22,31.91,32,36,16.88,7.3,639.25,34.3,1880|3920|2872|9520|10452|9528|444|12496|16704|19124|21288|25856|16008|16836|14796|27432|2220|9052|4120
2026-08-26T13:52:34.3696878-07:00,0,52,923,24576,3.8,9.86,31.91,30.9,26,16.89,7.3,639.25,34.3,1880|3920|2872|9520|10452|9528|444|12496|16704|19124|21288|25856|16008|16836|14796|27432|2220|9052|4120
2026-08-26T13:53:20.6955948-07:00,32,52,858,24576,3.5,9.86,31.91,30.9,36,16.87,7.3,639.25,34.3,1880|3920|2872|9520|10452|9528|444|12496|16704|19124|21288|25856|16008|16836|14796|27432|2220|9052|4120
2026-08-26T13:54:07.0035423-07:00,0,52,836,24576,3.4,9.62,31.91,30.1,8,16.86,7.3,639.25,34.3,1880|3920|2872|9520|10452|9528|444|12496|16704|19124|21288|25856|16008|16836|14796|27432|2220|9052|4120
2026-08-26T13:54:53.3005701-07:00,0,52,823,24576,3.3,9.55,31.91,29.9,3,16.86,7.3,639.25,34.3,1880|3920|2872|9520|10452|9528|444|12496|16704|19124|21288|25856|16008|16836|14796|27432|2220|9052|4120
2026-08-26T13:55:39.5774417-07:00,4,52,547,24576,2.2,7.51,31.91,23.5,4,16.88,7.3,639.25,34.3,1880|3920|2872|9520|10452|9528|444|12496|16704|19124|21288|25856|16008|16836|14796|9052|4120
2026-08-26T13:56:25.8385318-07:00,2,52,547,24576,2.2,7.52,31.91,23.6,7,16.88,7.3,639.25,34.3,1880|3920|2872|9520|10452|9528|444|12496|16704|19124|21288|25856|16008|16836|14796|9052|4120
2026-08-26T13:57:12.0802100-07:00,2,52,547,24576,2.2,7.75,31.91,24.3,6,16.88,7.3,639.25,34.3,1880|3920|2872|9520|10452|9528|444|12496|16704|19124|21288|25856|16008|16836|14796|9052|4120
2026-08-26T13:57:58.3672563-07:00,2,51,547,24576,2.2,7.74,31.91,24.3,7,16.87,7.3,639.25,34.3,1880|3920|2872|9520|10452|9528|444|12496|16704|19124|21288|25856|16008|16836|14796|9052|4120
2026-08-26T13:58:44.6365707-07:00,6,54,657,24576,2.7,8.02,31.91,25.1,18,16.85,7.3,639.25,34.3,1880|3920|2872|9520|10452|9528|444|12496|16704|19124|21288|25856|16008|16836|14796|9052|4120|25416|13808
2026-08-26T13:59:30.9738645-07:00,4,53,754,24576,3.1,8.68,31.91,27.2,3,16.82,7.3,639.25,34.3,1880|3920|2872|9520|10452|9528|444|12496|16704|19124|21288|25856|16008|16836|14796|9052|4120|13808|22768
2026-08-26T14:00:17.2240133-07:00,0,52,693,24576,2.8,8.48,31.91,26.6,7,16.81,7.3,639.25,34.3,1880|3920|2872|9520|10452|9528|444|12496|16704|19124|21288|25856|16008|16836|14796|9052|4120|13808|22768
2026-08-26T14:01:03.4990191-07:00,0,53,693,24576,2.8,8.47,31.91,26.5,9,16.81,7.3,639.25,34.3,1880|3920|2872|9520|10452|9528|444|12496|16704|19124|21288|25856|16008|16836|14796|9052|4120|13808|22768
2026-08-26T14:01:49.7475755-07:00,0,52,689,24576,2.8,8.5,31.91,26.6,3,16.79,7.3,639.25,34.3,1880|3920|2872|9520|10452|9528|444|12496|16704|19124|21288|25856|16008|16836|14796|9052|4120|13808|22768
2026-08-26T14:02:36.0402683-07:00,9,52,783,24576,3.2,8.65,31.91,27.1,20,16.8,7.3,639.25,34.3,1880|3920|2872|9520|10452|9528|444|12496|16704|19124|21288|25856|16008|16836|14796|9052|13808|22768|1564
2026-08-26T14:03:22.2880288-07:00,0,52,706,24576,2.9,8.48,31.91,26.6,1,16.79,7.3,639.25,34.3,1880|3920|2872|9520|10452|9528|444|12496|16704|19124|21288|25856|16008|16836|14796|9052|13808|22768|1564
2026-08-26T14:04:08.5625914-07:00,2,52,706,24576,2.9,8.45,31.91,26.5,12,16.78,7.3,639.25,34.3,1880|3920|2872|9520|10452|9528|444|12496|16704|19124|21288|25856|16008|16836|14796|9052|13808|22768|1564
2026-08-26T14:04:54.8135234-07:00,0,51,706,24576,2.9,8.47,31.91,26.5,12,16.8,7.3,639.25,34.3,1880|3920|2872|9520|10452|9528|444|12496|16704|19124|21288|25856|16008|16836|14796|9052|13808|22768|1564
2026-08-26T14:05:41.0753106-07:00,0,51,685,24576,2.8,8.48,31.91,26.6,7,16.77,7.3,639.25,34.3,1880|3920|2872|9520|10452|9528|444|12496|16704|19124|21288|25856|16008|16836|14796|9052|13808|22768|1564
2026-08-26T14:06:27.3107678-07:00,0,51,686,24576,2.8,8.42,31.91,26.4,5,16.77,7.3,639.25,34.3,1880|3920|2872|9520|10452|9528|444|12496|16704|19124|21288|25856|16008|16836|14796|9052|13808|22768|1564
2026-08-26T14:07:13.5653937-07:00,0,51,686,24576,2.8,8.53,31.91,26.7,7,17.45,7.5,639.25,34.3,1880|3920|2872|9520|10452|9528|444|12496|16704|19124|21288|25856|16008|16836|14796|9052|13808|22768|1564
2026-08-26T14:07:59.8251686-07:00,0,51,686,24576,2.8,8.96,31.91,28.1,26,17.05,7.4,639.25,34.3,1880|3920|2872|9520|10452|9528|444|12496|16704|19124|21288|25856|16008|16836|14796|9052|13808|22768|1564
2026-08-26T14:08:47.1230555-07:00,0,51,687,24576,2.8,10.76,31.91,33.7,5,16.74,7.2,639.25,34.3,1880|3920|2872|9520|10452|9528|444|12496|16704|19124|21288|25856|16008|16836|14796|9052|13808|22768|1564
2026-08-26T14:09:33.3775984-07:00,0,51,710,24576,2.9,13.47,31.91,42.2,3,16.74,7.2,639.25,34.3,1880|3920|2872|9520|10452|9528|444|12496|16704|19124|21288|25856|16008|16836|14796|9052|13808|22768|1564
2026-08-26T14:10:19.6484230-07:00,0,51,686,24576,2.8,13.43,31.91,42.1,4,16.74,7.2,639.25,34.3,1880|3920|2872|9520|10452|9528|444|12496|16704|19124|21288|25856|16008|16836|14796|9052|13808|22768|1564
2026-08-26T14:11:05.9057265-07:00,0,51,685,24576,2.8,13.33,31.91,41.8,6,16.74,7.2,639.25,34.3,1880|3920|2872|9520|10452|9528|444|12496|16704|19124|21288|25856|16008|16836|14796|9052|13808|22768|1564
2026-08-26T14:11:52.1795368-07:00,2,51,685,24576,2.8,11.67,31.91,36.6,5,16.74,7.2,639.25,34.3,1880|3920|2872|9520|10452|9528|444|12496|16704|19124|21288|25856|16008|16836|14796|9052|13808|22768|1564
2026-08-26T14:12:38.4420024-07:00,0,51,687,24576,2.8,10.48,31.91,32.8,9,16.74,7.2,639.25,34.3,1880|3920|2872|9520|10452|9528|444|12496|16704|19124|21288|25856|16008|16836|14796|9052|13808|22768|1564
2026-08-26T14:13:24.7204364-07:00,0,51,685,24576,2.8,9.68,31.91,30.3,4,16.74,7.2,639.25,34.3,1880|3920|2872|9520|10452|9528|444|12496|16704|19124|21288|25856|16008|16836|14796|9052|13808|22768|1564
2026-08-26T14:14:10.9737763-07:00,0,51,685,24576,2.8,9.24,31.91,29,4,16.74,7.2,639.25,34.3,1880|3920|2872|9520|10452|9528|444|12496|16704|19124|21288|25856|16008|16836|14796|9052|13808|22768|1564
2026-08-26T14:14:57.2398331-07:00,1,51,685,24576,2.8,8.89,31.91,27.9,4,16.74,7.2,639.25,34.3,1880|3920|2872|9520|10452|9528|444|12496|16704|19124|21288|25856|16008|16836|14796|9052|13808|22768|1564
2026-08-26T14:15:43.4998400-07:00,0,51,685,24576,2.8,8.71,31.91,27.3,2,16.74,7.2,639.25,34.3,1880|3920|2872|9520|10452|9528|444|12496|16704|19124|21288|25856|16008|16836|14796|9052|13808|22768|1564
2026-08-26T14:16:29.7637997-07:00,0,50,702,24576,2.9,8.67,31.91,27.2,3,16.73,7.2,639.25,34.3,1880|3920|2872|9520|10452|9528|444|12496|16704|19124|21288|25856|16008|16836|14796|9052|13808|22768|1564
2026-08-26T14:17:16.0318989-07:00,0,50,687,24576,2.8,8.63,31.91,27,2,16.72,7.2,639.25,34.3,1880|3920|2872|9520|10452|9528|444|12496|16704|19124|21288|25856|16008|16836|14796|9052|13808|22768|1564
2026-08-26T14:18:02.3199939-07:00,0,50,687,24576,2.8,8.76,31.91,27.5,2,16.7,7.2,639.25,34.3,1880|3920|2872|9520|10452|9528|444|12496|16704|19124|21288|25856|16008|16836|14796|9052|13808|22768|1564
2026-08-26T14:18:48.5790652-07:00,0,50,687,24576,2.8,8.71,31.91,27.3,0,16.7,7.2,639.25,34.3,1880|3920|2872|9520|10452|9528|444|12496|16704|19124|21288|25856|16008|16836|14796|9052|13808|22768|1564
2026-08-26T14:19:34.8437658-07:00,0,50,687,24576,2.8,8.77,31.91,27.5,0,16.69,7.2,639.25,34.3,1880|3920|2872|9520|10452|9528|444|12496|16704|19124|21288|25856|16008|16836|14796|9052|13808|22768|1564
2026-08-26T14:20:21.1223201-07:00,0,50,687,24576,2.8,8.65,31.91,27.1,0,16.68,7.2,639.25,34.3,1880|3920|2872|9520|10452|9528|444|12496|16704|19124|21288|25856|16008|16836|14796|9052|13808|22768|1564
2026-08-26T14:21:07.3766531-07:00,0,50,687,24576,2.8,8.61,31.91,27,4,16.68,7.2,639.25,34.3,1880|3920|2872|9520|10452|9528|444|12496|16704|19124|21288|25856|16008|16836|14796|9052|13808|22768|1564
2026-08-26T14:21:53.6117574-07:00,0,49,687,24576,2.8,8.62,31.91,27,1,16.68,7.2,639.25,34.3,1880|3920|2872|9520|10452|9528|444|12496|16704|19124|21288|25856|16008|16836|14796|9052|13808|22768|1564
2026-08-26T14:22:39.8514743-07:00,0,49,687,24576,2.8,8.61,31.91,27,0,16.67,7.2,639.25,34.3,1880|3920|2872|9520|10452|9528|444|12496|16704|19124|21288|25856|16008|16836|14796|9052|13808|22768|1564
2026-08-26T14:23:26.1087878-07:00,0,49,687,24576,2.8,8.62,31.91,27,1,16.66,7.2,639.25,34.3,1880|3920|2872|9520|10452|9528|444|12496|16704|19124|21288|25856|16008|16836|14796|9052|13808|22768|1564
2026-08-26T14:24:12.3419928-07:00,0,49,687,24576,2.8,8.75,31.91,27.4,3,16.66,7.2,639.25,34.3,1880|3920|2872|9520|10452|9528|444|12496|16704|19124|21288|25856|16008|16836|14796|9052|13808|22768|1564
2026-08-26T14:24:58.5809192-07:00,0,49,687,24576,2.8,8.63,31.91,27,1,16.65,7.2,639.25,34.3,1880|3920|2872|9520|10452|9528|444|12496|16704|19124|21288|25856|16008|16836|14796|9052|13808|22768|1564
2026-08-26T14:25:44.8451490-07:00,0,49,687,24576,2.8,8.64,31.91,27.1,7,16.63,7.2,639.25,34.3,1880|3920|2872|9520|10452|9528|444|12496|16704|19124|21288|25856|16008|16836|14796|9052|13808|22768|1564
2026-08-26T14:26:31.1008185-07:00,0,49,687,24576,2.8,8.63,31.91,27,5,16.61,7.2,639.25,34.3,1880|3920|2872|9520|10452|9528|444|12496|16704|19124|21288|25856|16008|16836|14796|9052|13808|22768|1564
2026-08-26T14:27:17.3572334-07:00,0,49,687,24576,2.8,8.89,31.91,27.9,3,16.61,7.2,639.25,34.3,1880|3920|2872|9520|10452|9528|444|12496|16704|19124|21288|25856|16008|16836|14796|9052|13808|22768|1564
2026-08-26T14:28:03.6101070-07:00,0,49,687,24576,2.8,8.7,31.91,27.3,8,16.6,7.2,639.25,34.3,1880|3920|2872|9520|10452|9528|444|12496|16704|19124|21288|25856|16008|16836|14796|9052|13808|22768|1564
2026-08-26T14:28:49.9062398-07:00,0,49,687,24576,2.8,8.57,31.91,26.9,0,16.6,7.2,639.25,34.3,1880|3920|2872|9520|10452|9528|444|12496|16704|19124|21288|25856|16008|16836|14796|9052|13808|22768|1564
2026-08-26T14:29:36.1583521-07:00,0,49,687,24576,2.8,8.57,31.91,26.9,2,16.6,7.2,639.25,34.3,1880|3920|2872|9520|10452|9528|444|12496|16704|19124|21288|25856|16008|16836|14796|9052|13808|22768|1564
2026-08-26T14:30:22.4071005-07:00,0,49,687,24576,2.8,8.56,31.91,26.8,3,16.6,7.2,639.25,34.3,1880|3920|2872|9520|10452|9528|444|12496|16704|19124|21288|25856|16008|16836|14796|9052|13808|22768|1564
2026-08-26T14:31:08.6576974-07:00,0,49,687,24576,2.8,8.55,31.91,26.8,1,16.6,7.2,639.25,34.3,1880|3920|2872|9520|10452|9528|444|12496|16704|19124|21288|25856|16008|16836|14796|9052|13808|22768|1564
2026-08-26T14:31:54.9282526-07:00,0,49,687,24576,2.8,8.59,31.91,26.9,2,16.6,7.2,639.25,34.3,1880|3920|2872|9520|10452|9528|444|12496|16704|19124|21288|25856|16008|16836|14796|9052|13808|22768|1564
2026-08-26T14:32:41.1580873-07:00,0,49,687,24576,2.8,8.56,31.91,26.8,0,16.6,7.2,639.25,34.3,1880|3920|2872|9520|10452|9528|444|12496|16704|19124|21288|25856|16008|16836|14796|9052|13808|22768|1564
2026-08-26T14:33:27.4218775-07:00,0,49,687,24576,2.8,8.56,31.91,26.8,1,16.6,7.2,639.25,34.3,1880|3920|2872|9520|10452|9528|444|12496|16704|19124|21288|25856|16008|16836|14796|9052|13808|22768|1564
2026-08-26T14:34:13.6454829-07:00,0,49,687,24576,2.8,8.56,31.91,26.8,3,16.6,7.2,639.25,34.3,1880|3920|2872|9520|10452|9528|444|12496|16704|19124|21288|25856|16008|16836|14796|9052|13808|22768|1564
2026-08-26T14:34:59.9014036-07:00,0,49,687,24576,2.8,8.62,31.91,27,1,16.6,7.2,639.25,34.3,1880|3920|2872|9520|10452|9528|444|12496|16704|19124|21288|25856|16008|16836|14796|9052|13808|22768|1564
2026-08-26T14:35:46.1346747-07:00,0,49,687,24576,2.8,8.58,31.91,26.9,1,16.6,7.2,639.25,34.3,1880|3920|2872|9520|10452|9528|444|12496|16704|19124|21288|25856|16008|16836|14796|9052|13808|22768|1564
2026-08-26T14:36:32.3749124-07:00,0,49,687,24576,2.8,8.57,31.91,26.9,1,16.6,7.2,639.25,34.3,1880|3920|2872|9520|10452|9528|444|12496|16704|19124|21288|25856|16008|16836|14796|9052|13808|22768|1564
2026-08-26T14:37:18.6387277-07:00,0,49,687,24576,2.8,8.56,31.91,26.8,4,16.6,7.2,639.25,34.3,1880|3920|2872|9520|10452|9528|444|12496|16704|19124|21288|25856|16008|16836|14796|9052|13808|22768|1564
2026-08-26T14:38:04.8999768-07:00,0,49,687,24576,2.8,8.56,31.91,26.8,2,16.6,7.2,639.25,34.3,1880|3920|2872|9520|10452|9528|444|12496|16704|19124|21288|25856|16008|16836|14796|9052|13808|22768|1564
2026-08-26T14:38:51.1488145-07:00,0,49,687,24576,2.8,8.56,31.91,26.8,2,16.6,7.2,639.25,34.3,1880|3920|2872|9520|10452|9528|444|12496|16704|19124|21288|25856|16008|16836|14796|9052|13808|22768|1564
2026-08-26T14:39:37.4054563-07:00,0,49,687,24576,2.8,8.56,31.91,26.8,4,16.6,7.2,639.25,34.3,1880|3920|2872|9520|10452|9528|444|12496|16704|19124|21288|25856|16008|16836|14796|9052|13808|22768|1564
2026-08-26T14:40:23.6295476-07:00,0,49,687,24576,2.8,8.54,31.91,26.8,2,16.6,7.2,639.25,34.3,1880|3920|2872|9520|10452|9528|444|12496|16704|19124|21288|25856|16008|16836|14796|9052|13808|22768|1564
2026-08-26T14:41:09.8840104-07:00,0,49,687,24576,2.8,8.53,31.91,26.7,0,16.6,7.2,639.25,34.3,1880|3920|2872|9520|10452|9528|444|12496|16704|19124|21288|25856|16008|16836|14796|9052|13808|22768|1564
2026-08-26T14:41:56.1320037-07:00,0,49,687,24576,2.8,8.53,31.91,26.7,0,16.6,7.2,639.25,34.3,1880|3920|2872|9520|10452|9528|444|12496|16704|19124|21288|25856|16008|16836|14796|9052|13808|22768|1564
2026-08-26T14:42:42.3878917-07:00,0,49,687,24576,2.8,8.55,31.91,26.8,1,16.6,7.2,639.25,34.3,1880|3920|2872|9520|10452|9528|444|12496|16704|19124|21288|25856|16008|16836|14796|9052|13808|22768|1564
2026-08-26T14:43:28.6388110-07:00,0,49,687,24576,2.8,8.53,31.91,26.7,0,16.6,7.2,639.25,34.3,1880|3920|2872|9520|10452|9528|444|12496|16704|19124|21288|25856|16008|16836|14796|9052|13808|22768|1564
2026-08-26T14:44:14.8809913-07:00,0,49,687,24576,2.8,8.53,31.91,26.7,2,16.6,7.2,639.25,34.3,1880|3920|2872|9520|10452|9528|444|12496|16704|19124|21288|25856|16008|16836|14796|9052|13808|22768|1564
2026-08-26T14:45:01.1401006-07:00,0,49,687,24576,2.8,8.54,31.91,26.8,0,16.6,7.2,639.25,34.3,1880|3920|2872|9520|10452|9528|444|12496|16704|19124|21288|25856|16008|16836|14796|9052|13808|22768|1564
2026-08-26T14:45:47.3922027-07:00,0,49,687,24576,2.8,8.56,31.91,26.8,2,16.6,7.2,639.25,34.3,1880|3920|2872|9520|10452|9528|444|12496|16704|19124|21288|25856|16008|16836|14796|9052|13808|22768|1564
2026-08-26T14:46:33.6343003-07:00,0,49,687,24576,2.8,8.55,31.91,26.8,1,16.6,7.2,639.25,34.3,1880|3920|2872|9520|10452|9528|444|12496|16704|19124|21288|25856|16008|16836|14796|9052|13808|22768|1564
2026-08-26T14:47:19.9003234-07:00,0,49,687,24576,2.8,8.54,31.91,26.8,1,16.6,7.2,639.25,34.3,1880|3920|2872|9520|10452|9528|444|12496|16704|19124|21288|25856|16008|16836|14796|9052|13808|22768|1564
2026-08-26T14:48:06.1473650-07:00,0,49,687,24576,2.8,8.55,31.91,26.8,1,16.6,7.2,639.25,34.3,1880|3920|2872|9520|10452|9528|444|12496|16704|19124|21288|25856|16008|16836|14796|9052|13808|22768|1564
2026-08-26T14:48:52.3837014-07:00,0,49,687,24576,2.8,8.55,31.91,26.8,0,16.6,7.2,639.25,34.3,1880|3920|2872|9520|10452|9528|444|12496|16704|19124|21288|25856|16008|16836|14796|9052|13808|22768|1564
2026-08-26T14:49:38.6333760-07:00,0,49,687,24576,2.8,8.58,31.91,26.9,3,16.6,7.2,639.25,34.3,1880|3920|2872|9520|10452|9528|444|12496|16704|19124|21288|25856|16008|16836|14796|9052|13808|22768|1564
2026-08-26T14:50:24.8813357-07:00,0,49,687,24576,2.8,8.56,31.91,26.8,2,16.6,7.2,639.25,34.3,1880|3920|2872|9520|10452|9528|444|12496|16704|19124|21288|25856|16008|16836|14796|9052|13808|22768|1564
2026-08-26T14:51:11.1252179-07:00,0,49,687,24576,2.8,8.55,31.91,26.8,4,16.6,7.2,639.25,34.3,1880|3920|2872|9520|10452|9528|444|12496|16704|19124|21288|25856|16008|16836|14796|9052|13808|22768|1564
2026-08-26T14:51:57.3704128-07:00,0,49,687,24576,2.8,8.55,31.91,26.8,0,16.6,7.2,639.25,34.3,1880|3920|2872|9520|10452|9528|444|12496|16704|19124|21288|25856|16008|16836|14796|9052|13808|22768|1564
2026-08-26T14:52:43.5977488-07:00,0,49,687,24576,2.8,8.53,31.91,26.7,3,16.6,7.2,639.25,34.3,1880|3920|2872|9520|10452|9528|444|12496|16704|19124|21288|25856|16008|16836|14796|9052|13808|22768|1564
2026-08-26T14:53:29.8661373-07:00,0,49,687,24576,2.8,8.53,31.91,26.7,1,16.6,7.2,639.25,34.3,1880|3920|2872|9520|10452|9528|444|12496|16704|19124|21288|25856|16008|16836|14796|9052|13808|22768|1564
2026-08-26T14:54:16.1148320-07:00,0,49,687,24576,2.8,8.53,31.91,26.7,1,16.6,7.2,639.25,34.3,1880|3920|2872|9520|10452|9528|444|12496|16704|19124|21288|25856|16008|16836|14796|9052|13808|22768|1564
2026-08-26T14:55:02.3721992-07:00,0,49,687,24576,2.8,8.55,31.91,26.8,1,16.6,7.2,639.25,34.3,1880|3920|2872|9520|10452|9528|444|12496|16704|19124|21288|25856|16008|16836|14796|9052|13808|22768|1564
2026-08-26T14:55:48.6195377-07:00,0,49,687,24576,2.8,8.55,31.91,26.8,5,16.6,7.2,639.25,34.3,1880|3920|2872|9520|10452|9528|444|12496|16704|19124|21288|25856|16008|16836|14796|9052|13808|22768|1564
2026-08-26T14:56:34.8518664-07:00,0,49,687,24576,2.8,8.53,31.91,26.7,3,16.6,7.2,639.25,34.3,1880|3920|2872|9520|10452|9528|444|12496|16704|19124|21288|25856|16008|16836|14796|9052|13808|22768|1564
2026-08-26T14:57:21.0869342-07:00,0,49,687,24576,2.8,8.53,31.91,26.7,1,16.6,7.2,639.25,34.3,1880|3920|2872|9520|10452|9528|444|12496|16704|19124|21288|25856|16008|16836|14796|9052|13808|22768|1564
2026-08-26T14:58:07.3300599-07:00,0,49,687,24576,2.8,8.53,31.91,26.7,0,16.6,7.2,639.25,34.3,1880|3920|2872|9520|10452|9528|444|12496|16704|19124|21288|25856|16008|16836|14796|9052|13808|22768|1564
2026-08-26T14:58:53.5677691-07:00,0,49,687,24576,2.8,8.53,31.91,26.7,1,16.6,7.2,639.25,34.3,1880|3920|2872|9520|10452|9528|444|12496|16704|19124|21288|25856|16008|16836|14796|9052|13808|22768|1564
2026-08-26T14:59:39.8273625-07:00,0,49,687,24576,2.8,8.54,31.91,26.8,4,16.6,7.2,639.25,34.3,1880|3920|2872|9520|10452|9528|444|12496|16704|19124|21288|25856|16008|16836|14796|9052|13808|22768|1564
2026-08-26T15:00:26.0599025-07:00,0,49,687,24576,2.8,8.54,31.91,26.8,0,16.6,7.2,639.25,34.3,1880|3920|2872|9520|10452|9528|444|12496|16704|19124|21288|25856|16008|16836|14796|9052|13808|22768|1564
2026-08-26T15:01:12.3202049-07:00,0,49,687,24576,2.8,8.54,31.91,26.8,2,16.6,7.2,639.25,34.3,1880|3920|2872|9520|10452|9528|444|12496|16704|19124|21288|25856|16008|16836|14796|9052|13808|22768|1564
2026-08-26T15:01:58.5537055-07:00,0,49,687,24576,2.8,8.58,31.91,26.9,3,16.6,7.2,639.25,34.3,1880|3920|2872|9520|10452|9528|444|12496|16704|19124|21288|25856|16008|16836|14796|9052|13808|22768|1564
2026-08-26T15:02:44.8258771-07:00,0,49,687,24576,2.8,8.57,31.91,26.9,4,16.6,7.2,639.25,34.3,1880|3920|2872|9520|10452|9528|444|12496|16704|19124|21288|25856|16008|16836|14796|9052|13808|22768|1564
2026-08-26T15:03:31.0756245-07:00,0,49,687,24576,2.8,8.56,31.91,26.8,1,16.6,7.2,639.25,34.3,1880|3920|2872|9520|10452|9528|444|12496|16704|19124|21288|25856|16008|16836|14796|9052|13808|22768|1564
2026-08-26T15:04:17.3226543-07:00,0,49,687,24576,2.8,8.56,31.91,26.8,3,16.6,7.2,639.25,34.3,1880|3920|2872|9520|10452|9528|444|12496|16704|19124|21288|25856|16008|16836|14796|9052|13808|22768|1564
2026-08-26T15:05:03.5778311-07:00,0,49,687,24576,2.8,8.58,31.91,26.9,1,16.6,7.2,639.25,34.3,1880|3920|2872|9520|10452|9528|444|12496|16704|19124|21288|25856|16008|16836|14796|9052|13808|22768|1564
2026-08-26T15:05:49.8301965-07:00,0,49,687,24576,2.8,8.57,31.91,26.9,4,16.6,7.2,639.25,34.3,1880|3920|2872|9520|10452|9528|444|12496|16704|19124|21288|25856|16008|16836|14796|9052|13808|22768|1564
2026-08-26T15:06:36.0664342-07:00,0,49,687,24576,2.8,8.57,31.91,26.9,1,16.6,7.2,639.25,34.3,1880|3920|2872|9520|10452|9528|444|12496|16704|19124|21288|25856|16008|16836|14796|9052|13808|22768|1564
2026-08-26T15:07:22.3235408-07:00,0,49,687,24576,2.8,8.57,31.91,26.9,2,16.6,7.2,639.25,34.3,1880|3920|2872|9520|10452|9528|444|12496|16704|19124|21288|25856|16008|16836|14796|9052|13808|22768|1564
2026-08-26T15:08:08.5598684-07:00,0,49,687,24576,2.8,8.57,31.91,26.9,2,16.6,7.2,639.25,34.3,1880|3920|2872|9520|10452|9528|444|12496|16704|19124|21288|25856|16008|16836|14796|9052|13808|22768|1564
2026-08-26T15:08:54.8646029-07:00,0,49,687,24576,2.8,8.57,31.91,26.9,1,16.6,7.2,639.25,34.3,1880|3920|2872|9520|10452|9528|444|12496|16704|19124|21288|25856|16008|16836|14796|9052|13808|22768|1564
2026-08-26T15:09:41.1066848-07:00,0,49,687,24576,2.8,8.57,31.91,26.9,2,16.6,7.2,639.25,34.3,1880|3920|2872|9520|10452|9528|444|12496|16704|19124|21288|25856|16008|16836|14796|9052|13808|22768|1564
2026-08-26T15:10:27.3545118-07:00,0,49,687,24576,2.8,8.54,31.91,26.8,2,16.6,7.2,639.25,34.3,1880|3920|2872|9520|10452|9528|444|12496|16704|19124|21288|25856|16008|16836|14796|9052|13808|22768|1564
2026-08-26T15:11:13.5932036-07:00,0,49,687,24576,2.8,8.54,31.91,26.8,3,16.6,7.2,639.25,34.3,1880|3920|2872|9520|10452|9528|444|12496|16704|19124|21288|25856|16008|16836|14796|9052|13808|22768|1564
2026-08-26T15:11:59.8561612-07:00,0,49,687,24576,2.8,8.54,31.91,26.8,5,16.6,7.2,639.25,34.3,1880|3920|2872|9520|10452|9528|444|12496|16704|19124|21288|25856|16008|16836|14796|9052|13808|22768|1564
2026-08-26T15:12:46.1036668-07:00,0,49,687,24576,2.8,8.53,31.91,26.7,0,16.6,7.2,639.25,34.3,1880|3920|2872|9520|10452|9528|444|12496|16704|19124|21288|25856|16008|16836|14796|9052|13808|22768|1564
2026-08-26T15:13:32.3692750-07:00,0,49,687,24576,2.8,8.52,31.91,26.7,0,16.6,7.2,639.25,34.3,1880|3920|2872|9520|10452|9528|444|12496|16704|19124|21288|25856|16008|16836|14796|9052|13808|22768|1564
2026-08-26T15:14:18.6023728-07:00,0,49,687,24576,2.8,8.54,31.91,26.8,1,16.6,7.2,639.25,34.3,1880|3920|2872|9520|10452|9528|444|12496|16704|19124|21288|25856|16008|16836|14796|9052|13808|22768|1564
2026-08-26T15:15:04.8511246-07:00,0,49,687,24576,2.8,8.54,31.91,26.8,2,16.6,7.2,639.25,34.3,1880|3920|2872|9520|10452|9528|444|12496|16704|19124|21288|25856|16008|16836|14796|9052|13808|22768|1564
2026-08-26T15:15:51.0934406-07:00,0,49,687,24576,2.8,8.54,31.91,26.8,2,16.6,7.2,639.25,34.3,1880|3920|2872|9520|10452|9528|444|12496|16704|19124|21288|25856|16008|16836|14796|9052|13808|22768|1564
2026-08-26T15:16:37.3356275-07:00,0,49,687,24576,2.8,8.56,31.91,26.8,4,16.6,7.2,639.25,34.3,1880|3920|2872|9520|10452|9528|444|12496|16704|19124|21288|25856|16008|16836|14796|9052|13808|22768|1564
2026-08-26T15:17:23.5815923-07:00,0,49,687,24576,2.8,8.52,31.91,26.7,3,16.6,7.2,639.25,34.3,1880|3920|2872|9520|10452|9528|444|12496|16704|19124|21288|25856|16008|16836|14796|9052|13808|22768|1564
2026-08-26T15:18:09.8345482-07:00,0,49,687,24576,2.8,8.52,31.91,26.7,0,16.6,7.2,639.25,34.3,1880|3920|2872|9520|10452|9528|444|12496|16704|19124|21288|25856|16008|16836|14796|9052|13808|22768|1564
2026-08-26T15:18:56.0592279-07:00,0,49,687,24576,2.8,8.52,31.91,26.7,3,16.6,7.2,639.25,34.3,1880|3920|2872|9520|10452|9528|444|12496|16704|19124|21288|25856|16008|16836|14796|9052|13808|22768|1564
2026-08-26T15:19:42.3118885-07:00,0,49,687,24576,2.8,8.53,31.91,26.7,0,16.6,7.2,639.25,34.3,1880|3920|2872|9520|10452|9528|444|12496|16704|19124|21288|25856|16008|16836|14796|9052|13808|22768|1564
2026-08-26T15:20:28.5360961-07:00,0,49,687,24576,2.8,8.53,31.91,26.7,2,16.6,7.2,639.25,34.3,1880|3920|2872|9520|10452|9528|444|12496|16704|19124|21288|25856|16008|16836|14796|9052|13808|22768|1564
2026-08-26T15:21:14.7775356-07:00,9,49,826,24576,3.4,8.68,31.91,27.2,7,16.6,7.2,639.25,34.3,1880|3920|2872|9520|10452|9528|444|12496|16704|19124|21288|25856|16008|16836|14796|9052|13808|22768|1564
2026-08-26T15:22:01.0288747-07:00,50,50,928,24576,3.8,9.32,31.91,29.2,40,16.58,7.2,639.25,34.3,1880|3920|2872|9520|10452|9528|444|12496|16704|19124|21288|25856|16008|16836|14796|9052|13808|22768|1564|17764
2026-08-26T15:22:47.4235676-07:00,4,50,841,24576,3.4,10.01,31.91,31.4,14,16.58,7.2,639.25,34.3,1880|3920|2872|9520|10452|9528|444|12496|16704|19124|21288|25856|16008|16836|14796|9052|13808|22768|1564|17764
2026-08-26T15:23:33.7136565-07:00,2,51,1243,24576,5.1,10.16,31.91,31.8,21,16.57,7.2,639.25,34.3,1880|3920|2872|9520|10452|9528|444|12496|16704|19124|21288|25856|16008|16836|14796|9052|13808|22768|1564|17764
2026-08-26T15:24:19.9935591-07:00,4,51,1390,24576,5.7,9.91,31.91,31.1,5,16.56,7.2,639.25,34.3,1880|3920|2872|9520|10452|9528|444|12496|16704|19124|21288|25856|16008|16836|14796|9052|13808|22768|1564|17764
2026-08-26T15:25:06.2327031-07:00,4,51,1306,24576,5.3,9.72,31.91,30.5,3,16.56,7.2,639.25,34.3,1880|3920|2872|9520|10452|9528|444|12496|16704|19124|21288|25856|16008|16836|14796|9052|13808|22768|1564|17764
2026-08-26T15:25:52.4745962-07:00,4,51,719,24576,2.9,9.64,31.91,30.2,4,16.56,7.2,639.25,34.3,1880|3920|2872|9520|10452|9528|444|12496|16704|19124|21288|25856|16008|16836|14796|9052|13808|22768|1564|17764
2026-08-26T15:26:38.7280791-07:00,2,51,678,24576,2.8,9.65,31.91,30.2,7,16.56,7.2,639.25,34.3,1880|3920|2872|9520|10452|9528|444|12496|16704|19124|21288|25856|16008|16836|14796|9052|13808|22768|1564|17764
2026-08-26T15:27:24.9726736-07:00,4,51,678,24576,2.8,9.49,31.91,29.7,3,16.55,7.2,639.25,34.3,1880|3920|2872|9520|10452|9528|444|12496|16704|19124|21288|25856|16008|16836|14796|9052|13808|22768|1564|17764
2026-08-26T15:28:11.2472619-07:00,2,51,678,24576,2.8,9.5,31.91,29.8,6,16.55,7.2,639.25,34.3,1880|3920|2872|9520|10452|9528|444|12496|16704|19124|21288|25856|16008|16836|14796|9052|13808|22768|1564|17764
2026-08-26T15:28:57.5191006-07:00,4,51,678,24576,2.8,9.43,31.91,29.6,7,16.53,7.1,639.25,34.3,1880|3920|2872|9520|10452|9528|444|12496|16704|19124|21288|25856|16008|16836|14796|9052|13808|22768|1564|17764
2026-08-26T15:29:43.7769815-07:00,1,51,678,24576,2.8,9.42,31.91,29.5,5,16.53,7.1,639.25,34.3,1880|3920|2872|9520|10452|9528|444|12496|16704|19124|21288|25856|16008|16836|14796|9052|13808|22768|1564|17764
2026-08-26T15:30:30.0309723-07:00,2,51,675,24576,2.7,9.74,31.91,30.5,3,16.55,7.2,639.25,34.3,1880|3920|2872|9520|10452|9528|444|12496|16704|19124|21288|25856|16008|16836|14796|9052|13808|22768|1564|17764
2026-08-26T15:31:16.2919429-07:00,5,51,670,24576,2.7,9.69,31.91,30.4,8,16.55,7.2,639.25,34.3,1880|3920|2872|9520|10452|9528|444|12496|16704|19124|21288|25856|16008|16836|14796|9052|13808|22768|1564|17764
2026-08-26T15:32:02.5591255-07:00,2,51,670,24576,2.7,9.39,31.91,29.4,5,16.55,7.2,639.25,34.3,1880|3920|2872|9520|10452|9528|444|12496|16704|19124|21288|25856|16008|16836|14796|9052|13808|22768|1564|17764
2026-08-26T15:32:48.8168809-07:00,0,51,670,24576,2.7,9.39,31.91,29.4,5,16.53,7.1,639.25,34.3,1880|3920|2872|9520|10452|9528|444|12496|16704|19124|21288|25856|16008|16836|14796|9052|13808|22768|1564|17764
2026-08-26T15:33:35.0965234-07:00,2,51,670,24576,2.7,9.37,31.91,29.4,8,16.53,7.1,639.25,34.3,1880|3920|2872|9520|10452|9528|444|12496|16704|19124|21288|25856|16008|16836|14796|9052|13808|22768|1564|17764
2026-08-26T15:34:21.3677141-07:00,2,51,670,24576,2.7,9.37,31.91,29.4,10,16.53,7.1,639.25,34.3,1880|3920|2872|9520|10452|9528|444|12496|16704|19124|21288|25856|16008|16836|14796|9052|13808|22768|1564|17764
2026-08-26T15:35:07.6452629-07:00,0,51,670,24576,2.7,9.51,31.91,29.8,4,16.53,7.1,639.25,34.3,1880|3920|2872|9520|10452|9528|444|12496|16704|19124|21288|25856|16008|16836|14796|9052|13808|22768|1564|17764
2026-08-26T15:35:53.9099387-07:00,3,51,656,24576,2.7,9.68,31.91,30.3,6,16.53,7.1,639.25,34.3,1880|3920|2872|9520|10452|9528|444|12496|16704|19124|21288|25856|16008|16836|14796|9052|13808|22768|1564|17764
2026-08-26T15:36:40.1942803-07:00,7,51,656,24576,2.7,9.78,31.91,30.6,4,16.53,7.1,639.25,34.3,1880|3920|2872|9520|10452|9528|444|12496|16704|19124|21288|25856|16008|16836|14796|9052|13808|22768|1564|17764
2026-08-26T15:37:26.4381175-07:00,5,51,630,24576,2.6,8.76,31.91,27.5,1,16.52,7.1,639.25,34.3,1880|3920|2872|9520|10452|9528|444|12496|16704|19124|21288|25856|16008|16836|14796|9052|13808|22768|1564
2026-08-26T15:38:12.6813221-07:00,2,51,630,24576,2.6,8.83,31.91,27.7,8,16.51,7.1,639.25,34.3,1880|3920|2872|9520|10452|9528|444|12496|16704|19124|21288|25856|16008|16836|14796|9052|13808|22768|1564
2026-08-26T15:38:58.9278721-07:00,2,51,630,24576,2.6,8.93,31.91,28,13,16.49,7.1,639.25,34.3,1880|3920|2872|9520|10452|9528|444|12496|16704|19124|21288|25856|16008|16836|14796|9052|13808|22768|1564
2026-08-26T15:39:45.2372770-07:00,2,51,630,24576,2.6,8.81,31.91,27.6,4,16.48,7.1,639.25,34.3,1880|3920|2872|9520|10452|9528|444|12496|16704|19124|21288|25856|16008|16836|14796|9052|13808|22768|1564
2026-08-26T15:40:31.4817329-07:00,2,51,630,24576,2.6,8.86,31.91,27.8,8,16.47,7.1,639.25,34.3,1880|3920|2872|9520|10452|9528|444|12496|16704|19124|21288|25856|16008|16836|14796|9052|13808|22768|1564
2026-08-26T15:41:17.7585750-07:00,4,51,630,24576,2.6,8.85,31.91,27.7,3,16.46,7.1,639.25,34.3,1880|3920|2872|9520|10452|9528|444|12496|16704|19124|21288|25856|16008|16836|14796|9052|13808|22768|1564
2026-08-26T15:42:04.0177948-07:00,4,51,651,24576,2.6,8.81,31.91,27.6,5,16.46,7.1,639.25,34.3,1880|3920|2872|9520|10452|9528|444|12496|16704|19124|21288|25856|16008|16836|14796|9052|13808|22768|1564
2026-08-26T15:42:50.2898976-07:00,3,51,651,24576,2.6,8.76,31.91,27.5,6,16.46,7.1,639.25,34.3,1880|3920|2872|9520|10452|9528|444|12496|16704|19124|21288|25856|16008|16836|14796|9052|13808|22768|1564
2026-08-26T15:43:36.5290486-07:00,2,51,651,24576,2.6,8.75,31.91,27.4,5,16.46,7.1,639.25,34.3,1880|3920|2872|9520|10452|9528|444|12496|16704|19124|21288|25856|16008|16836|14796|9052|13808|22768|1564
2026-08-26T15:44:22.7834598-07:00,2,51,651,24576,2.6,8.75,31.91,27.4,0,16.46,7.1,639.25,34.3,1880|3920|2872|9520|10452|9528|444|12496|16704|19124|21288|25856|16008|16836|14796|9052|13808|22768|1564
2026-08-26T15:45:09.0484720-07:00,5,54,950,24576,3.9,10.78,31.91,33.8,42,16.46,7.1,639.25,34.3,1880|3920|2872|9520|10452|9528|444|12496|16704|19124|21288|25856|16008|16836|14796|9052|13808|22768|1564|2284|9072
2026-08-26T15:45:55.3805688-07:00,15,53,912,24576,3.7,10.76,31.91,33.7,13,16.44,7.1,639.25,34.3,1880|3920|2872|9520|10452|9528|444|12496|16704|19124|21288|25856|16008|16836|14796|9052|13808|22768|1564|2284|9072
2026-08-26T15:46:41.6582544-07:00,44,54,1105,24576,4.5,10.78,31.91,33.8,23,16.44,7.1,639.25,34.3,1880|3920|2872|9520|10452|9528|444|12496|16704|19124|21288|25856|16008|16836|14796|9052|13808|22768|1564|2284|9072
2026-08-26T15:47:28.0332301-07:00,4,57,988,24576,4,10.42,31.91,32.7,7,16.43,7.1,639.25,34.3,1880|3920|2872|9520|10452|9528|444|12496|16704|19124|21288|25856|16008|16836|14796|9052|13808|22768|1564|2284|9072
2026-08-26T15:48:14.3254726-07:00,2,54,614,24576,2.5,8.87,31.91,27.8,5,16.41,7.1,639.25,34.3,1880|3920|2872|9520|10452|9528|444|12496|16704|19124|21288|25856|16008|16836|14796|9052|13808|22768|1564
2026-08-26T15:49:00.5821464-07:00,0,54,614,24576,2.5,9.95,31.91,31.2,5,16.41,7.1,639.25,34.3,1880|3920|2872|9520|10452|9528|444|12496|16704|19124|21288|25856|16008|16836|14796|9052|13808|22768|1564
2026-08-26T15:49:46.8350520-07:00,5,54,712,24576,2.9,10.27,31.91,32.2,6,16.41,7.1,639.25,34.3,1880|3920|2872|9520|10452|9528|444|12496|16704|19124|21288|25856|16008|16836|14796|9052|13808|22768|1564
2026-08-26T15:50:33.6758569-07:00,2,54,728,24576,3,10.46,31.91,32.8,10,16.41,7.1,639.25,34.3,1880|3920|2872|9520|10452|9528|444|12496|16704|19124|21288|25856|16008|16836|14796|9052|13808|22768|1564
2026-08-26T15:51:20.0887959-07:00,2,55,732,24576,3,11.45,31.91,35.9,17,16.4,7.1,639.25,34.3,1880|3920|2872|9520|10452|9528|444|12496|16704|19124|21288|25856|16008|16836|14796|9052|13808|22768|1564|13096
2026-08-26T15:52:06.4052922-07:00,2,55,732,24576,3,11.08,31.91,34.7,7,16.41,7.1,639.25,34.3,1880|3920|2872|9520|10452|9528|444|12496|16704|19124|21288|25856|16008|16836|14796|9052|13808|22768|1564|13096
2026-08-26T15:52:52.6671791-07:00,4,55,732,24576,3,11.22,31.91,35.2,16,16.41,7.1,639.25,34.3,1880|3920|2872|9520|10452|9528|444|12496|16704|19124|21288|25856|16008|16836|14796|9052|13808|22768|1564|13096
2026-08-26T15:53:38.9524192-07:00,2,55,732,24576,3,11.19,31.91,35.1,7,16.41,7.1,639.25,34.3,1880|3920|2872|9520|10452|9528|444|12496|16704|19124|21288|25856|16008|16836|14796|9052|13808|22768|1564|13096
2026-08-26T15:54:25.2191838-07:00,2,54,732,24576,3,11.31,31.91,35.4,3,16.41,7.1,639.25,34.3,1880|3920|2872|9520|10452|9528|444|12496|16704|19124|21288|25856|16008|16836|14796|9052|13808|22768|1564|13096
2026-08-26T15:55:11.5020749-07:00,2,54,732,24576,3,11.35,31.91,35.6,9,16.41,7.1,639.25,34.3,1880|3920|2872|9520|10452|9528|444|12496|16704|19124|21288|25856|16008|16836|14796|9052|13808|22768|1564|13096
2026-08-26T15:55:57.7590144-07:00,2,54,732,24576,3,11.27,31.91,35.3,6,16.41,7.1,639.25,34.3,1880|3920|2872|9520|10452|9528|444|12496|16704|19124|21288|25856|16008|16836|14796|9052|13808|22768|1564|13096
2026-08-26T15:56:44.0274712-07:00,2,54,732,24576,3,11.23,31.91,35.2,9,16.42,7.1,639.25,34.3,1880|3920|2872|9520|10452|9528|444|12496|16704|19124|21288|25856|16008|16836|14796|9052|13808|22768|1564|13096
2026-08-26T15:57:30.2857263-07:00,2,54,732,24576,3,11.11,31.91,34.8,10,16.42,7.1,639.25,34.3,1880|3920|2872|9520|10452|9528|444|12496|16704|19124|21288|25856|16008|16836|14796|9052|13808|22768|1564|13096
2026-08-26T15:58:16.5510272-07:00,2,53,732,24576,3,11.1,31.91,34.8,10,16.41,7.1,639.25,34.3,1880|3920|2872|9520|10452|9528|444|12496|16704|19124|21288|25856|16008|16836|14796|9052|13808|22768|1564|13096
2026-08-26T15:59:02.8106246-07:00,2,53,732,24576,3,11.05,31.91,34.6,9,16.41,7.1,639.25,34.3,1880|3920|2872|9520|10452|9528|444|12496|16704|19124|21288|25856|16008|16836|14796|9052|13808|22768|1564|13096
2026-08-26T15:59:49.0942086-07:00,7,53,732,24576,3,11,31.91,34.5,2,16.41,7.1,639.25,34.3,1880|3920|2872|9520|10452|9528|444|12496|16704|19124|21288|25856|16008|16836|14796|9052|13808|22768|1564|13096
2026-08-26T16:00:35.3428194-07:00,0,53,732,24576,3,11.01,31.91,34.5,2,16.41,7.1,639.25,34.3,1880|3920|2872|9520|10452|9528|444|12496|16704|19124|21288|25856|16008|16836|14796|9052|13808|22768|1564|13096
2026-08-26T16:01:21.5952444-07:00,0,53,732,24576,3,11,31.91,34.5,3,16.41,7.1,639.25,34.3,1880|3920|2872|9520|10452|9528|444|12496|16704|19124|21288|25856|16008|16836|14796|9052|13808|22768|1564|13096
2026-08-26T16:02:07.8372518-07:00,0,53,732,24576,3,11.04,31.91,34.6,2,16.41,7.1,639.25,34.3,1880|3920|2872|9520|10452|9528|444|12496|16704|19124|21288|25856|16008|16836|14796|9052|13808|22768|1564|13096
2026-08-26T16:02:54.0991479-07:00,0,53,732,24576,3,11.02,31.91,34.5,8,16.42,7.1,639.25,34.3,1880|3920|2872|9520|10452|9528|444|12496|16704|19124|21288|25856|16008|16836|14796|9052|13808|22768|1564|13096
2026-08-26T16:03:40.3628341-07:00,7,53,732,24576,3,11.03,31.91,34.6,4,16.42,7.1,639.25,34.3,1880|3920|2872|9520|10452|9528|444|12496|16704|19124|21288|25856|16008|16836|14796|9052|13808|22768|1564|13096
2026-08-26T16:04:26.6314278-07:00,6,53,732,24576,3,11.03,31.91,34.6,4,16.42,7.1,639.25,34.3,1880|3920|2872|9520|10452|9528|444|12496|16704|19124|21288|25856|16008|16836|14796|9052|13808|22768|1564|13096
2026-08-26T16:05:12.8789743-07:00,2,53,732,24576,3,11.06,31.91,34.7,0,16.41,7.1,639.25,34.3,1880|3920|2872|9520|10452|9528|444|12496|16704|19124|21288|25856|16008|16836|14796|9052|13808|22768|1564|13096
2026-08-26T16:05:59.1483516-07:00,2,53,732,24576,3,11.02,31.91,34.5,5,16.41,7.1,639.25,34.3,1880|3920|2872|9520|10452|9528|444|12496|16704|19124|21288|25856|16008|16836|14796|9052|13808|22768|1564|13096
2026-08-26T16:06:45.3989311-07:00,3,53,732,24576,3,11.04,31.91,34.6,4,16.41,7.1,639.25,34.3,1880|3920|2872|9520|10452|9528|444|12496|16704|19124|21288|25856|16008|16836|14796|9052|13808|22768|1564|13096
2026-08-26T16:07:31.6504965-07:00,2,53,732,24576,3,11.01,31.91,34.5,8,16.4,7.1,639.25,34.3,1880|3920|2872|9520|10452|9528|444|12496|16704|19124|21288|25856|16008|16836|14796|9052|13808|22768|1564|13096
2026-08-26T16:08:17.9140799-07:00,2,53,732,24576,3,11.01,31.91,34.5,8,16.4,7.1,639.25,34.3,1880|3920|2872|9520|10452|9528|444|12496|16704|19124|21288|25856|16008|16836|14796|9052|13808|22768|1564|13096
2026-08-26T16:09:04.1912597-07:00,9,53,732,24576,3,11.05,31.91,34.6,7,16.4,7.1,639.25,34.3,1880|3920|2872|9520|10452|9528|444|12496|16704|19124|21288|25856|16008|16836|14796|9052|13808|22768|1564|13096
2026-08-26T16:09:50.4367710-07:00,4,53,732,24576,3,11.02,31.91,34.5,2,16.4,7.1,639.25,34.3,1880|3920|2872|9520|10452|9528|444|12496|16704|19124|21288|25856|16008|16836|14796|9052|13808|22768|1564|13096
2026-08-26T16:10:36.7022922-07:00,2,52,732,24576,3,11.02,31.91,34.5,6,16.4,7.1,639.25,34.3,1880|3920|2872|9520|10452|9528|444|12496|16704|19124|21288|25856|16008|16836|14796|9052|13808|22768|1564|13096
2026-08-26T16:11:22.9598846-07:00,2,53,732,24576,3,10.99,31.91,34.4,8,16.4,7.1,639.25,34.3,1880|3920|2872|9520|10452|9528|444|12496|16704|19124|21288|25856|16008|16836|14796|9052|13808|22768|1564|13096
2026-08-26T16:12:09.2262238-07:00,2,53,732,24576,3,10.99,31.91,34.4,11,16.4,7.1,639.25,34.3,1880|3920|2872|9520|10452|9528|444|12496|16704|19124|21288|25856|16008|16836|14796|9052|13808|22768|1564|13096
2026-08-26T16:12:55.4835593-07:00,2,53,732,24576,3,11.07,31.91,34.7,18,16.4,7.1,639.25,34.3,1880|3920|2872|9520|10452|9528|444|12496|16704|19124|21288|25856|16008|16836|14796|9052|13808|22768|1564|13096
2026-08-26T16:13:41.7712581-07:00,2,53,732,24576,3,11.02,31.91,34.5,10,16.4,7.1,639.25,34.3,1880|3920|2872|9520|10452|9528|444|12496|16704|19124|21288|25856|16008|16836|14796|9052|13808|22768|1564|13096
2026-08-26T16:14:28.0437549-07:00,2,53,732,24576,3,11.02,31.91,34.5,4,16.39,7.1,639.25,34.3,1880|3920|2872|9520|10452|9528|444|12496|16704|19124|21288|25856|16008|16836|14796|9052|13808|22768|1564|13096
2026-08-26T16:15:14.3105238-07:00,2,53,732,24576,3,10.9,31.91,34.2,4,16.39,7.1,639.25,34.3,1880|3920|2872|9520|10452|9528|444|12496|16704|19124|21288|25856|16008|16836|14796|9052|13808|22768|1564|13096
2026-08-26T16:16:00.5718776-07:00,5,52,732,24576,3,10.93,31.91,34.3,4,16.39,7.1,639.25,34.3,1880|3920|2872|9520|10452|9528|444|12496|16704|19124|21288|25856|16008|16836|14796|9052|13808|22768|1564|13096
2026-08-26T16:16:46.8441103-07:00,8,53,732,24576,3,10.91,31.91,34.2,8,16.39,7.1,639.25,34.3,1880|3920|2872|9520|10452|9528|444|12496|16704|19124|21288|25856|16008|16836|14796|9052|13808|22768|1564|13096
2026-08-26T16:17:33.1310102-07:00,2,53,732,24576,3,10.9,31.91,34.2,8,16.38,7.1,639.25,34.3,1880|3920|2872|9520|10452|9528|444|12496|16704|19124|21288|25856|16008|16836|14796|9052|13808|22768|1564|13096
2026-08-26T16:18:19.4128606-07:00,2,52,732,24576,3,10.9,31.91,34.2,4,16.38,7.1,639.25,34.3,1880|3920|2872|9520|10452|9528|444|12496|16704|19124|21288|25856|16008|16836|14796|9052|13808|22768|1564|13096
2026-08-26T16:19:05.6667459-07:00,2,52,732,24576,3,11.11,31.91,34.8,4,16.38,7.1,639.25,34.3,1880|3920|2872|9520|10452|9528|444|12496|16704|19124|21288|25856|16008|16836|14796|9052|13808|22768|1564|13096
2026-08-26T16:19:51.9344018-07:00,8,52,732,24576,3,11.15,31.91,34.9,3,16.38,7.1,639.25,34.3,1880|3920|2872|9520|10452|9528|444|12496|16704|19124|21288|25856|16008|16836|14796|9052|13808|22768|1564|13096
2026-08-26T16:20:38.2059608-07:00,2,52,732,24576,3,11.13,31.91,34.9,4,16.38,7.1,639.25,34.3,1880|3920|2872|9520|10452|9528|444|12496|16704|19124|21288|25856|16008|16836|14796|9052|13808|22768|1564|13096
2026-08-26T16:21:24.5080216-07:00,2,52,732,24576,3,11.02,31.91,34.5,2,16.38,7.1,639.25,34.3,1880|3920|2872|9520|10452|9528|444|12496|16704|19124|21288|25856|16008|16836|14796|9052|13808|22768|1564|13096
2026-08-26T16:22:10.7919336-07:00,8,52,732,24576,3,11.01,31.91,34.5,1,16.38,7.1,639.25,34.3,1880|3920|2872|9520|10452|9528|444|12496|16704|19124|21288|25856|16008|16836|14796|9052|13808|22768|1564|13096
2026-08-26T16:22:57.0863267-07:00,7,52,732,24576,3,11.01,31.91,34.5,9,16.38,7.1,639.25,34.3,1880|3920|2872|9520|10452|9528|444|12496|16704|19124|21288|25856|16008|16836|14796|9052|13808|22768|1564|13096
2026-08-26T16:23:43.3508800-07:00,2,52,732,24576,3,11.02,31.91,34.5,4,16.38,7.1,639.25,34.3,1880|3920|2872|9520|10452|9528|444|12496|16704|19124|21288|25856|16008|16836|14796|9052|13808|22768|1564|13096
2026-08-26T16:24:29.6423899-07:00,5,52,732,24576,3,11.01,31.91,34.5,8,16.38,7.1,639.25,34.3,1880|3920|2872|9520|10452|9528|444|12496|16704|19124|21288|25856|16008|16836|14796|9052|13808|22768|1564|13096
2026-08-26T16:25:15.9155277-07:00,2,52,732,24576,3,11.01,31.91,34.5,6,16.38,7.1,639.25,34.3,1880|3920|2872|9520|10452|9528|444|12496|16704|19124|21288|25856|16008|16836|14796|9052|13808|22768|1564|13096
2026-08-26T16:26:02.2176585-07:00,3,52,732,24576,3,11,31.91,34.5,3,16.38,7.1,639.25,34.3,1880|3920|2872|9520|10452|9528|444|12496|16704|19124|21288|25856|16008|16836|14796|9052|13808|22768|1564|13096
2026-08-26T16:26:48.4918456-07:00,4,51,732,24576,3,11.06,31.91,34.7,5,16.38,7.1,639.25,34.3,1880|3920|2872|9520|10452|9528|444|12496|16704|19124|21288|25856|16008|16836|14796|9052|13808|22768|1564|13096
2026-08-26T16:27:34.7915742-07:00,1,51,732,24576,3,11.02,31.91,34.5,3,16.38,7.1,639.25,34.3,1880|3920|2872|9520|10452|9528|444|12496|16704|19124|21288|25856|16008|16836|14796|9052|13808|22768|1564|13096
2026-08-26T16:28:21.0418800-07:00,1,51,732,24576,3,10.98,31.91,34.4,6,16.38,7.1,639.25,34.3,1880|3920|2872|9520|10452|9528|444|12496|16704|19124|21288|25856|16008|16836|14796|9052|13808|22768|1564|13096
2026-08-26T16:29:07.2838055-07:00,1,51,732,24576,3,10.98,31.91,34.4,0,16.38,7.1,639.25,34.3,1880|3920|2872|9520|10452|9528|444|12496|16704|19124|21288|25856|16008|16836|14796|9052|13808|22768|1564|13096
2026-08-26T16:29:53.5368464-07:00,1,51,732,24576,3,10.95,31.91,34.3,1,16.37,7.1,639.25,34.3,1880|3920|2872|9520|10452|9528|444|12496|16704|19124|21288|25856|16008|16836|14796|9052|13808|22768|1564|13096
2026-08-26T16:30:39.7887374-07:00,1,51,732,24576,3,11,31.91,34.5,18,16.37,7.1,639.25,34.3,1880|3920|2872|9520|10452|9528|444|12496|16704|19124|21288|25856|16008|16836|14796|9052|13808|22768|1564|13096
2026-08-26T16:31:26.0490279-07:00,1,51,732,24576,3,11.01,31.91,34.5,1,16.32,7.1,639.25,34.3,1880|3920|2872|9520|10452|9528|444|12496|16704|19124|21288|25856|16008|16836|14796|9052|13808|22768|1564|13096
2026-08-26T16:32:12.3158579-07:00,1,51,732,24576,3,11.15,31.91,34.9,1,16.26,7,639.25,34.3,1880|3920|2872|9520|10452|9528|444|12496|16704|19124|21288|25856|16008|16836|14796|9052|13808|22768|1564|13096
2026-08-26T16:32:58.5838045-07:00,1,51,732,24576,3,11.26,31.91,35.3,15,17.12,7.4,639.25,34.3,1880|3920|2872|9520|10452|9528|444|12496|16704|19124|21288|25856|16008|16836|14796|9052|13808|22768|1564|13096
2026-08-26T16:33:44.8626666-07:00,1,51,732,24576,3,11.28,31.91,35.3,1,17.94,7.8,639.25,34.3,1880|3920|2872|9520|10452|9528|444|12496|16704|19124|21288|25856|16008|16836|14796|9052|13808|22768|1564|13096
2026-08-26T16:34:31.0928924-07:00,1,51,732,24576,3,11.49,31.91,36,11,18.04,7.8,639.25,34.3,1880|3920|2872|9520|10452|9528|444|12496|16704|19124|21288|25856|16008|16836|14796|9052|13808|22768|1564|13096
2026-08-26T16:35:17.3707997-07:00,1,51,732,24576,3,11.43,31.91,35.8,1,18.04,7.8,639.25,34.3,1880|3920|2872|9520|10452|9528|444|12496|16704|19124|21288|25856|16008|16836|14796|9052|13808|22768|1564|13096
2026-08-26T16:36:03.6238295-07:00,1,50,732,24576,3,11.49,31.91,36,5,18.04,7.8,639.25,34.3,1880|3920|2872|9520|10452|9528|444|12496|16704|19124|21288|25856|16008|16836|14796|9052|13808|22768|1564|13096
2026-08-26T16:36:49.8941668-07:00,0,51,732,24576,3,11.39,31.91,35.7,6,18.03,7.8,639.25,34.3,1880|3920|2872|9520|10452|9528|444|12496|16704|19124|21288|25856|16008|16836|14796|9052|13808|22768|1564|13096
2026-08-26T16:37:36.1560179-07:00,1,50,732,24576,3,11.36,31.91,35.6,2,18.01,7.8,639.25,34.3,1880|3920|2872|9520|10452|9528|444|12496|16704|19124|21288|25856|16008|16836|14796|9052|13808|22768|1564|13096
2026-08-26T16:38:22.4135495-07:00,1,50,732,24576,3,11.61,31.91,36.4,7,18,7.8,639.25,34.3,1880|3920|2872|9520|10452|9528|444|12496|16704|19124|21288|25856|16008|16836|14796|9052|13808|22768|1564|13096
2026-08-26T16:39:08.6784474-07:00,1,51,732,24576,3,11.5,31.91,36,4,17.99,7.8,639.25,34.3,1880|3920|2872|9520|10452|9528|444|12496|16704|19124|21288|25856|16008|16836|14796|9052|13808|22768|1564|13096
2026-08-26T16:39:54.9289486-07:00,1,51,732,24576,3,11.2,31.91,35.1,1,17.95,7.8,639.25,34.3,1880|3920|2872|9520|10452|9528|444|12496|16704|19124|21288|25856|16008|16836|14796|9052|13808|22768|1564|13096
2026-08-26T16:40:41.1710360-07:00,1,51,732,24576,3,11.9,31.91,37.3,10,17.95,7.8,639.25,34.3,1880|3920|2872|9520|10452|9528|444|12496|16704|19124|21288|25856|16008|16836|14796|9052|13808|22768|1564|13096
2026-08-26T16:41:27.4674074-07:00,1,51,732,24576,3,11.54,31.91,36.2,8,17.94,7.8,638.94,34.3,1880|3920|2872|9520|10452|9528|444|12496|16704|19124|21288|25856|16008|16836|14796|9052|13808|22768|1564|13096
2026-08-26T16:42:13.7441038-07:00,1,50,732,24576,3,11.32,31.91,35.5,0,17.94,7.8,637.84,34.2,1880|3920|2872|9520|10452|9528|444|12496|16704|19124|21288|25856|16008|16836|14796|9052|13808|22768|1564|13096
2026-08-26T16:42:59.9897912-07:00,1,50,732,24576,3,11.22,31.91,35.2,1,17.93,7.8,637.84,34.2,1880|3920|2872|9520|10452|9528|444|12496|16704|19124|21288|25856|16008|16836|14796|9052|13808|22768|1564|13096
2026-08-26T16:43:46.2375681-07:00,1,50,732,24576,3,11.23,31.91,35.2,6,17.93,7.7,637.84,34.2,1880|3920|2872|9520|10452|9528|444|12496|16704|19124|21288|25856|16008|16836|14796|9052|13808|22768|1564|13096
2026-08-26T16:44:32.4989202-07:00,1,50,732,24576,3,11.23,31.91,35.2,0,17.93,7.7,637.84,34.2,1880|3920|2872|9520|10452|9528|444|12496|16704|19124|21288|25856|16008|16836|14796|9052|13808|22768|1564|13096
2026-08-26T16:45:18.7610280-07:00,1,50,732,24576,3,11.37,31.91,35.6,17,17.92,7.7,637.84,34.2,1880|3920|2872|9520|10452|9528|444|12496|16704|19124|21288|25856|16008|16836|14796|9052|13808|22768|1564|13096
2026-08-26T16:46:05.0476674-07:00,1,50,732,24576,3,11.34,31.91,35.5,0,17.91,7.7,637.84,34.2,1880|3920|2872|9520|10452|9528|444|12496|16704|19124|21288|25856|16008|16836|14796|9052|13808|22768|1564|13096
2026-08-26T16:46:51.2992910-07:00,6,50,3489,24576,14.2,15.73,31.91,49.3,17,17.91,7.7,637.84,34.2,1880|3920|2872|9520|10452|9528|444|12496|16704|19124|21288|25856|16008|16836|14796|9052|13808|22768|1564|13096|4024
2026-08-26T16:47:37.6076892-07:00,1,51,3323,24576,13.5,14.2,31.91,44.5,5,17.91,7.7,637.84,34.2,1880|3920|2872|9520|10452|9528|444|12496|16704|19124|21288|25856|16008|16836|14796|9052|13808|22768|1564|13096|19848
2026-08-26T16:48:23.8729420-07:00,1,53,3277,24576,13.3,13.49,31.91,42.3,5,17.91,7.7,637.84,34.2,1880|3920|2872|9520|10452|9528|444|12496|16704|19124|21288|25856|16008|16836|14796|9052|13808|22768|1564|13096|9812
2026-08-26T16:49:10.1496515-07:00,0,53,732,24576,3,11.35,31.91,35.6,2,17.9,7.7,637.84,34.2,1880|3920|2872|9520|10452|9528|444|12496|16704|19124|21288|25856|16008|16836|14796|9052|13808|22768|1564|13096
2026-08-26T16:49:56.4128339-07:00,1,53,732,24576,3,11.38,31.91,35.7,1,17.91,7.7,637.84,34.2,1880|3920|2872|9520|10452|9528|444|12496|16704|19124|21288|25856|16008|16836|14796|9052|13808|22768|1564|13096
2026-08-26T16:50:42.6701409-07:00,1,52,732,24576,3,11.33,31.91,35.5,2,17.9,7.7,637.84,34.2,1880|3920|2872|9520|10452|9528|444|12496|16704|19124|21288|25856|16008|16836|14796|9052|13808|22768|1564|13096
2026-08-26T16:51:28.9264596-07:00,100,64,11699,24576,47.6,16.48,31.91,51.6,21,17.9,7.7,637.84,34.2,1880|3920|2872|9520|10452|9528|444|12496|16704|19124|21288|25856|16008|16836|14796|9052|13808|22768|1564|13096|15948
2026-08-26T16:52:15.2328145-07:00,100,73,17251,24576,70.2,16.8,31.91,52.6,17,17.9,7.7,637.84,34.2,1880|3920|2872|9520|10452|9528|444|12496|16704|19124|21288|25856|16008|16836|14796|9052|13808|22768|1564|13096|15948
2026-08-26T16:53:01.5281902-07:00,98,75,17251,24576,70.2,17.31,31.91,54.2,17,17.89,7.7,637.84,34.2,1880|3920|2872|9520|10452|9528|444|12496|16704|19124|21288|25856|16008|16836|14796|9052|13808|22768|1564|13096|15948
2026-08-26T16:53:47.8151369-07:00,88,76,19283,24576,78.5,17.58,31.91,55.1,19,17.89,7.7,637.84,34.2,1880|3920|2872|9520|10452|9528|444|12496|16704|19124|21288|25856|16008|16836|14796|9052|13808|22768|1564|13096|15948
2026-08-26T16:54:34.1253303-07:00,98,77,19283,24576,78.5,18.02,31.91,56.5,60,17.88,7.7,637.84,34.2,1880|3920|2872|9520|10452|9528|444|12496|16704|19124|21288|25856|16008|16836|14796|9052|13808|22768|1564|13096|15948
2026-08-26T16:55:20.4177479-07:00,100,77,19283,24576,78.5,18.33,31.91,57.4,19,17.88,7.7,637.84,34.2,1880|3920|2872|9520|10452|9528|444|12496|16704|19124|21288|25856|16008|16836|14796|9052|13808|22768|1564|13096|15948
2026-08-26T16:56:06.7325550-07:00,98,78,19283,24576,78.5,19.25,31.91,60.3,23,17.88,7.7,637.84,34.2,1880|3920|2872|9520|10452|9528|444|12496|16704|19124|21288|25856|16008|16836|14796|9052|13808|22768|1564|13096|15948
2026-08-26T16:56:53.0404147-07:00,100,78,19283,24576,78.5,18.94,31.91,59.4,18,17.87,7.7,637.84,34.2,1880|3920|2872|9520|10452|9528|444|12496|16704|19124|21288|25856|16008|16836|14796|9052|13808|22768|1564|13096|15948
2026-08-26T16:57:39.3246823-07:00,100,78,19283,24576,78.5,19.53,31.91,61.2,23,17.87,7.7,637.84,34.2,1880|3920|2872|9520|10452|9528|444|12496|16704|19124|21288|25856|16008|16836|14796|9052|13808|22768|1564|13096|15948
2026-08-26T16:58:25.6134748-07:00,100,78,19283,24576,78.5,19.85,31.91,62.2,21,17.87,7.7,637.85,34.2,1880|3920|2872|9520|10452|9528|444|12496|16704|19124|21288|25856|16008|16836|14796|9052|13808|22768|1564|13096|15948
2026-08-26T16:59:11.9262428-07:00,100,78,19283,24576,78.5,20.01,31.91,62.7,18,17.87,7.7,637.84,34.2,1880|3920|2872|9520|10452|9528|444|12496|16704|19124|21288|25856|16008|16836|14796|9052|13808|22768|1564|13096|15948
2026-08-26T16:59:58.1971271-07:00,98,79,19283,24576,78.5,20.73,31.91,65,37,17.86,7.7,637.84,34.2,1880|3920|2872|9520|10452|9528|444|12496|16704|19124|21288|25856|16008|16836|14796|9052|13808|22768|1564|13096|15948
2026-08-26T17:00:44.4989860-07:00,100,78,19283,24576,78.5,20.53,31.91,64.3,17,17.85,7.7,637.84,34.2,1880|3920|2872|9520|10452|9528|444|12496|16704|19124|21288|25856|16008|16836|14796|9052|13808|22768|1564|13096|15948
2026-08-26T17:01:30.7922402-07:00,98,78,19283,24576,78.5,21.25,31.91,66.6,33,17.84,7.7,637.84,34.2,1880|3920|2872|9520|10452|9528|444|12496|16704|19124|21288|25856|16008|16836|14796|9052|13808|22768|1564|13096|15948
2026-08-26T17:02:17.1296588-07:00,100,78,19283,24576,78.5,21.24,31.91,66.6,13,17.84,7.7,637.84,34.2,1880|3920|2872|9520|10452|9528|444|12496|16704|19124|21288|25856|16008|16836|14796|9052|13808|22768|1564|13096|15948
2026-08-26T17:03:03.4353950-07:00,100,78,19283,24576,78.5,21.63,31.91,67.8,9,17.84,7.7,637.84,34.2,1880|3920|2872|9520|10452|9528|444|12496|16704|19124|21288|25856|16008|16836|14796|9052|13808|22768|1564|13096|15948
2026-08-26T17:03:49.7432888-07:00,100,78,19283,24576,78.5,21.85,31.91,68.5,18,17.84,7.7,637.84,34.2,1880|3920|2872|9520|10452|9528|444|12496|16704|19124|21288|25856|16008|16836|14796|9052|13808|22768|1564|13096|15948
2026-08-26T17:04:36.0339415-07:00,100,78,19283,24576,78.5,22.28,31.91,69.8,18,17.84,7.7,637.84,34.2,1880|3920|2872|9520|10452|9528|444|12496|16704|19124|21288|25856|16008|16836|14796|9052|13808|22768|1564|13096|15948
2026-08-26T17:05:22.3288884-07:00,100,78,19283,24576,78.5,22.54,31.91,70.6,13,17.84,7.7,637.84,34.2,1880|3920|2872|9520|10452|9528|444|12496|16704|19124|21288|25856|16008|16836|14796|9052|13808|22768|1564|13096|15948
2026-08-26T17:06:08.6095233-07:00,98,77,19283,24576,78.5,22.92,31.91,71.8,33,17.84,7.7,637.84,34.2,1880|3920|2872|9520|10452|9528|444|12496|16704|19124|21288|25856|16008|16836|14796|9052|13808|22768|1564|13096|15948
2026-08-26T17:06:54.9009607-07:00,100,78,19283,24576,78.5,23.28,31.91,73,17,17.83,7.7,637.84,34.2,1880|3920|2872|9520|10452|9528|444|12496|16704|19124|21288|25856|16008|16836|14796|9052|13808|22768|1564|13096|15948
2026-08-26T17:07:41.2035015-07:00,99,78,19283,24576,78.5,23.72,31.91,74.3,26,17.83,7.7,637.85,34.2,1880|3920|2872|9520|10452|9528|444|12496|16704|19124|21288|25856|16008|16836|14796|9052|13808|22768|1564|13096|15948
2026-08-26T17:08:27.5162633-07:00,98,78,19283,24576,78.5,23.79,31.91,74.6,26,17.82,7.7,637.84,34.2,1880|3920|2872|9520|10452|9528|444|12496|16704|19124|21288|25856|16008|16836|14796|9052|13808|22768|1564|13096|15948
2026-08-26T17:09:13.7929197-07:00,100,78,19283,24576,78.5,24.02,31.91,75.3,28,17.82,7.7,637.84,34.2,1880|3920|2872|9520|10452|9528|444|12496|16704|19124|21288|25856|16008|16836|14796|9052|13808|22768|1564|13096|15948
2026-08-26T17:10:00.1225590-07:00,100,78,21379,24576,87,24.24,31.91,76,15,17.82,7.7,637.84,34.2,1880|3920|2872|9520|10452|9528|444|12496|16704|19124|21288|25856|16008|16836|14796|9052|13808|22768|1564|13096|15948
2026-08-26T17:10:46.4016222-07:00,100,78,21379,24576,87,24.47,31.91,76.7,23,17.82,7.7,637.84,34.2,1880|3920|2872|9520|10452|9528|444|12496|16704|19124|21288|25856|16008|16836|14796|9052|13808|22768|1564|13096|15948
2026-08-26T17:11:32.6744583-07:00,100,78,21379,24576,87,24.7,31.91,77.4,20,17.82,7.7,637.84,34.2,1880|3920|2872|9520|10452|9528|444|12496|16704|19124|21288|25856|16008|16836|14796|9052|13808|22768|1564|13096|15948
2026-08-26T17:12:18.9486477-07:00,95,78,21379,24576,87,24.9,31.91,78,31,17.82,7.7,637.84,34.2,1880|3920|2872|9520|10452|9528|444|12496|16704|19124|21288|25856|16008|16836|14796|9052|13808|22768|1564|13096|15948
2026-08-26T17:13:05.2574632-07:00,98,78,21379,24576,87,25.15,31.91,78.8,29,17.82,7.7,637.84,34.2,1880|3920|2872|9520|10452|9528|444|12496|16704|19124|21288|25856|16008|16836|14796|9052|13808|22768|1564|13096|15948
2026-08-26T17:13:51.5680919-07:00,100,78,21379,24576,87,25.53,31.91,80,15,17.81,7.7,637.84,34.2,1880|3920|2872|9520|10452|9528|444|12496|16704|19124|21288|25856|16008|16836|14796|9052|13808|22768|1564|13096|15948
2026-08-26T17:14:37.8411059-07:00,100,78,21379,24576,87,25.79,31.91,80.8,29,17.81,7.7,637.84,34.2,1880|3920|2872|9520|10452|9528|444|12496|16704|19124|21288|25856|16008|16836|14796|9052|13808|22768|1564|13096|15948
2026-08-26T17:15:24.1489732-07:00,100,77,21379,24576,87,26.12,31.91,81.9,21,17.81,7.7,637.84,34.2,1880|3920|2872|9520|10452|9528|444|12496|16704|19124|21288|25856|16008|16836|14796|9052|13808|22768|1564|13096|15948
2026-08-26T17:16:10.4374504-07:00,100,78,21379,24576,87,26.38,31.91,82.7,19,17.8,7.7,637.84,34.2,1880|3920|2872|9520|10452|9528|444|12496|16704|19124|21288|25856|16008|16836|14796|9052|13808|22768|1564|13096|15948
2026-08-26T17:16:56.7115532-07:00,100,78,21379,24576,87,26.81,31.91,84,13,17.8,7.7,637.84,34.2,1880|3920|2872|9520|10452|9528|444|12496|16704|19124|21288|25856|16008|16836|14796|9052|13808|22768|1564|13096|15948
2026-08-26T17:17:43.0191088-07:00,98,78,21379,24576,87,27.08,31.91,84.9,38,17.8,7.7,637.84,34.2,1880|3920|2872|9520|10452|9528|444|12496|16704|19124|21288|25856|16008|16836|14796|9052|13808|22768|1564|13096|15948
2026-08-26T17:18:29.3616890-07:00,100,79,21379,24576,87,27.37,31.91,85.8,20,17.79,7.7,637.84,34.2,1880|3920|2872|9520|10452|9528|444|12496|16704|19124|21288|25856|16008|16836|14796|9052|13808|22768|1564|13096|15948
2026-08-26T17:19:15.6485743-07:00,100,78,21379,24576,87,27.76,31.91,87,17,17.79,7.7,637.84,34.2,1880|3920|2872|9520|10452|9528|444|12496|16704|19124|21288|25856|16008|16836|14796|9052|13808|22768|1564|13096|15948
2026-08-26T17:20:01.9400763-07:00,98,79,21379,24576,87,27.93,31.91,87.5,18,17.79,7.7,637.84,34.2,1880|3920|2872|9520|10452|9528|444|12496|16704|19124|21288|25856|16008|16836|14796|9052|13808|22768|1564|13096|15948
2026-08-26T17:20:48.2283216-07:00,100,78,21379,24576,87,28.25,31.91,88.5,29,17.78,7.7,637.84,34.2,1880|3920|2872|9520|10452|9528|444|12496|16704|19124|21288|25856|16008|16836|14796|9052|13808|22768|1564|13096|15948
2026-08-26T17:21:34.5617585-07:00,98,78,21370,24576,87,28.38,31.91,88.9,19,17.78,7.7,637.84,34.2,1880|3920|2872|9520|10452|9528|444|12496|16704|19124|21288|25856|16008|16836|14796|13808|22768|1564|13096|15948
2026-08-26T17:22:20.8836708-07:00,98,78,21370,24576,87,28.61,31.91,89.7,22,17.77,7.7,637.84,34.2,1880|3920|2872|9520|10452|9528|444|12496|16704|19124|21288|25856|16008|16836|14796|13808|22768|1564|13096|15948
2026-08-26T17:23:07.1818913-07:00,98,77,21370,24576,87,28.92,31.91,90.6,20,17.77,7.7,637.84,34.2,1880|3920|2872|9520|10452|9528|444|12496|16704|19124|21288|25856|16008|16836|14796|13808|22768|1564|13096|15948
2026-08-26T17:23:53.4486469-07:00,100,78,23626,24576,96.1,29.14,31.91,91.3,13,17.76,7.7,637.84,34.2,1880|3920|2872|9520|10452|9528|444|12496|16704|19124|21288|25856|16008|16836|14796|13808|22768|1564|13096|15948
2026-08-26T17:24:39.7632095-07:00,100,77,23626,24576,96.1,29.41,31.91,92.2,20,17.76,7.7,637.84,34.2,1880|3920|2872|9520|10452|9528|444|12496|16704|19124|21288|25856|16008|16836|14796|13808|22768|1564|13096|15948
2026-08-26T17:25:26.0368825-07:00,100,78,23626,24576,96.1,29.65,31.91,92.9,15,17.76,7.7,637.84,34.2,1880|3920|2872|9520|10452|9528|444|12496|16704|19124|21288|25856|16008|16836|14796|13808|22768|1564|13096|15948
2026-08-26T17:26:12.3442910-07:00,100,78,23626,24576,96.1,30.08,31.91,94.3,25,17.76,7.7,637.85,34.2,1880|3920|2872|9520|10452|9528|444|12496|16704|19124|21288|25856|16008|16836|14796|13808|22768|1564|13096|15948
2026-08-26T17:26:58.6476094-07:00,98,78,23626,24576,96.1,30.32,31.91,95,18,17.75,7.7,637.84,34.2,1880|3920|2872|9520|10452|9528|444|12496|16704|19124|21288|25856|16008|16836|14796|13808|22768|1564|13096|15948
2026-08-26T17:27:44.9451303-07:00,98,78,23626,24576,96.1,30.49,31.91,95.5,13,17.75,7.7,637.84,34.2,1880|3920|2872|9520|10452|9528|444|12496|16704|19124|21288|25856|16008|16836|14796|13808|22768|1564|13096|15948
2026-08-26T17:28:31.2204726-07:00,100,78,23626,24576,96.1,30.83,31.91,96.6,18,17.75,7.7,637.84,34.2,1880|3920|2872|9520|10452|9528|444|12496|16704|19124|21288|25856|16008|16836|14796|13808|22768|1564|13096|15948
2026-08-26T17:29:17.5370390-07:00,100,78,23626,24576,96.1,31,31.91,97.1,13,17.75,7.7,637.84,34.2,1880|3920|2872|9520|10452|9528|444|12496|16704|19124|21288|25856|16008|16836|14796|13808|22768|1564|13096|15948
2026-08-26T17:30:03.8136036-07:00,98,78,23626,24576,96.1,31.28,31.91,98,13,17.75,7.7,637.84,34.2,1880|3920|2872|9520|10452|9528|444|12496|16704|19124|21288|25856|16008|16836|14796|13808|22768|1564|13096|15948
2026-08-26T17:30:50.0922577-07:00,100,78,23626,24576,96.1,31.32,31.91,98.2,16,17.75,7.7,637.84,34.2,1880|3920|2872|9520|10452|9528|444|12496|16704|19124|21288|25856|16008|16836|14796|13808|22768|1564|13096|15948
2026-08-26T17:31:36.3903731-07:00,86,78,23626,24576,96.1,31.28,31.91,98,15,17.75,7.7,637.84,34.2,1880|3920|2872|9520|10452|9528|444|12496|16704|19124|21288|25856|16008|16836|14796|13808|22768|1564|13096|15948
2026-08-26T17:32:22.6814781-07:00,100,78,23626,24576,96.1,31.3,31.91,98.1,10,17.75,7.7,637.84,34.2,1880|3920|2872|9520|10452|9528|444|12496|16704|19124|21288|25856|16008|16836|14796|13808|22768|1564|13096|15948
2026-08-26T17:33:08.9868032-07:00,100,78,23626,24576,96.1,31.35,31.91,98.2,14,17.75,7.7,637.84,34.2,1880|3920|2872|9520|10452|9528|444|12496|16704|19124|21288|25856|16008|16836|14796|13808|22768|1564|13096|15948
2026-08-26T17:33:55.2847099-07:00,100,79,23626,24576,96.1,31.24,31.91,97.9,14,17.74,7.7,637.84,34.2,1880|3920|2872|9520|10452|9528|444|12496|16704|19124|21288|25856|16008|16836|14796|13808|22768|1564|13096|15948
2026-08-26T17:34:41.5921545-07:00,98,78,23643,24576,96.2,31.33,31.91,98.2,17,17.74,7.7,637.84,34.2,1880|3920|2872|9520|10452|9528|444|12496|16704|19124|21288|25856|16008|16836|14796|13808|22768|1564|13096|15948|14968
2026-08-26T17:35:27.8631677-07:00,100,78,23634,24576,96.2,31.25,31.91,97.9,19,17.74,7.7,637.84,34.2,1880|3920|2872|9520|10452|9528|444|12496|16704|19124|21288|25856|16008|16836|14796|13808|22768|1564|13096|15948
2026-08-26T17:36:14.1645744-07:00,100,78,23634,24576,96.2,31.22,31.91,97.8,22,17.73,7.7,637.84,34.2,1880|3920|2872|9520|10452|9528|444|12496|16704|19124|21288|25856|16008|16836|14796|13808|22768|1564|13096|15948
2026-08-26T17:37:00.4580038-07:00,100,77,23634,24576,96.2,31.32,31.91,98.2,23,17.73,7.7,637.84,34.2,1880|3920|2872|9520|10452|9528|444|12496|16704|19124|21288|25856|16008|16836|14796|13808|22768|1564|13096|15948
2026-08-26T17:37:46.7466037-07:00,100,78,23634,24576,96.2,31.2,31.91,97.8,20,17.73,7.7,637.84,34.2,1880|3920|2872|9520|10452|9528|444|12496|16704|19124|21288|25856|16008|16836|14796|13808|22768|1564|13096|15948
2026-08-26T17:38:33.0464801-07:00,98,78,23634,24576,96.2,31.21,31.91,97.8,23,17.73,7.7,637.84,34.2,1880|3920|2872|9520|10452|9528|444|12496|16704|19124|21288|25856|16008|16836|14796|13808|22768|1564|13096|15948
2026-08-26T17:39:19.3272431-07:00,97,79,23634,24576,96.2,31.39,31.91,98.4,21,17.73,7.7,637.84,34.2,1880|3920|2872|9520|10452|9528|444|12496|16704|19124|21288|25856|16008|16836|14796|13808|22768|1564|13096|15948
2026-08-26T17:40:05.6157792-07:00,100,78,23636,24576,96.2,31.4,31.91,98.4,15,17.73,7.7,637.84,34.2,1880|3920|2872|9520|10452|9528|444|12496|16704|19124|21288|25856|16008|16836|14796|13808|22768|1564|13096|15948
2026-08-26T17:40:51.9372248-07:00,88,78,23636,24576,96.2,31.43,31.91,98.5,11,17.73,7.7,637.84,34.2,1880|3920|2872|9520|10452|9528|444|12496|16704|19124|21288|25856|16008|16836|14796|13808|22768|1564|13096|15948
2026-08-26T17:41:38.2222598-07:00,98,78,23636,24576,96.2,31.35,31.91,98.2,22,17.73,7.7,637.84,34.2,1880|3920|2872|9520|10452|9528|444|12496|16704|19124|21288|25856|16008|16836|14796|13808|22768|1564|13096|15948
2026-08-26T17:42:24.5365972-07:00,98,78,23636,24576,96.2,31.34,31.91,98.2,19,17.72,7.7,637.84,34.2,1880|3920|2872|9520|10452|9528|444|12496|16704|19124|21288|25856|16008|16836|14796|13808|22768|1564|13096|15948
2026-08-26T17:43:10.8128592-07:00,100,79,23636,24576,96.2,31.36,31.91,98.3,16,17.72,7.7,637.84,34.2,1880|3920|2872|9520|10452|9528|444|12496|16704|19124|21288|25856|16008|16836|14796|13808|22768|1564|13096|15948
2026-08-26T17:43:57.0984469-07:00,100,78,23636,24576,96.2,31.26,31.91,98,17,17.72,7.7,637.84,34.2,1880|3920|2872|9520|10452|9528|444|12496|16704|19124|21288|25856|16008|16836|14796|13808|22768|1564|13096|15948
2026-08-26T17:44:43.4431065-07:00,98,78,23636,24576,96.2,31.38,31.91,98.3,18,17.72,7.7,637.84,34.2,1880|3920|2872|9520|10452|9528|444|12496|16704|19124|21288|25856|16008|16836|14796|13808|22768|1564|13096|15948
2026-08-26T17:45:29.7543707-07:00,100,77,23636,24576,96.2,31.39,31.91,98.4,25,17.72,7.7,637.84,34.2,1880|3920|2872|9520|10452|9528|444|12496|16704|19124|21288|25856|16008|16836|14796|13808|22768|1564|13096|15948
2026-08-26T17:46:16.0502113-07:00,100,78,23636,24576,96.2,31.32,31.91,98.2,23,17.71,7.7,637.84,34.2,1880|3920|2872|9520|10452|9528|444|12496|16704|19124|21288|25856|16008|16836|14796|13808|22768|1564|13096|15948
2026-08-26T17:47:02.3675858-07:00,100,78,23636,24576,96.2,31.29,31.91,98.1,12,17.7,7.7,637.84,34.2,1880|3920|2872|9520|10452|9528|444|12496|16704|19124|21288|25856|16008|16836|14796|13808|22768|1564|13096|15948
2026-08-26T17:47:48.6876078-07:00,100,78,23636,24576,96.2,31.18,31.91,97.7,29,17.7,7.7,637.85,34.2,1880|3920|2872|9520|10452|9528|444|12496|16704|19124|21288|25856|16008|16836|14796|13808|22768|1564|13096|15948
2026-08-26T17:48:34.9936322-07:00,100,77,23636,24576,96.2,31.25,31.91,97.9,17,17.7,7.7,637.84,34.2,1880|3920|2872|9520|10452|9528|444|12496|16704|19124|21288|25856|16008|16836|14796|13808|22768|1564|13096|15948
2026-08-26T17:49:21.2956435-07:00,100,78,23636,24576,96.2,31.1,31.91,97.5,15,17.69,7.6,637.85,34.2,1880|3920|2872|9520|10452|9528|444|12496|16704|19124|21288|25856|16008|16836|14796|13808|22768|1564|13096|15948
2026-08-26T17:50:07.5804041-07:00,0,73,23636,24576,96.2,23.41,31.91,73.4,74,17.69,7.6,637.84,34.2,1880|3920|2872|9520|10452|9528|444|12496|16704|19124|21288|25856|16008|16836|14796|13808|22768|1564|13096|15948
2026-08-26T17:50:53.9793185-07:00,1,58,23636,24576,96.2,13.98,31.91,43.8,4,17.69,7.6,637.84,34.2,1880|3920|2872|9520|10452|9528|444|12496|16704|19124|21288|25856|16008|16836|14796|13808|22768|1564|13096|15948
2026-08-26T17:51:40.2889702-07:00,100,75,23636,24576,96.2,13.18,31.91,41.3,10,17.68,7.6,637.84,34.2,1880|3920|2872|9520|10452|9528|444|12496|16704|19124|21288|25856|16008|16836|14796|13808|22768|1564|13096|15948
2026-08-26T17:52:26.5774374-07:00,100,78,23636,24576,96.2,13.52,31.91,42.4,34,17.67,7.6,637.84,34.2,1880|3920|2872|9520|10452|9528|444|12496|16704|19124|21288|25856|16008|16836|14796|13808|22768|1564|13096|15948
2026-08-26T17:53:12.8776385-07:00,100,79,23636,24576,96.2,13.91,31.91,43.6,11,17.67,7.6,637.84,34.2,1880|3920|2872|9520|10452|9528|444|12496|16704|19124|21288|25856|16008|16836|14796|13808|22768|1564|13096|15948
2026-08-26T17:53:59.1646683-07:00,99,79,23636,24576,96.2,14.27,31.91,44.7,45,17.66,7.6,637.84,34.2,1880|3920|2872|9520|10452|9528|444|12496|16704|19124|21288|25856|16008|16836|14796|13808|22768|1564|13096|15948
2026-08-26T17:54:45.4592935-07:00,100,78,23636,24576,96.2,14.51,31.91,45.5,13,17.65,7.6,637.84,34.2,1880|3920|2872|9520|10452|9528|444|12496|16704|19124|21288|25856|16008|16836|14796|13808|22768|1564|13096|15948
2026-08-26T17:55:31.7495780-07:00,100,79,23636,24576,96.2,14.76,31.91,46.3,15,17.65,7.6,637.84,34.2,1880|3920|2872|9520|10452|9528|444|12496|16704|19124|21288|25856|16008|16836|14796|13808|22768|1564|13096|15948
2026-08-26T17:56:18.0536460-07:00,100,78,23636,24576,96.2,14.97,31.91,46.9,12,17.65,7.6,637.84,34.2,1880|3920|2872|9520|10452|9528|444|12496|16704|19124|21288|25856|16008|16836|14796|13808|22768|1564|13096|15948
2026-08-26T17:57:04.3349179-07:00,100,79,23636,24576,96.2,15.36,31.91,48.1,9,17.65,7.6,637.84,34.2,1880|3920|2872|9520|10452|9528|444|12496|16704|19124|21288|25856|16008|16836|14796|13808|22768|1564|13096|15948
2026-08-26T17:57:50.6468480-07:00,100,79,23636,24576,96.2,15.71,31.91,49.2,11,17.65,7.6,637.84,34.2,1880|3920|2872|9520|10452|9528|444|12496|16704|19124|21288|25856|16008|16836|14796|13808|22768|1564|13096|15948
2026-08-26T17:58:36.9260678-07:00,99,78,23636,24576,96.2,16.07,31.91,50.4,12,17.63,7.6,637.84,34.2,1880|3920|2872|9520|10452|9528|444|12496|16704|19124|21288|25856|16008|16836|14796|13808|22768|1564|13096|15948
2026-08-26T17:59:23.2069896-07:00,100,79,23636,24576,96.2,16.4,31.91,51.4,16,17.63,7.6,637.84,34.2,1880|3920|2872|9520|10452|9528|444|12496|16704|19124|21288|25856|16008|16836|14796|13808|22768|1564|13096|15948
2026-08-26T18:00:09.4975121-07:00,9,71,23636,24576,96.2,13.18,31.91,41.3,9,17.62,7.6,636.1,34.1,1880|3920|2872|9520|10452|9528|444|12496|16704|19124|21288|25856|16008|16836|14796|13808|22768|1564|13096|15948
2026-08-26T18:00:55.8147430-07:00,100,63,23636,24576,96.2,14.87,31.91,46.6,26,17.62,7.6,635.03,34.1,1880|3920|2872|9520|10452|9528|444|12496|16704|19124|21288|25856|16008|16836|14796|13808|22768|1564|13096|15948
2026-08-26T18:01:42.0988264-07:00,100,76,23636,24576,96.2,15.26,31.91,47.8,21,17.62,7.6,635.03,34.1,1880|3920|2872|9520|10452|9528|444|12496|16704|19124|21288|25856|16008|16836|14796|13808|22768|1564|13096|15948
2026-08-26T18:02:28.3947357-07:00,100,79,23636,24576,96.2,15.45,31.91,48.4,29,17.62,7.6,635.03,34.1,1880|3920|2872|9520|10452|9528|444|12496|16704|19124|21288|25856|16008|16836|14796|13808|22768|1564|13096|15948
2026-08-26T18:03:14.6917128-07:00,100,78,23636,24576,96.2,15.95,31.91,50,29,17.62,7.6,635.03,34.1,1880|3920|2872|9520|10452|9528|444|12496|16704|19124|21288|25856|16008|16836|14796|13808|22768|1564|13096|15948
2026-08-26T18:04:01.0133837-07:00,98,79,23636,24576,96.2,16.31,31.91,51.1,35,17.61,7.6,635.03,34.1,1880|3920|2872|9520|10452|9528|444|12496|16704|19124|21288|25856|16008|16836|14796|13808|22768|1564|13096|15948
2026-08-26T18:04:47.3223839-07:00,100,78,23645,24576,96.2,16.63,31.91,52.1,35,17.61,7.6,635.03,34.1,1880|3920|2872|9520|10452|9528|444|12496|16704|19124|21288|25856|16008|16836|14796|13808|22768|1564|13096|15948|22812
2026-08-26T18:05:33.6457868-07:00,2,69,815,24576,3.3,10.46,31.91,32.8,23,17.6,7.6,635.03,34.1,1880|3920|2872|9520|10452|9528|444|12496|16704|19124|21288|25856|16008|16836|14796|13808|22768|1564|13096|22812|16004
2026-08-26T18:06:19.9662007-07:00,2,58,847,24576,3.4,15.44,31.91,48.4,67,17.58,7.6,635.03,34.1,1880|3920|2872|9520|10452|9528|444|12496|16704|19124|21288|25856|16008|16836|14796|13808|22768|1564|13096|22812|16004
2026-08-26T18:07:06.2944820-07:00,100,71,15378,24576,62.6,19.33,31.91,60.6,19,17.59,7.6,635.03,34.1,1880|3920|2872|9520|10452|9528|444|12496|16704|19124|21288|25856|16008|16836|14796|13808|22768|1564|13096|22812|16004|1944
2026-08-26T18:07:52.5832889-07:00,98,76,17357,24576,70.6,19.51,31.91,61.1,29,17.57,7.6,635.03,34.1,1880|3920|2872|9520|10452|9528|444|12496|16704|19124|21288|25856|16008|16836|14796|13808|22768|1564|13096|22812|16004|1944
2026-08-26T18:08:38.8860826-07:00,98,79,17357,24576,70.6,19.89,31.91,62.3,20,17.57,7.6,635.03,34.1,1880|3920|2872|9520|10452|9528|444|12496|16704|19124|21288|25856|16008|16836|14796|13808|22768|1564|13096|22812|16004|1944
2026-08-26T18:09:25.1785879-07:00,100,78,19389,24576,78.9,20.24,31.91,63.4,26,17.57,7.6,635.03,34.1,1880|3920|2872|9520|10452|9528|444|12496|16704|19124|21288|25856|16008|16836|14796|13808|22768|1564|13096|22812|16004|1944
2026-08-26T18:10:11.4896804-07:00,100,79,19403,24576,79,20.01,31.91,62.7,54,17.57,7.6,635.03,34.1,1880|3920|2872|9520|10452|9528|444|12496|16704|19124|21288|25856|16008|16836|14796|13808|22768|1564|13096|22812|16004|1944
2026-08-26T18:10:57.8332444-07:00,100,78,19372,24576,78.8,19.55,31.91,61.3,37,17.56,7.6,635.03,34.1,1880|3920|2872|9520|10452|9528|444|12496|16704|19124|21288|25856|16008|16836|14796|13808|22768|1564|13096|22812|1944
2026-08-26T18:11:44.1631925-07:00,98,78,19372,24576,78.8,19.95,31.91,62.5,37,17.55,7.6,635.03,34.1,1880|3920|2872|9520|10452|9528|444|12496|16704|19124|21288|25856|16008|16836|14796|13808|22768|1564|13096|22812|1944
2026-08-26T18:12:30.5043642-07:00,98,78,19372,24576,78.8,20.28,31.91,63.6,30,17.55,7.6,635.03,34.1,1880|3920|2872|9520|10452|9528|444|12496|16704|19124|21288|25856|16008|16836|14796|13808|22768|1564|13096|22812|1944
2026-08-26T18:13:16.8127202-07:00,2,61,3368,24576,13.7,13.33,31.91,41.8,18,17.54,7.6,635.03,34.1,1880|3920|2872|9520|10452|9528|444|12496|16704|19124|21288|25856|16008|16836|14796|13808|22768|1564|13096|22812|14032
2026-08-26T18:14:03.0947401-07:00,2,57,820,24576,3.3,9.37,31.91,29.4,5,17.54,7.6,635.03,34.1,1880|3920|2872|9520|10452|9528|444|12496|16704|19124|21288|25856|16008|16836|14796|13808|22768|1564|13096|22812
2026-08-26T18:14:49.3677486-07:00,2,53,820,24576,3.3,9.39,31.91,29.4,7,17.54,7.6,635.03,34.1,1880|3920|2872|9520|10452|9528|444|12496|16704|19124|21288|25856|16008|16836|14796|13808|22768|1564|13096|22812
2026-08-26T18:15:35.6169974-07:00,2,54,820,24576,3.3,9.37,31.91,29.4,5,17.54,7.6,635.03,34.1,1880|3920|2872|9520|10452|9528|444|12496|16704|19124|21288|25856|16008|16836|14796|13808|22768|1564|13096|22812
2026-08-26T18:16:21.8899654-07:00,3,55,820,24576,3.3,9.34,31.91,29.3,6,17.54,7.6,640.65,34.4,1880|3920|2872|9520|10452|9528|444|12496|16704|19124|21288|25856|16008|16836|14796|13808|22768|1564|13096|22812
2026-08-26T18:17:08.1625505-07:00,6,55,820,24576,3.3,9.36,31.91,29.3,3,17.53,7.6,640.65,34.4,1880|3920|2872|9520|10452|9528|444|12496|16704|19124|21288|25856|16008|16836|14796|13808|22768|1564|13096|22812
2026-08-26T18:17:54.4494414-07:00,2,55,820,24576,3.3,9.36,31.91,29.3,5,17.53,7.6,640.65,34.4,1880|3920|2872|9520|10452|9528|444|12496|16704|19124|21288|25856|16008|16836|14796|13808|22768|1564|13096|22812
2026-08-26T18:18:40.7057402-07:00,2,55,820,24576,3.3,9.36,31.91,29.3,3,17.53,7.6,640.65,34.4,1880|3920|2872|9520|10452|9528|444|12496|16704|19124|21288|25856|16008|16836|14796|13808|22768|1564|13096|22812
2026-08-26T18:19:26.9751217-07:00,2,55,820,24576,3.3,9.37,31.91,29.4,3,17.53,7.6,640.65,34.4,1880|3920|2872|9520|10452|9528|444|12496|16704|19124|21288|25856|16008|16836|14796|13808|22768|1564|13096|22812
2026-08-26T18:20:13.2268672-07:00,2,55,820,24576,3.3,9.43,31.91,29.6,3,17.53,7.6,640.65,34.4,1880|3920|2872|9520|10452|9528|444|12496|16704|19124|21288|25856|16008|16836|14796|13808|22768|1564|13096|22812
2026-08-26T18:20:59.5070952-07:00,2,55,820,24576,3.3,9.46,31.91,29.6,8,17.53,7.6,640.65,34.4,1880|3920|2872|9520|10452|9528|444|12496|16704|19124|21288|25856|16008|16836|14796|13808|22768|1564|13096|22812
2026-08-26T18:21:45.7889757-07:00,2,54,820,24576,3.3,9.39,31.91,29.4,5,17.53,7.6,640.65,34.4,1880|3920|2872|9520|10452|9528|444|12496|16704|19124|21288|25856|16008|16836|14796|13808|22768|1564|13096|22812
2026-08-26T18:22:32.0654306-07:00,2,54,820,24576,3.3,9.4,31.91,29.5,4,17.52,7.6,640.65,34.4,1880|3920|2872|9520|10452|9528|444|12496|16704|19124|21288|25856|16008|16836|14796|13808|22768|1564|13096|22812
2026-08-26T18:23:18.3137714-07:00,2,54,820,24576,3.3,9.39,31.91,29.4,2,17.52,7.6,640.65,34.4,1880|3920|2872|9520|10452|9528|444|12496|16704|19124|21288|25856|16008|16836|14796|13808|22768|1564|13096|22812
2026-08-26T18:24:04.5961512-07:00,2,54,820,24576,3.3,9.4,31.91,29.5,1,17.52,7.6,640.65,34.4,1880|3920|2872|9520|10452|9528|444|12496|16704|19124|21288|25856|16008|16836|14796|13808|22768|1564|13096|22812
2026-08-26T18:24:50.8576396-07:00,2,54,820,24576,3.3,9.39,31.91,29.4,4,17.52,7.6,640.65,34.4,1880|3920|2872|9520|10452|9528|444|12496|16704|19124|21288|25856|16008|16836|14796|13808|22768|1564|13096|22812
2026-08-26T18:25:37.1075347-07:00,1,54,820,24576,3.3,9.42,31.91,29.5,0,17.52,7.6,640.65,34.4,1880|3920|2872|9520|10452|9528|444|12496|16704|19124|21288|25856|16008|16836|14796|13808|22768|1564|13096|22812
2026-08-26T18:26:23.3688631-07:00,2,54,820,24576,3.3,9.41,31.91,29.5,4,17.51,7.6,640.65,34.4,1880|3920|2872|9520|10452|9528|444|12496|16704|19124|21288|25856|16008|16836|14796|13808|22768|1564|13096|22812
2026-08-26T18:27:09.6361059-07:00,0,54,820,24576,3.3,9.41,31.91,29.5,6,17.5,7.6,640.65,34.4,1880|3920|2872|9520|10452|9528|444|12496|16704|19124|21288|25856|16008|16836|14796|13808|22768|1564|13096|22812
2026-08-26T18:27:55.8788772-07:00,2,53,812,24576,3.3,9.42,31.91,29.5,10,17.5,7.6,640.65,34.4,1880|3920|2872|9520|10452|9528|444|12496|16704|19124|21288|25856|16008|16836|14796|13808|22768|1564|13096|22812
2026-08-26T18:28:42.1558161-07:00,2,53,812,24576,3.3,9.54,31.91,29.9,3,17.51,7.6,640.65,34.4,1880|3920|2872|9520|10452|9528|444|12496|16704|19124|21288|25856|16008|16836|14796|13808|22768|1564|13096|22812
2026-08-26T18:29:28.4073515-07:00,2,53,812,24576,3.3,9.51,31.91,29.8,3,17.5,7.6,640.65,34.4,1880|3920|2872|9520|10452|9528|444|12496|16704|19124|21288|25856|16008|16836|14796|13808|22768|1564|13096|22812
2026-08-26T18:30:14.6756824-07:00,2,53,812,24576,3.3,9.46,31.91,29.6,10,17.49,7.6,640.65,34.4,1880|3920|2872|9520|10452|9528|444|12496|16704|19124|21288|25856|16008|16836|14796|13808|22768|1564|13096|22812
2026-08-26T18:31:00.9392353-07:00,2,53,812,24576,3.3,9.42,31.91,29.5,9,17.48,7.6,640.65,34.4,1880|3920|2872|9520|10452|9528|444|12496|16704|19124|21288|25856|16008|16836|14796|13808|22768|1564|13096|22812
2026-08-26T18:31:47.2075761-07:00,7,53,812,24576,3.3,9.47,31.91,29.7,6,17.48,7.6,640.65,34.4,1880|3920|2872|9520|10452|9528|444|12496|16704|19124|21288|25856|16008|16836|14796|13808|22768|1564|13096|22812
2026-08-26T18:32:33.4656726-07:00,2,53,812,24576,3.3,9.5,31.91,29.8,5,17.48,7.6,640.65,34.4,1880|3920|2872|9520|10452|9528|444|12496|16704|19124|21288|25856|16008|16836|14796|13808|22768|1564|13096|22812
2026-08-26T18:33:19.7649482-07:00,2,53,812,24576,3.3,9.44,31.91,29.6,7,17.48,7.6,640.65,34.4,1880|3920|2872|9520|10452|9528|444|12496|16704|19124|21288|25856|16008|16836|14796|13808|22768|1564|13096|22812
2026-08-26T18:34:06.0235133-07:00,4,52,812,24576,3.3,9.58,31.91,30,15,17.48,7.6,640.65,34.4,1880|3920|2872|9520|10452|9528|444|12496|16704|19124|21288|25856|16008|16836|14796|13808|22768|1564|13096|22812
2026-08-26T18:34:52.3290262-07:00,17,53,954,24576,3.9,10.87,31.91,34.1,17,17.45,7.5,640.65,34.4,1880|3920|2872|9520|10452|9528|444|12496|16704|19124|21288|25856|16008|16836|14796|13808|22768|1564|13096|22812|13620
2026-08-26T18:35:38.6204418-07:00,16,53,971,24576,4,10.59,31.91,33.2,18,17.46,7.5,640.65,34.4,1880|3920|2872|9520|10452|9528|444|12496|16704|19124|21288|25856|16008|16836|14796|13808|22768|1564|13096|22812|13620
2026-08-26T18:36:24.9195130-07:00,4,56,935,24576,3.8,10.5,31.91,32.9,13,17.44,7.5,640.65,34.4,1880|3920|2872|9520|10452|9528|444|12496|16704|19124|21288|25856|16008|16836|14796|13808|22768|1564|13096|22812|13620
2026-08-26T18:37:11.2527294-07:00,30,53,942,24576,3.8,10.66,31.91,33.4,22,17.41,7.5,640.65,34.4,1880|3920|2872|9520|10452|9528|444|12496|16704|19124|21288|25856|16008|16836|14796|13808|22768|1564|13096|22812|13620
2026-08-26T18:37:57.5502913-07:00,21,53,1103,24576,4.5,10.88,31.91,34.1,14,17.39,7.5,640.65,34.4,1880|3920|2872|9520|10452|9528|444|12496|16704|19124|21288|25856|16008|16836|14796|13808|22768|1564|13096|22812|13620
2026-08-26T18:38:43.8522157-07:00,17,53,1379,24576,5.6,11.08,31.91,34.7,29,17.27,7.5,640.65,34.4,1880|3920|2872|9520|10452|9528|444|12496|16704|19124|21288|25856|16008|16836|14796|13808|22768|1564|13096|22812|13620
2026-08-26T18:39:30.1569577-07:00,4,52,1038,24576,4.2,10.68,31.91,33.5,5,17.27,7.5,640.65,34.4,1880|3920|2872|9520|10452|9528|444|12496|16704|19124|21288|25856|16008|16836|14796|22768|1564|13096|22812|13620
2026-08-26T18:40:16.4154735-07:00,12,52,1206,24576,4.9,11.01,31.91,34.5,23,17.47,7.6,640.65,34.4,1880|3920|2872|9520|10452|9528|444|12496|16704|19124|21288|25856|16008|16836|14796|22768|1564|13096|22812|13620
2026-08-26T18:41:02.7524029-07:00,6,52,1633,24576,6.6,11.75,31.91,36.8,20,17.45,7.5,640.65,34.4,1880|3920|2872|9520|10452|9528|444|12496|16704|19124|21288|25856|16008|16836|14796|22768|1564|13096|22812|13620
2026-08-26T18:41:49.0563934-07:00,5,52,785,24576,3.2,9.57,31.91,30,11,17.48,7.6,640.65,34.4,1880|3920|2872|9520|10452|9528|444|12496|16704|19124|21288|25856|16008|16836|14796|22768|1564|13096|22812
2026-08-26T18:42:35.3364854-07:00,2,53,1001,24576,4.1,11.37,31.91,35.6,14,17.42,7.5,640.63,34.4,1880|3920|2872|9520|10452|9528|444|12496|16704|19124|21288|25856|16008|16836|14796|22768|1564|13096|22812|20780
2026-08-26T18:43:21.6082905-07:00,2,52,1000,24576,4.1,11.48,31.91,36,15,17.42,7.5,640.63,34.4,1880|3920|2872|9520|10452|9528|444|12496|16704|19124|21288|25856|16008|16836|14796|22768|1564|13096|22812|20780
2026-08-26T18:44:07.9108975-07:00,1,54,997,24576,4.1,11.37,31.91,35.6,6,17.43,7.5,642.16,34.5,1880|3920|2872|9520|10452|9528|444|12496|16704|19124|21288|25856|16008|16836|14796|22768|1564|13096|22812|20780
2026-08-26T18:44:54.2069685-07:00,10,53,1020,24576,4.2,11.72,31.91,36.7,66,17.42,7.5,642.11,34.5,1880|3920|2872|9520|10452|9528|444|12496|16704|19124|21288|25856|16008|16836|14796|22768|1564|13096|22812|20780
2026-08-26T18:45:40.5427310-07:00,0,54,943,24576,3.8,11.51,31.91,36.1,12,17.38,7.5,642.11,34.5,1880|3920|2872|9520|10452|9528|444|12496|16704|19124|21288|25856|16008|16836|14796|22768|1564|22812|26836|26544
2026-08-26T18:46:26.8302752-07:00,4,54,1133,24576,4.6,12.91,31.91,40.5,17,17.35,7.5,642.11,34.5,1880|3920|2872|9520|10452|9528|444|12496|16704|19124|21288|25856|16008|16836|14796|22768|1564|22812|26836|26544|6928|25764
2026-08-26T18:47:13.1433717-07:00,7,57,1105,24576,4.5,12.84,31.91,40.2,16,17.35,7.5,642.11,34.5,1880|3920|2872|9520|10452|9528|444|12496|16704|19124|21288|25856|16008|16836|14796|22768|1564|22812|26836|26544|6928|25764
2026-08-26T18:47:59.4405288-07:00,3,55,1128,24576,4.6,12.68,31.91,39.7,12,17.38,7.5,642.11,34.5,1880|3920|2872|9520|10452|9528|444|12496|16704|19124|21288|25856|16008|16836|14796|22768|1564|22812|26836|26544|6928|25764
2026-08-26T18:48:45.7413596-07:00,2,55,1484,24576,6,13.54,31.91,42.4,19,17.34,7.5,642.11,34.5,1880|3920|2872|9520|10452|9528|444|12496|16704|19124|21288|25856|16008|16836|14796|22768|1564|22812|26836|26544|6928|25764|24672
2026-08-26T18:49:32.0633024-07:00,56,55,1595,24576,6.5,13.51,31.91,42.3,34,17.31,7.5,642.11,34.5,1880|3920|2872|9520|10452|9528|444|12496|16704|19124|21288|25856|16008|16836|14796|22768|1564|22812|26836|26544|6928|25764|24672
2026-08-26T18:50:18.4210194-07:00,9,57,1808,24576,7.4,15.18,31.91,47.6,35,17.18,7.4,642.06,34.5,1880|3920|2872|9520|10452|9528|444|12496|16704|19124|21288|25856|16008|16836|14796|22768|1564|22812|26836|26544|6928|25764|24672
2026-08-26T18:51:04.7666119-07:00,2,56,1679,24576,6.8,14.79,31.91,46.3,50,17.18,7.4,642.32,34.5,1880|3920|2872|9520|10452|9528|444|12496|16704|19124|21288|25856|16008|16836|22768|1564|22812|26836|26544|6928|25764|24672|25588|832
2026-08-26T18:51:51.1339164-07:00,34,56,1737,24576,7.1,15.42,31.91,48.3,28,17.17,7.4,642.68,34.5,1880|3920|2872|9520|10452|9528|444|12496|16704|19124|21288|25856|16008|16836|22768|1564|22812|26836|26544|6928|25764|24672|25588|832
2026-08-26T18:52:37.4854943-07:00,18,57,1905,24576,7.8,17.02,31.91,53.3,77,17.18,7.4,642.68,34.5,1880|3920|2872|9520|10452|9528|444|12496|16704|19124|21288|25856|16008|16836|22768|1564|22812|26836|26544|6928|25764|24672|25588|832|28540|3024|9864
2026-08-26T18:53:30.4021961-07:00,25,57,1982,24576,8.1,16.81,31.91,52.7,61,17.17,7.4,642.68,34.5,1880|3920|2872|9520|10452|9528|444|12496|16704|19124|21288|25856|16008|16836|22768|1564|22812|26836|26544|6928|25764|24672|25588|832|28540|3024
2026-08-26T18:54:16.7922560-07:00,33,57,2674,24576,10.9,18.12,31.91,56.8,43,17.16,7.4,642.68,34.5,1880|3920|2872|9520|10452|9528|444|12496|16704|19124|21288|25856|16008|16836|22768|1564|22812|26836|26544|6928|25764|24672|25588|832|28540|3024|18004|12540|8348
2026-08-26T18:55:03.2297042-07:00,39,60,3149,24576,12.8,18.49,31.91,57.9,39,17.21,7.4,642.68,34.5,1880|3920|2872|9520|10452|9528|444|12496|16704|19124|21288|25856|16008|16836|22768|1564|22812|26836|26544|6928|25764|24672|25588|832|28540|3024|18004|12540|8348
2026-08-26T18:55:49.7154530-07:00,34,61,2996,24576,12.2,18.22,31.91,57.1,45,17.32,7.5,642.68,34.5,1880|3920|2872|9520|10452|9528|444|12496|16704|19124|21288|25856|16008|16836|22768|22812|26836|26544|6928|25764|24672|25588|832|28540|3024|18004|12540|8348|17772
2026-08-26T18:56:36.1607503-07:00,39,59,3040,24576,12.4,17.91,31.91,56.1,60,17.3,7.5,642.68,34.5,1880|3920|2872|9520|10452|9528|444|12496|16704|19124|21288|25856|16008|16836|22768|22812|26836|26544|6928|25764|24672|25588|832|28540|3024|18004|12540|8348|17772
2026-08-26T18:57:22.6052790-07:00,27,60,2989,24576,12.2,17.95,31.91,56.3,59,17.3,7.5,642.68,34.5,1880|3920|2872|9520|10452|9528|444|12496|16704|19124|21288|25856|16008|16836|22768|22812|26836|26544|6928|25764|24672|25588|832|18004|12540|8348|17772
2026-08-26T18:58:09.2198498-07:00,35,61,2986,24576,12.2,17.69,31.91,55.4,62,17.3,7.5,642.68,34.5,1880|3920|2872|9520|10452|9528|444|12496|16704|19124|21288|25856|16008|16836|22768|22812|26836|26544|6928|25764|24672|25588|832|18004|12540|8348|17772
2026-08-26T18:58:55.6377106-07:00,33,61,3018,24576,12.3,17.49,31.91,54.8,53,17.32,7.5,642.68,34.5,1880|3920|2872|9520|10452|9528|444|12496|16704|19124|21288|25856|16008|16836|22768|22812|26836|26544|6928|25764|24672|25588|832|18004|12540|8348|17772
2026-08-26T18:59:42.0678058-07:00,30,60,2976,24576,12.1,17.94,31.91,56.2,68,17.33,7.5,642.68,34.5,1880|3920|2872|9520|10452|9528|444|12496|16704|19124|21288|25856|16008|16836|22768|22812|26836|26544|6928|25764|24672|25588|832|18004|12540|8348|17772
2026-08-26T19:00:28.6428224-07:00,39,60,2960,24576,12,18.23,31.91,57.1,42,17.33,7.5,642.68,34.5,1880|3920|2872|9520|10452|9528|444|12496|16704|19124|21288|25856|16008|16836|22768|22812|26836|26544|6928|25764|24672|25588|832|18004|12540|8348|17772|25248
2026-08-26T19:01:15.0777368-07:00,32,61,2931,24576,11.9,18.13,31.91,56.8,46,17.33,7.5,642.68,34.5,1880|3920|2872|9520|10452|9528|444|12496|16704|19124|21288|25856|16008|16836|22768|22812|26836|26544|6928|25764|24672|25588|832|18004|12540|8348|17772
2026-08-26T19:02:01.5625003-07:00,31,61,2937,24576,12,17.88,31.91,56,54,17.31,7.5,642.68,34.5,1880|3920|2872|9520|10452|9528|444|12496|16704|19124|21288|25856|16008|16836|22768|22812|26836|26544|6928|25764|24672|25588|832|18004|12540|8348|17772
2026-08-26T19:02:47.9919860-07:00,32,61,2937,24576,12,17.69,31.91,55.4,27,17.31,7.5,642.68,34.5,1880|3920|2872|9520|10452|9528|444|12496|16704|19124|21288|25856|16008|16836|22768|22812|26836|26544|6928|25764|24672|25588|832|18004|12540|8348|17772
2026-08-26T19:03:34.4233637-07:00,38,60,2936,24576,11.9,17.54,31.91,55,54,17.31,7.5,642.67,34.5,1880|3920|2872|9520|10452|9528|444|12496|16704|19124|21288|25856|16008|16836|22768|22812|26836|26544|6928|25764|24672|25588|832|18004|12540|8348|17772
2026-08-26T19:04:20.8799962-07:00,35,61,2936,24576,11.9,17.6,31.91,55.2,48,17.31,7.5,642.67,34.5,1880|3920|2872|9520|10452|9528|444|12496|16704|19124|21288|25856|16008|16836|22768|22812|26836|26544|6928|25764|24672|25588|832|18004|12540|8348|17772
2026-08-26T19:05:07.3314687-07:00,40,61,2912,24576,11.8,17.61,31.91,55.2,52,17.31,7.5,642.67,34.5,1880|3920|2872|9520|10452|9528|444|12496|16704|19124|21288|25856|16008|16836|22768|22812|26836|26544|6928|25764|24672|25588|832|18004|12540|8348|17772
2026-08-26T19:05:53.7597742-07:00,37,61,2906,24576,11.8,17.83,31.91,55.9,39,17.31,7.5,642.67,34.5,1880|3920|2872|9520|10452|9528|444|12496|16704|19124|21288|25856|16008|16836|22768|22812|26836|26544|6928|25764|24672|25588|832|18004|12540|8348|17772
2026-08-26T19:06:40.1984603-07:00,29,60,2913,24576,11.9,17.75,31.91,55.6,45,17.31,7.5,642.67,34.5,1880|3920|2872|9520|10452|9528|444|12496|16704|19124|21288|25856|16008|16836|22768|22812|26836|26544|6928|25764|24672|25588|832|18004|12540|8348|17772
2026-08-26T19:07:26.6882788-07:00,26,61,2930,24576,11.9,17.55,31.91,55,53,17.31,7.5,642.67,34.5,1880|3920|2872|9520|10452|9528|444|12496|16704|19124|21288|25856|16008|16836|22768|22812|26836|26544|6928|25764|24672|25588|832|18004|12540|8348|17772
2026-08-26T19:08:13.1443114-07:00,35,61,2916,24576,11.9,17.57,31.91,55.1,54,17.31,7.5,642.67,34.5,1880|3920|2872|9520|10452|9528|444|12496|16704|19124|21288|25856|16008|16836|22768|22812|26836|26544|6928|25764|24672|25588|832|18004|12540|8348|17772
2026-08-26T19:08:59.6002879-07:00,41,61,2911,24576,11.8,17.44,31.91,54.7,60,17.3,7.5,642.67,34.5,1880|3920|2872|9520|10452|9528|444|12496|16704|19124|21288|25856|16008|16836|22768|22812|26836|26544|6928|25764|24672|25588|832|18004|12540|8348|17772
2026-08-26T19:09:46.0689809-07:00,65,60,2910,24576,11.8,17.37,31.91,54.4,34,17.3,7.5,642.67,34.5,1880|3920|2872|9520|10452|9528|444|12496|16704|19124|21288|25856|16008|16836|22768|22812|26836|26544|6928|25764|24672|25588|832|18004|12540|8348|17772
2026-08-26T19:10:32.5126636-07:00,43,61,2918,24576,11.9,17.59,31.91,55.1,48,17.28,7.5,642.67,34.5,1880|3920|2872|9520|10452|9528|444|12496|16704|19124|21288|25856|16008|16836|22768|22812|26836|26544|6928|25764|24672|25588|832|18004|12540|8348|17772
2026-08-26T19:11:18.9275673-07:00,33,61,2920,24576,11.9,17.53,31.91,54.9,47,17.28,7.5,642.67,34.5,1880|3920|2872|9520|10452|9528|444|12496|16704|19124|21288|25856|16008|16836|22768|22812|26836|26544|6928|25764|24672|25588|832|18004|12540|8348|17772
2026-08-26T19:12:05.3300321-07:00,45,61,2943,24576,12,17.24,31.91,54,46,17.27,7.5,642.67,34.5,1880|3920|2872|9520|10452|9528|444|12496|16704|19124|21288|25856|16008|16836|22768|22812|26836|26544|6928|25764|24672|25588|832|18004|12540|8348|17772
2026-08-26T19:12:51.7427287-07:00,39,61,2926,24576,11.9,17.32,31.91,54.3,26,17.27,7.5,642.67,34.5,1880|3920|2872|9520|10452|9528|444|12496|16704|19124|21288|25856|16008|16836|22768|22812|26836|26544|6928|25764|24672|25588|832|18004|12540|8348|17772
2026-08-26T19:13:38.1435160-07:00,26,61,2946,24576,12,17.3,31.91,54.2,45,17.27,7.5,642.67,34.5,1880|3920|2872|9520|10452|9528|444|12496|16704|19124|21288|25856|16008|16836|22768|22812|26836|26544|6928|25764|24672|25588|832|18004|12540|8348|17772
2026-08-26T19:14:24.5731767-07:00,36,61,2920,24576,11.9,17.28,31.91,54.2,37,17.27,7.5,642.67,34.5,1880|3920|2872|9520|10452|9528|444|12496|16704|19124|21288|25856|16008|16836|22768|22812|26836|26544|6928|25764|24672|25588|832|18004|12540|8348|17772
2026-08-26T19:15:10.9668108-07:00,35,60,2927,24576,11.9,17.16,31.91,53.8,37,17.27,7.5,642.67,34.5,1880|3920|2872|9520|10452|9528|444|12496|16704|19124|21288|25856|16008|16836|22768|22812|26836|26544|6928|25764|24672|25588|832|18004|12540|8348|17772
2026-08-26T19:15:57.3803736-07:00,36,61,2943,24576,12,17.32,31.91,54.3,38,17.27,7.5,642.67,34.5,1880|3920|2872|9520|10452|9528|444|12496|16704|19124|21288|25856|16008|16836|22768|22812|26836|26544|6928|25764|24672|25588|832|18004|12540|8348|17772
2026-08-26T19:16:43.7809289-07:00,37,61,2939,24576,12,17.19,31.91,53.9,36,17.27,7.5,642.67,34.5,1880|3920|2872|9520|10452|9528|444|12496|16704|19124|21288|25856|16008|16836|22768|22812|26836|26544|6928|25764|24672|25588|832|18004|12540|8348|17772
2026-08-26T19:17:30.2178952-07:00,33,61,2924,24576,11.9,17.21,31.91,53.9,40,17.27,7.5,642.67,34.5,1880|3920|2872|9520|10452|9528|444|12496|16704|19124|21288|25856|16008|16836|22768|22812|26836|26544|6928|25764|24672|25588|832|18004|12540|8348|17772
2026-08-26T19:18:16.6228580-07:00,34,57,1568,24576,6.4,15.83,31.91,49.6,34,17.27,7.5,642.68,34.5,1880|3920|2872|9520|10452|9528|444|12496|16704|19124|21288|25856|16008|16836|22768|22812|26836|26544|6928|25764|24672|25588|832|17772
2026-08-26T19:19:02.9691975-07:00,38,58,1707,24576,6.9,15.82,31.91,49.6,60,17.3,7.5,642.68,34.5,1880|3920|2872|9520|10452|9528|444|12496|16704|19124|21288|25856|16008|16836|22768|22812|26836|26544|6928|25764|24672|25588|832|17772
2026-08-26T19:19:49.3323167-07:00,39,58,1705,24576,6.9,15.82,31.91,49.6,41,17.3,7.5,642.68,34.5,1880|3920|2872|9520|10452|9528|444|12496|16704|19124|21288|25856|16008|16836|22768|22812|26836|26544|6928|25764|24672|25588|832|17772
2026-08-26T19:20:35.7111508-07:00,33,58,1653,24576,6.7,16.11,31.91,50.5,43,17.3,7.5,642.68,34.5,1880|3920|2872|9520|10452|9528|444|12496|16704|19124|21288|25856|16008|16836|22768|22812|26836|26544|6928|25764|24672|25588|832|17772
2026-08-26T19:21:22.0642769-07:00,21,59,1703,24576,6.9,16.11,31.91,50.5,57,17.29,7.5,642.68,34.5,1880|3920|2872|9520|10452|9528|444|12496|16704|19124|21288|25856|16008|16836|22768|22812|26836|26544|6928|25764|24672|25588|832|17772
2026-08-26T19:22:08.4440402-07:00,34,58,2028,24576,8.3,16.43,31.91,51.5,40,17.29,7.5,642.68,34.5,1880|3920|2872|9520|10452|9528|444|12496|16704|19124|21288|25856|16008|16836|22768|22812|26836|26544|6928|25764|24672|25588|832|17772
2026-08-26T19:22:54.7723040-07:00,20,58,1581,24576,6.4,15.69,31.91,49.2,51,17.28,7.5,642.68,34.5,1880|3920|2872|9520|10452|9528|444|12496|16704|19124|21288|25856|16008|16836|22768|22812|26836|26544|6928|25764|24672|25588|832|17772
2026-08-26T19:23:41.1226785-07:00,46,57,1527,24576,6.2,14.19,31.91,44.5,14,17.27,7.5,642.68,34.5,1880|3920|2872|9520|10452|9528|444|12496|16704|19124|21288|25856|16008|16836|22768|22812|26836|26544|6928|25764|24672|25588|17772
2026-08-26T19:24:27.4220796-07:00,9,57,1668,24576,6.8,14.21,31.91,44.5,6,17.27,7.5,642.68,34.5,1880|3920|2872|9520|10452|9528|444|12496|16704|19124|21288|25856|16008|16836|22768|22812|26836|26544|6928|25764|24672|25588|17772
2026-08-26T19:25:13.7212457-07:00,9,56,1606,24576,6.5,14.07,31.91,44.1,18,17.27,7.5,642.68,34.5,1880|3920|2872|9520|10452|9528|444|12496|16704|19124|21288|25856|16008|16836|22768|22812|26836|26544|6928|25764|24672|25588|17772
2026-08-26T19:26:00.0337694-07:00,9,56,1463,24576,6,14.08,31.91,44.1,11,17.27,7.5,642.68,34.5,1880|3920|2872|9520|10452|9528|444|12496|16704|19124|21288|25856|16008|16836|22768|22812|26836|26544|6928|25764|24672|25588|17772
2026-08-26T19:26:46.3297011-07:00,10,56,1667,24576,6.8,14.03,31.91,44,7,17.24,7.5,642.68,34.5,1880|3920|2872|9520|10452|9528|444|12496|16704|19124|21288|25856|16008|16836|22768|22812|26836|26544|6928|25764|24672|25588|17772
2026-08-26T19:27:32.6269704-07:00,11,55,1559,24576,6.3,13.91,31.91,43.6,4,17.24,7.5,642.68,34.5,1880|3920|2872|9520|10452|9528|444|12496|16704|19124|21288|25856|16008|16836|22768|22812|26836|26544|6928|25764|24672|25588|17772
2026-08-26T19:28:18.8998585-07:00,9,55,1524,24576,6.2,13.91,31.91,43.6,12,17.24,7.5,642.68,34.5,1880|3920|2872|9520|10452|9528|444|12496|16704|19124|21288|25856|16008|16836|22768|22812|26836|26544|6928|25764|24672|25588|17772
2026-08-26T19:29:05.2264708-07:00,12,55,1437,24576,5.8,13.38,31.91,41.9,17,17.24,7.5,642.68,34.5,1880|3920|2872|9520|10452|9528|444|12496|16704|19124|21288|25856|16008|16836|22768|22812|26836|26544|6928|25764|24672|25588|17772
2026-08-26T19:29:51.5466832-07:00,29,55,1554,24576,6.3,13.48,31.91,42.2,17,17.24,7.5,642.68,34.5,1880|3920|2872|9520|10452|9528|444|12496|16704|19124|21288|25856|16008|16836|22768|22812|26836|26544|6928|25764|24672|25588|17772
2026-08-26T19:30:37.9212296-07:00,38,56,1571,24576,6.4,15.49,31.91,48.5,45,17.24,7.5,642.68,34.5,1880|3920|2872|9520|10452|9528|444|12496|16704|19124|21288|25856|16008|16836|22768|22812|26836|26544|6928|25764|24672|17772|16392|28512
2026-08-26T19:31:24.3290821-07:00,30,57,1541,24576,6.3,15.54,31.91,48.7,41,17.26,7.5,642.68,34.5,1880|3920|2872|9520|10452|9528|444|12496|16704|19124|21288|25856|16008|16836|22768|22812|26836|26544|6928|25764|24672|17772|16392|28512
2026-08-26T19:32:10.6993611-07:00,36,57,1363,24576,5.5,15.75,31.91,49.4,46,17.26,7.5,642.68,34.5,1880|3920|2872|9520|10452|9528|444|12496|16704|19124|21288|25856|16008|16836|22768|22812|26836|26544|6928|25764|24672|17772|16392|28512
2026-08-26T19:32:57.0872425-07:00,24,58,1407,24576,5.7,15.53,31.91,48.7,25,17.25,7.5,642.68,34.5,1880|3920|2872|9520|10452|9528|444|12496|16704|19124|21288|25856|16008|16836|22768|22812|26836|26544|6928|25764|24672|17772|16392|28512
2026-08-26T19:33:43.4387181-07:00,29,57,1324,24576,5.4,15.47,31.91,48.5,53,17.25,7.5,642.68,34.5,1880|3920|2872|9520|10452|9528|444|12496|16704|19124|21288|25856|16008|16836|22768|22812|26836|26544|6928|25764|24672|17772|16392|28512
2026-08-26T19:34:29.8120898-07:00,35,58,1414,24576,5.8,15.4,31.91,48.3,35,17.23,7.4,642.68,34.5,1880|3920|2872|9520|10452|9528|444|12496|16704|19124|21288|25856|16008|16836|22768|22812|26836|26544|6928|25764|24672|17772|16392|28512
2026-08-26T19:35:16.1734935-07:00,42,58,1390,24576,5.7,15.48,31.91,48.5,33,17.22,7.4,642.68,34.5,1880|3920|2872|9520|10452|9528|444|12496|16704|19124|21288|25856|16008|16836|22768|22812|26836|26544|6928|25764|24672|17772|16392|28512
2026-08-26T19:36:02.5475483-07:00,33,57,1409,24576,5.7,15.64,31.91,49,48,17.23,7.4,642.68,34.5,1880|3920|2872|9520|10452|9528|444|12496|16704|19124|21288|25856|16008|16836|22768|22812|26836|26544|6928|25764|24672|17772|16392|28512
2026-08-26T19:36:48.9394690-07:00,46,57,1389,24576,5.7,15.61,31.91,48.9,51,17.23,7.4,642.68,34.5,1880|3920|2872|9520|10452|9528|444|12496|16704|19124|21288|25856|16008|16836|22768|22812|26836|26544|6928|25764|24672|17772|16392|28512
2026-08-26T19:37:35.3012449-07:00,35,56,1418,24576,5.8,15.98,31.91,50.1,48,17.23,7.4,642.68,34.5,1880|3920|2872|9520|10452|9528|444|12496|16704|19124|21288|25856|16008|16836|22768|22812|26836|26544|6928|25764|24672|17772|16392|28512
2026-08-26T19:38:21.6931735-07:00,33,57,1486,24576,6,15.72,31.91,49.3,31,17.23,7.4,642.68,34.5,1880|3920|2872|9520|10452|9528|444|12496|16704|19124|21288|25856|16008|16836|22768|22812|26836|26544|6928|25764|24672|17772|16392|28512
2026-08-26T19:39:08.0746494-07:00,44,56,1372,24576,5.6,15.95,31.91,50,48,17.22,7.4,642.68,34.5,1880|3920|2872|9520|10452|9528|444|12496|16704|19124|21288|25856|16008|16836|22768|22812|26836|26544|6928|25764|24672|17772|16392|28512
2026-08-26T19:39:54.4506177-07:00,41,56,1405,24576,5.7,15.94,31.91,50,52,17.22,7.4,642.68,34.5,1880|3920|2872|9520|10452|9528|444|12496|16704|19124|21288|25856|16008|16836|22768|22812|26836|26544|6928|25764|24672|17772|16392|28512
2026-08-26T19:40:40.8319889-07:00,35,56,1407,24576,5.7,15.95,31.91,50,45,17.22,7.4,642.68,34.5,1880|3920|2872|9520|10452|9528|444|12496|16704|19124|21288|25856|16008|16836|22768|22812|26836|26544|6928|25764|24672|17772|16392|28512
2026-08-26T19:41:27.1935169-07:00,25,59,1554,24576,6.3,16.13,31.91,50.5,70,17.22,7.4,642.69,34.5,1880|3920|2872|9520|10452|9528|444|12496|16704|19124|21288|25856|16008|16836|22768|22812|26836|26544|6928|25764|24672|17772|16392|28512
2026-08-26T19:42:13.6520360-07:00,30,57,1421,24576,5.8,16.61,31.91,52.1,36,17.22,7.4,642.68,34.5,1880|3920|2872|9520|10452|9528|444|12496|16704|19124|21288|25856|16008|16836|22768|22812|26836|26544|6928|25764|24672|17772|16392|28512
2026-08-26T19:42:59.9930048-07:00,24,57,1440,24576,5.9,17.09,31.91,53.6,47,17,7.3,642.68,34.5,1880|3920|2872|9520|10452|9528|444|12496|16704|19124|21288|25856|16008|16836|22768|22812|26836|26544|6928|25764|24672|17772|16392|28512
2026-08-26T19:43:46.3957356-07:00,41,58,1634,24576,6.6,17.77,31.91,55.7,68,16.95,7.3,642.68,34.5,1880|3920|2872|9520|10452|9528|444|12496|16704|19124|21288|25856|16008|16836|22768|22812|26836|26544|6928|25764|24672|17772|16392|28512
2026-08-26T19:44:32.9462630-07:00,8,59,1496,24576,6.1,15.91,31.91,49.9,51,16.89,7.3,642.68,34.5,1880|3920|2872|9520|10452|9528|444|12496|16704|19124|21288|25856|16008|16836|22768|22812|26836|26544|6928|25764|17772|16392|1836|19540|9988
2026-08-26T19:45:19.3515775-07:00,40,58,1525,24576,6.2,17.16,31.91,53.8,58,16.93,7.3,642.69,34.5,1880|3920|2872|9520|10452|9528|444|12496|16704|19124|21288|25856|16008|16836|22768|22812|26836|26544|6928|25764|17772|1836|19540|9988|11344|26360
2026-08-26T19:46:05.7664004-07:00,37,58,1689,24576,6.9,17.4,31.91,54.5,59,17.13,7.4,642.69,34.5,1880|3920|2872|9520|10452|9528|444|12496|16704|19124|21288|25856|16008|16836|22768|22812|26836|26544|6928|25764|17772|1836|19540|9988|11344|26360
2026-08-26T19:46:52.1515800-07:00,14,57,1268,24576,5.2,17.37,31.91,54.4,12,23.01,9.9,642.69,34.5,1880|3920|2872|9520|10452|9528|444|12496|16704|19124|21288|25856|16008|16836|22768|22812|26836|26544|6928|25764|17772|1836|19540|9988|11344
2026-08-26T19:47:38.4577229-07:00,13,56,1269,24576,5.2,17.07,31.91,53.5,14,23.07,10,642.69,34.5,1880|3920|2872|9520|10452|9528|444|12496|16704|19124|21288|25856|16008|16836|22768|22812|26836|26544|6928|25764|17772|1836|19540|9988|11344
2026-08-26T19:48:25.5049315-07:00,11,56,1261,24576,5.1,16.82,31.91,52.7,23,23.1,10,642.69,34.5,1880|3920|2872|9520|10452|9528|444|12496|16704|19124|21288|25856|16008|16836|22768|22812|26836|26544|6928|25764|17772|1836|19540|9988|11344
2026-08-26T19:49:11.9085916-07:00,11,55,1227,24576,5,13.64,31.91,42.7,12,23.48,10.2,642.69,34.5,1880|3920|2872|9520|10452|9528|444|12496|16704|19124|21288|25856|16008|16836|22768|22812|26836|26544|6928|25764|17772|9988|11344
2026-08-26T19:49:58.2034077-07:00,13,55,1222,24576,5,13.58,31.91,42.6,5,29.44,12.7,642.69,34.5,1880|3920|2872|9520|10452|9528|444|12496|16704|19124|21288|25856|16008|16836|22768|22812|26836|26544|6928|25764|17772|9988|11344
2026-08-26T19:50:44.5028893-07:00,13,54,1221,24576,5,13.76,31.91,43.1,13,29.44,12.7,642.69,34.5,1880|3920|2872|9520|10452|9528|444|12496|16704|19124|21288|25856|16008|16836|22768|22812|26836|26544|6928|25764|17772|9988|11344
2026-08-26T19:51:30.8417727-07:00,13,54,1221,24576,5,14.12,31.91,44.2,9,29.44,12.7,642.69,34.5,1880|3920|2872|9520|10452|9528|444|12496|16704|19124|21288|25856|16008|16836|22768|22812|26836|26544|6928|25764|17772|9988|11344
2026-08-26T19:52:17.2229160-07:00,13,53,1246,24576,5.1,14.02,31.91,43.9,10,29.57,12.8,642.69,34.5,1880|3920|2872|9520|10452|9528|444|12496|16704|19124|21288|25856|16008|16836|22768|22812|26836|26544|6928|25764|17772|9988|11344
2026-08-26T19:53:03.5275919-07:00,8,53,1240,24576,5,14.18,31.91,44.4,12,29.57,12.8,642.69,34.5,1880|3920|2872|9520|10452|9528|444|12496|16704|19124|21288|25856|16008|16836|22768|22812|26836|26544|6928|25764|17772|9988|11344
2026-08-26T19:53:49.8425931-07:00,13,53,1240,24576,5,14.33,31.91,44.9,29,29.56,12.8,642.69,34.5,1880|3920|2872|9520|10452|9528|444|12496|16704|19124|21288|25856|16008|16836|22768|22812|26836|26544|6928|25764|17772|9988|11344
2026-08-26T19:54:36.1469190-07:00,9,52,1240,24576,5,13.95,31.91,43.7,17,29.55,12.8,642.69,34.5,1880|3920|2872|9520|10452|9528|444|12496|16704|19124|21288|25856|16008|16836|22768|22812|26836|26544|6928|25764|17772|9988|11344
2026-08-26T19:55:22.4584490-07:00,15,52,1217,24576,5,14.19,31.91,44.5,23,29.55,12.8,642.69,34.5,1880|3920|2872|9520|10452|9528|444|12496|16704|19124|21288|25856|16008|16836|22768|22812|26836|26544|6928|25764|17772|9988|11344
2026-08-26T19:56:08.7638237-07:00,0,52,1223,24576,5,14.14,31.91,44.3,8,29.55,12.8,642.69,34.5,1880|3920|2872|9520|10452|9528|444|12496|16704|19124|21288|25856|16008|16836|22768|22812|26836|26544|6928|25764|17772|9988|11344
2026-08-26T19:56:55.1165345-07:00,15,52,1224,24576,5,14.11,31.91,44.2,17,29.55,12.8,642.69,34.5,1880|3920|2872|9520|10452|9528|444|12496|16704|19124|21288|25856|16008|16836|22768|22812|26836|26544|6928|25764|17772|9988|11344
2026-08-26T19:57:41.4349378-07:00,13,52,1224,24576,5,13.76,31.91,43.1,19,29.55,12.8,642.69,34.5,1880|3920|2872|9520|10452|9528|444|12496|16704|19124|21288|25856|16008|16836|22768|22812|26836|26544|6928|25764|17772|9988|11344
2026-08-26T19:58:27.7517951-07:00,12,51,1224,24576,5,13.74,31.91,43.1,26,29.55,12.8,642.69,34.5,1880|3920|2872|9520|10452|9528|444|12496|16704|19124|21288|25856|16008|16836|22768|22812|26836|26544|6928|25764|17772|9988|11344
2026-08-26T19:59:14.0670600-07:00,15,51,1224,24576,5,13.91,31.91,43.6,12,29.55,12.8,642.69,34.5,1880|3920|2872|9520|10452|9528|444|12496|16704|19124|21288|25856|16008|16836|22768|22812|26836|26544|6928|25764|17772|9988|11344
2026-08-26T20:00:00.3839289-07:00,17,51,1224,24576,5,13.93,31.91,43.7,7,29.55,12.8,642.69,34.5,1880|3920|2872|9520|10452|9528|444|12496|16704|19124|21288|25856|16008|16836|22768|22812|26836|26544|6928|25764|17772|9988|11344
2026-08-26T20:00:46.6685657-07:00,0,51,1244,24576,5.1,14,31.91,43.9,14,29.55,12.8,642.69,34.5,1880|3920|2872|9520|10452|9528|444|12496|16704|19124|21288|25856|16008|16836|22768|22812|26836|26544|6928|25764|17772|9988|11344
2026-08-26T20:01:32.9900444-07:00,17,51,1246,24576,5.1,13.95,31.91,43.7,18,29.55,12.8,642.69,34.5,1880|3920|2872|9520|10452|9528|444|12496|16704|19124|21288|25856|16008|16836|22768|22812|26836|26544|6928|25764|17772|9988|11344
2026-08-26T20:02:19.2859471-07:00,15,51,1250,24576,5.1,13.84,31.91,43.4,21,29.55,12.8,642.69,34.5,1880|3920|2872|9520|10452|9528|444|12496|16704|19124|21288|25856|16008|16836|22768|22812|26836|26544|6928|25764|17772|9988|11344
2026-08-26T20:03:05.6048980-07:00,14,51,1247,24576,5.1,14.04,31.91,44,9,29.54,12.8,642.69,34.5,1880|3920|2872|9520|10452|9528|444|12496|16704|19124|21288|25856|16008|16836|22768|22812|26836|26544|6928|25764|17772|9988|11344
2026-08-26T20:03:51.9057763-07:00,0,51,1243,24576,5.1,14.08,31.91,44.1,17,29.54,12.8,642.69,34.5,1880|3920|2872|9520|10452|9528|444|12496|16704|19124|21288|25856|16008|16836|22768|22812|26836|26544|6928|25764|17772|9988|11344
2026-08-26T20:04:38.2335977-07:00,0,51,1243,24576,5.1,13.84,31.91,43.4,9,29.54,12.8,642.69,34.5,1880|3920|2872|9520|10452|9528|444|12496|16704|19124|21288|25856|16008|16836|22768|22812|26836|26544|6928|25764|17772|9988|11344
2026-08-26T20:05:24.5433657-07:00,0,51,1250,24576,5.1,13.93,31.91,43.7,6,29.54,12.8,642.69,34.5,1880|3920|2872|9520|10452|9528|444|12496|16704|19124|21288|25856|16008|16836|22768|22812|26836|26544|6928|25764|17772|9988|11344
2026-08-26T20:06:10.8282981-07:00,0,50,1250,24576,5.1,13.92,31.91,43.6,3,29.54,12.8,642.69,34.5,1880|3920|2872|9520|10452|9528|444|12496|16704|19124|21288|25856|16008|16836|22768|22812|26836|26544|6928|25764|17772|9988|11344
2026-08-26T20:06:57.1245295-07:00,0,50,1250,24576,5.1,13.99,31.91,43.8,8,29.54,12.8,642.69,34.5,1880|3920|2872|9520|10452|9528|444|12496|16704|19124|21288|25856|16008|16836|22768|22812|26836|26544|6928|25764|17772|9988|11344
2026-08-26T20:07:43.4329807-07:00,35,51,1442,24576,5.9,13.96,31.91,43.7,41,29.54,12.8,642.69,34.5,1880|3920|2872|9520|10452|9528|444|12496|16704|19124|21288|25856|16008|16836|22768|22812|26836|26544|6928|25764|17772|9988|11344
2026-08-26T20:08:29.7499338-07:00,37,53,1630,24576,6.6,16.92,31.91,53,43,29.61,12.8,642.7,34.5,1880|3920|2872|9520|10452|9528|444|12496|16704|19124|21288|25856|16008|16836|22768|22812|26836|26544|6928|25764|17772|9988|19304|7048|21660|25376
2026-08-26T20:09:16.1384725-07:00,32,54,1609,24576,6.5,16.84,31.91,52.8,38,29.58,12.8,642.7,34.5,1880|3920|2872|9520|10452|9528|444|12496|16704|19124|21288|25856|16008|16836|22768|22812|26836|26544|6928|25764|17772|9988|19304|7048|21660|25376
2026-08-26T20:10:02.5014152-07:00,26,57,1732,24576,7,17.29,31.91,54.2,88,29.59,12.8,642.7,34.5,1880|3920|2872|9520|10452|9528|444|12496|16704|19124|21288|25856|16008|16836|22768|22812|26836|26544|6928|25764|17772|9988|19304|7048|21660|25376
2026-08-26T20:10:49.1664273-07:00,17,58,1761,24576,7.2,17.62,31.91,55.2,57,29.59,12.8,642.7,34.5,1880|3920|2872|9520|10452|9528|444|12496|16704|19124|21288|25856|16008|16836|22768|22812|26836|26544|6928|25764|17772|9988|19304|7048|21660|25376
2026-08-26T20:11:35.5953509-07:00,32,58,1803,24576,7.3,18.19,31.91,57,53,29.58,12.8,642.7,34.5,1880|3920|2872|9520|10452|9528|444|12496|16704|19124|21288|25856|16008|16836|22768|22812|26836|26544|6928|25764|17772|9988|19304|7048|21660|25376
2026-08-26T20:12:22.0214460-07:00,38,58,1892,24576,7.7,18.16,31.91,56.9,57,29.57,12.8,642.7,34.5,1880|3920|2872|9520|10452|9528|444|12496|16704|19124|21288|25856|16008|16836|22768|22812|26836|26544|6928|25764|17772|9988|19304|7048|21660|25376
2026-08-26T20:13:08.4503155-07:00,29,58,1735,24576,7.1,17.66,31.91,55.3,56,29.58,12.8,642.7,34.5,1880|3920|2872|9520|10452|9528|444|12496|16704|19124|21288|25856|16008|16836|22768|22812|26836|26544|6928|25764|17772|9988|19304|7048|21660|25376
2026-08-26T20:13:54.8350267-07:00,3,59,2935,24576,11.9,18.12,31.91,56.8,18,29.55,12.8,642.7,34.5,1880|3920|2872|9520|10452|9528|444|12496|16704|19124|21288|25856|16008|16836|22768|22812|26836|26544|6928|25764|17772|9988|19304|7048|13856|20576
2026-08-26T20:14:41.1761255-07:00,30,62,3198,24576,13,19.09,31.91,59.8,55,29.54,12.8,642.7,34.5,1880|3920|2872|9520|10452|9528|444|12496|16704|19124|21288|25856|16008|16836|22768|22812|26836|26544|6928|25764|17772|9988|19304|7048|13856|22612|22676|12812
2026-08-26T20:15:27.5871747-07:00,28,57,3384,24576,13.8,19.23,31.91,60.3,49,29.53,12.8,642.7,34.5,1880|3920|2872|9520|10452|9528|444|12496|16704|19124|21288|25856|16008|16836|22768|22812|26836|26544|6928|25764|17772|9988|19304|7048|13856|22612|22676|12812
2026-08-26T20:16:14.0101108-07:00,31,58,3385,24576,13.8,19.01,31.91,59.6,55,29.53,12.8,642.7,34.5,1880|3920|2872|9520|10452|9528|444|12496|16704|19124|21288|25856|16008|16836|22768|22812|26836|26544|6928|25764|17772|9988|19304|7048|13856|22612|22676|12812
2026-08-26T20:17:00.4389390-07:00,32,60,3386,24576,13.8,18.82,31.91,59,56,29.53,12.8,642.7,34.5,1880|3920|2872|9520|10452|9528|444|12496|16704|19124|21288|25856|16008|16836|22768|22812|26836|26544|6928|25764|17772|9988|19304|7048|13856|22612|22676|12812
2026-08-26T20:17:46.8722156-07:00,33,62,3389,24576,13.8,18.8,31.91,58.9,42,29.53,12.8,642.7,34.5,1880|3920|2872|9520|10452|9528|444|12496|16704|19124|21288|25856|16008|16836|22768|22812|26836|26544|6928|25764|17772|9988|19304|7048|13856|22612|22676|12812
2026-08-26T20:18:33.3275788-07:00,33,60,3389,24576,13.8,18.78,31.91,58.9,51,29.53,12.8,642.7,34.5,1880|3920|2872|9520|10452|9528|444|12496|16704|19124|21288|25856|16008|16836|22768|22812|26836|26544|6928|25764|17772|9988|19304|7048|13856|22612|22676|12812
2026-08-26T20:19:19.7384591-07:00,24,59,3360,24576,13.7,18.92,31.91,59.3,51,29.53,12.8,642.7,34.5,1880|3920|2872|9520|10452|9528|444|12496|16704|19124|21288|25856|16008|16836|22768|22812|26836|26544|6928|25764|17772|9988|19304|7048|13856|22612|22676|12812
2026-08-26T20:20:06.1709054-07:00,28,61,3343,24576,13.6,18.52,31.91,58,53,29.53,12.8,642.7,34.5,1880|3920|2872|9520|10452|9528|444|12496|16704|19124|21288|25856|16008|16836|22768|22812|26836|26544|6928|25764|17772|9988|19304|7048|13856|12812
2026-08-26T20:20:52.5930303-07:00,22,61,3342,24576,13.6,18.71,31.91,58.6,42,29.53,12.8,642.7,34.5,1880|3920|2872|9520|10452|9528|444|12496|16704|19124|21288|25856|16008|16836|22768|22812|26836|26544|6928|25764|17772|9988|19304|7048|13856|12812
2026-08-26T20:21:39.0335673-07:00,34,60,3346,24576,13.6,18.81,31.91,58.9,42,29.53,12.8,642.7,34.5,1880|3920|2872|9520|10452|9528|444|12496|16704|19124|21288|25856|16008|16836|22768|22812|26836|26544|6928|25764|17772|9988|19304|7048|13856|12812
2026-08-26T20:22:25.4367242-07:00,21,60,3346,24576,13.6,18.63,31.91,58.4,58,29.53,12.8,642.7,34.5,1880|3920|2872|9520|10452|9528|444|12496|16704|19124|21288|25856|16008|16836|22768|22812|26836|26544|6928|25764|17772|9988|19304|7048|13856|12812
2026-08-26T20:23:11.8715439-07:00,37,61,3347,24576,13.6,18.62,31.91,58.4,65,29.53,12.8,642.7,34.5,1880|3920|2872|9520|10452|9528|444|12496|16704|19124|21288|25856|16008|16836|22768|22812|26836|26544|6928|25764|17772|9988|19304|7048|13856|12812
2026-08-26T20:23:58.2799282-07:00,23,59,3348,24576,13.6,18.41,31.91,57.7,50,29.53,12.8,642.7,34.5,1880|3920|2872|9520|10452|9528|444|12496|16704|19124|21288|25856|16008|16836|22768|22812|26836|26544|6928|25764|17772|9988|19304|7048|13856|12812
2026-08-26T20:24:44.6995350-07:00,27,61,3343,24576,13.6,18.44,31.91,57.8,49,29.53,12.8,642.7,34.5,1880|3920|2872|9520|10452|9528|444|12496|16704|19124|21288|25856|16008|16836|22768|22812|26836|26544|6928|25764|17772|9988|19304|7048|13856|12812
2026-08-26T20:25:31.1017507-07:00,27,61,3333,24576,13.6,18.58,31.91,58.2,57,29.53,12.8,642.7,34.5,1880|3920|2872|9520|10452|9528|444|12496|16704|19124|21288|25856|16008|16836|22768|22812|26836|26544|6928|25764|17772|9988|19304|7048|13856|12812
2026-08-26T20:26:17.5247497-07:00,57,59,3333,24576,13.6,18.52,31.91,58,51,29.53,12.8,642.7,34.5,1880|3920|2872|9520|10452|9528|444|12496|16704|19124|21288|25856|16008|16836|22768|22812|26836|26544|6928|25764|17772|9988|19304|7048|13856|12812
2026-08-26T20:27:03.9459160-07:00,64,60,3333,24576,13.6,18.36,31.91,57.5,47,29.53,12.8,642.7,34.5,1880|3920|2872|9520|10452|9528|444|12496|16704|19124|21288|25856|16008|16836|22768|22812|26836|26544|6928|25764|17772|9988|19304|7048|13856|12812
2026-08-26T20:27:50.3517515-07:00,22,60,3333,24576,13.6,18.38,31.91,57.6,46,29.53,12.8,642.7,34.5,1880|3920|2872|9520|10452|9528|444|12496|16704|19124|21288|25856|16008|16836|22768|22812|26836|26544|6928|25764|17772|9988|19304|7048|13856|12812
2026-08-26T20:28:36.7335961-07:00,25,60,3333,24576,13.6,18.38,31.91,57.6,59,29.55,12.8,642.7,34.5,1880|3920|2872|9520|10452|9528|444|12496|16704|19124|21288|25856|16008|16836|22768|22812|26836|26544|6928|25764|17772|9988|19304|7048|13856|12812
2026-08-26T20:29:23.1576635-07:00,30,61,3333,24576,13.6,18.56,31.91,58.2,59,29.55,12.8,642.7,34.5,1880|3920|2872|9520|10452|9528|444|12496|16704|19124|21288|25856|16008|16836|22768|22812|26836|26544|6928|25764|17772|9988|19304|7048|13856|12812
2026-08-26T20:30:09.5749187-07:00,21,60,3333,24576,13.6,18.55,31.91,58.1,34,29.55,12.8,642.7,34.5,1880|3920|2872|9520|10452|9528|444|12496|16704|19124|21288|25856|16008|16836|22768|22812|26836|26544|6928|25764|17772|9988|19304|7048|13856|12812
2026-08-26T20:30:56.0006138-07:00,23,61,3334,24576,13.6,18.55,31.91,58.1,43,29.55,12.8,642.7,34.5,1880|3920|2872|9520|10452|9528|444|12496|16704|19124|21288|25856|16008|16836|22768|22812|26836|26544|6928|25764|17772|9988|19304|7048|13856|12812
2026-08-26T20:31:42.3889762-07:00,26,60,3334,24576,13.6,18.58,31.91,58.2,41,29.55,12.8,642.7,34.5,1880|3920|2872|9520|10452|9528|444|12496|16704|19124|21288|25856|16008|16836|22768|22812|26836|26544|6928|25764|17772|9988|19304|7048|13856|12812
2026-08-26T20:32:28.7892659-07:00,50,60,3335,24576,13.6,18.41,31.91,57.7,40,29.55,12.8,642.7,34.5,1880|3920|2872|9520|10452|9528|444|12496|16704|19124|21288|25856|16008|16836|22768|22812|26836|26544|6928|25764|17772|9988|19304|7048|13856|12812
2026-08-26T20:33:15.1930388-07:00,20,61,3335,24576,13.6,18.38,31.91,57.6,56,29.55,12.8,642.7,34.5,1880|3920|2872|9520|10452|9528|444|12496|16704|19124|21288|25856|16008|16836|22768|22812|26836|26544|6928|25764|17772|9988|19304|7048|13856|12812
2026-08-26T20:34:01.6473350-07:00,54,59,3339,24576,13.6,18.2,31.91,57,40,29.55,12.8,642.7,34.5,1880|3920|2872|9520|10452|9528|444|12496|16704|19124|21288|25856|16008|16836|22768|22812|26836|26544|6928|25764|17772|9988|19304|7048|13856|12812
2026-08-26T20:34:48.0517692-07:00,19,60,3339,24576,13.6,18.2,31.91,57,54,29.55,12.8,642.7,34.5,1880|3920|2872|9520|10452|9528|444|12496|16704|19124|21288|25856|16008|16836|22768|22812|26836|26544|6928|25764|17772|9988|19304|7048|13856|12812
2026-08-26T20:35:34.4694153-07:00,23,61,3339,24576,13.6,18.41,31.91,57.7,44,29.55,12.8,642.7,34.5,1880|3920|2872|9520|10452|9528|444|12496|16704|19124|21288|25856|16008|16836|22768|22812|26836|26544|6928|25764|17772|9988|19304|7048|13856|12812
2026-08-26T20:36:20.8753039-07:00,20,61,3339,24576,13.6,18.34,31.91,57.5,50,29.55,12.8,642.7,34.5,1880|3920|2872|9520|10452|9528|444|12496|16704|19124|21288|25856|16008|16836|22768|22812|26836|26544|6928|25764|17772|9988|19304|7048|13856|12812
2026-08-26T20:37:07.3028267-07:00,44,59,3339,24576,13.6,18.27,31.91,57.3,39,29.55,12.8,642.7,34.5,1880|3920|2872|9520|10452|9528|444|12496|16704|19124|21288|25856|16008|16836|22768|22812|26836|26544|6928|25764|17772|9988|19304|7048|13856|12812
2026-08-26T20:37:53.7198852-07:00,21,60,3339,24576,13.6,18.24,31.91,57.2,45,29.55,12.8,642.7,34.5,1880|3920|2872|9520|10452|9528|444|12496|16704|19124|21288|25856|16008|16836|22768|22812|26836|26544|6928|25764|17772|9988|19304|7048|13856|12812
2026-08-26T20:38:40.1566570-07:00,23,60,3339,24576,13.6,18.23,31.91,57.1,60,29.55,12.8,642.7,34.5,1880|3920|2872|9520|10452|9528|444|12496|16704|19124|21288|25856|16008|16836|22768|22812|26836|26544|6928|25764|17772|9988|19304|7048|13856|12812
2026-08-26T20:39:26.5845804-07:00,22,60,3339,24576,13.6,18.37,31.91,57.6,65,29.55,12.8,642.7,34.5,1880|3920|2872|9520|10452|9528|444|12496|16704|19124|21288|25856|16008|16836|22768|22812|26836|26544|6928|25764|17772|9988|19304|7048|13856|12812
2026-08-26T20:40:13.0137081-07:00,31,61,3339,24576,13.6,17.71,31.91,55.5,54,29.55,12.8,642.7,34.5,1880|3920|2872|9520|10452|9528|444|12496|16704|19124|21288|25856|16008|16836|22768|22812|26836|26544|6928|25764|17772|9988|19304|7048|13856|12812
2026-08-26T20:40:59.4024885-07:00,21,60,3339,24576,13.6,17.9,31.91,56.1,57,29.55,12.8,642.7,34.5,1880|3920|2872|9520|10452|9528|444|12496|16704|19124|21288|25856|16008|16836|22768|22812|26836|26544|6928|25764|17772|9988|19304|7048|13856|12812
2026-08-26T20:41:45.8348128-07:00,46,59,3354,24576,13.6,17.75,31.91,55.6,54,29.55,12.8,642.7,34.5,1880|3920|2872|9520|10452|9528|444|12496|16704|19124|21288|25856|16008|16836|22768|22812|26836|26544|6928|25764|17772|9988|19304|7048|13856|12812
2026-08-26T20:42:32.2467136-07:00,24,61,3353,24576,13.6,17.78,31.91,55.7,45,29.55,12.8,642.7,34.5,1880|3920|2872|9520|10452|9528|444|12496|16704|19124|21288|25856|16008|16836|22768|22812|26836|26544|6928|25764|17772|9988|19304|7048|13856|12812
2026-08-26T20:43:18.7339670-07:00,34,60,3355,24576,13.7,17.78,31.91,55.7,57,29.55,12.8,642.7,34.5,1880|3920|2872|9520|10452|9528|444|12496|16704|19124|21288|25856|16008|16836|22768|22812|26836|26544|6928|25764|17772|9988|19304|7048|13856|12812
2026-08-26T20:44:05.1263277-07:00,20,60,3354,24576,13.6,17.77,31.91,55.7,48,29.55,12.8,642.7,34.5,1880|3920|2872|9520|10452|9528|444|12496|16704|19124|21288|25856|16008|16836|22768|22812|26836|26544|6928|25764|17772|9988|19304|7048|13856|12812
2026-08-26T20:44:51.5727089-07:00,28,61,3353,24576,13.6,17.79,31.91,55.8,53,29.54,12.8,642.69,34.5,1880|3920|2872|9520|10452|9528|444|12496|16704|19124|21288|25856|16008|16836|22768|22812|26836|26544|6928|25764|17772|9988|19304|7048|13856|12812
2026-08-26T20:45:37.9708038-07:00,38,58,1786,24576,7.3,15.15,31.91,47.5,49,29.55,12.8,642.69,34.5,1880|3920|2872|9520|10452|9528|444|12496|16704|19124|21288|25856|16008|16836|22768|22812|26836|26544|6928|25764|17772|9988|19304|7048
2026-08-26T20:46:24.3726891-07:00,28,58,1724,24576,7,15.81,31.91,49.5,87,29.55,12.8,642.69,34.5,1880|3920|2872|9520|10452|9528|444|12496|16704|19124|21288|25856|16008|16836|22768|22812|26836|26544|6928|25764|17772|9988|19304|7048
2026-08-26T20:47:11.0034956-07:00,21,62,1702,24576,6.9,16.07,31.91,50.4,42,29.55,12.8,642.69,34.5,1880|3920|2872|9520|10452|9528|444|12496|16704|19124|21288|25856|16008|16836|22768|22812|26836|26544|6928|25764|17772|9988|19304|7048
2026-08-26T20:47:57.4059360-07:00,25,60,2171,24576,8.8,16.64,31.91,52.1,63,29.55,12.8,642.69,34.5,1880|3920|2872|9520|10452|9528|444|12496|16704|19124|21288|25856|16008|16836|22768|22812|26836|26544|6928|25764|17772|9988|19304|7048
2026-08-26T20:48:43.8337040-07:00,20,60,1840,24576,7.5,16.24,31.91,50.9,55,29.55,12.8,642.69,34.5,1880|3920|2872|9520|10452|9528|444|12496|16704|19124|21288|25856|16008|16836|22768|22812|26836|26544|6928|25764|17772|9988|19304|7048
2026-08-26T20:49:30.2343725-07:00,23,60,1971,24576,8,16.23,31.91,50.9,41,29.55,12.8,642.69,34.5,1880|3920|2872|9520|10452|9528|444|12496|16704|19124|21288|25856|16008|16836|22768|22812|26836|26544|6928|25764|17772|9988|19304|7048
2026-08-26T20:50:16.6318870-07:00,42,59,1858,24576,7.6,16.17,31.91,50.7,42,29.54,12.8,642.69,34.5,1880|3920|2872|9520|10452|9528|444|12496|16704|19124|21288|25856|16008|16836|22768|22812|26836|26544|6928|25764|17772|9988|19304|7048
2026-08-26T20:51:03.0119347-07:00,41,59,1817,24576,7.4,16.17,31.91,50.7,51,29.54,12.8,642.69,34.5,1880|3920|2872|9520|10452|9528|444|12496|16704|19124|21288|25856|16008|16836|22768|22812|26836|26544|6928|25764|17772|9988|19304|7048
2026-08-26T20:51:49.4404565-07:00,48,60,1700,24576,6.9,16.28,31.91,51,38,29.5,12.8,642.69,34.5,1880|3920|2872|9520|10452|9528|444|12496|16704|19124|21288|25856|16008|16836|22768|22812|26836|26544|6928|25764|17772|9988|19304|7048
2026-08-26T20:52:35.8082137-07:00,44,58,1631,24576,6.6,16.24,31.91,50.9,54,29.48,12.7,642.69,34.5,1880|3920|2872|9520|10452|9528|444|12496|16704|19124|21288|25856|16008|16836|22768|22812|26836|26544|6928|25764|17772|9988|19304|7048
2026-08-26T20:53:22.1989976-07:00,39,59,1886,24576,7.7,16.35,31.91,51.2,42,29.46,12.7,642.69,34.5,1880|3920|2872|9520|10452|9528|444|12496|16704|19124|21288|25856|16008|16836|22768|22812|26836|26544|6928|25764|17772|9988|19304|7048
2026-08-26T20:54:08.5979051-07:00,31,61,2196,24576,8.9,16.6,31.91,52,42,29.42,12.7,642.69,34.5,1880|3920|2872|9520|10452|9528|444|12496|16704|19124|21288|25856|16008|16836|22768|22812|26836|26544|6928|25764|17772|9988|19304|7048
2026-08-26T20:54:54.9612267-07:00,38,59,1946,24576,7.9,16.15,31.91,50.6,54,29.42,12.7,642.69,34.5,1880|3920|2872|9520|10452|9528|444|12496|16704|19124|21288|25856|16008|16836|22768|22812|26836|26544|6928|25764|17772|9988|19304|7048
2026-08-26T20:55:41.3456656-07:00,41,58,1946,24576,7.9,16.17,31.91,50.7,57,29.4,12.7,642.69,34.5,1880|3920|2872|9520|10452|9528|444|12496|16704|19124|21288|25856|16008|16836|22768|22812|26836|26544|6928|25764|17772|9988|19304|7048
2026-08-26T20:56:27.7288403-07:00,40,58,1946,24576,7.9,16.02,31.91,50.2,44,29.39,12.7,642.69,34.5,1880|3920|2872|9520|10452|9528|444|12496|16704|19124|21288|25856|16008|16836|22768|22812|26836|26544|6928|25764|17772|9988|19304|7048
2026-08-26T20:57:14.1025253-07:00,39,58,1798,24576,7.3,16.01,31.91,50.2,38,29.39,12.7,642.69,34.5,1880|3920|2872|9520|10452|9528|444|12496|16704|19124|21288|25856|16008|16836|22768|22812|26836|26544|6928|25764|17772|9988|19304|7048
2026-08-26T20:58:00.4646218-07:00,29,58,1835,24576,7.5,19.75,31.91,61.9,35,29.4,12.7,642.69,34.5,1880|3920|2872|9520|10452|9528|444|12496|16704|19124|21288|25856|16008|16836|22768|22812|26836|26544|6928|25764|17772|9988|19304|7048
2026-08-26T20:58:46.8867119-07:00,43,58,1687,24576,6.9,18.26,31.91,57.2,42,29.4,12.7,642.69,34.5,1880|3920|2872|9520|10452|9528|444|12496|16704|19124|21288|25856|16008|16836|22768|22812|26836|26544|6928|25764|17772|9988|19304|7048
2026-08-26T20:59:33.2357915-07:00,24,60,1833,24576,7.5,18.68,31.91,58.5,31,29.4,12.7,642.69,34.5,1880|3920|2872|9520|10452|9528|444|12496|16704|19124|21288|25856|16008|16836|22768|22812|26836|26544|6928|25764|17772|9988|19304|7048
2026-08-26T21:00:19.5979054-07:00,23,60,1909,24576,7.8,19.46,31.91,61,35,29.38,12.7,642.69,34.5,1880|3920|2872|9520|10452|9528|444|12496|16704|19124|21288|25856|16008|16836|22768|22812|26836|26544|6928|25764|17772|9988|19304|7048
2026-08-26T21:01:05.9872495-07:00,13,63,1864,24576,7.6,18.91,31.91,59.3,63,29.38,12.7,642.69,34.5,1880|3920|2872|9520|10452|9528|444|12496|16704|19124|21288|25856|16008|16836|22768|22812|26836|26544|6928|25764|17772|9988|19304|7048
2026-08-26T21:01:52.3849353-07:00,38,57,1842,24576,7.5,18.97,31.91,59.4,36,29.36,12.7,642.69,34.5,1880|3920|2872|9520|10452|9528|444|12496|16704|19124|21288|25856|16008|16836|22768|22812|26836|26544|6928|25764|17772|9988|19304|7048
2026-08-26T21:02:38.7976768-07:00,32,59,2123,24576,8.6,19.49,31.91,61.1,51,29.35,12.7,642.69,34.5,1880|3920|2872|9520|10452|9528|444|12496|16704|19124|21288|25856|16008|16836|22768|22812|26836|26544|6928|25764|17772|9988|19304|7048
2026-08-26T21:03:25.2097195-07:00,34,59,2017,24576,8.2,19.26,31.91,60.4,48,29.35,12.7,642.69,34.5,1880|3920|2872|9520|10452|9528|444|12496|16704|19124|21288|25856|16008|16836|22768|22812|26836|26544|6928|25764|17772|9988|19304|7048
2026-08-26T21:04:11.5994954-07:00,28,60,1993,24576,8.1,20.88,31.91,65.4,46,29.34,12.7,642.69,34.5,1880|3920|2872|9520|10452|9528|444|12496|16704|19124|21288|25856|16008|16836|22768|22812|26836|26544|6928|25764|17772|9988|19304|7048
2026-08-26T21:04:58.0308474-07:00,15,59,1671,24576,6.8,18.82,31.91,59,62,29.35,12.7,642.69,34.5,1880|3920|2872|9520|10452|9528|444|12496|16704|19124|21288|25856|16008|16836|22768|22812|26836|26544|6928|25764|17772|9988|19304|7048
2026-08-26T21:05:44.4548306-07:00,23,58,2092,24576,8.5,19.19,31.91,60.1,26,29.35,12.7,642.69,34.5,1880|3920|2872|9520|10452|9528|444|12496|16704|19124|21288|25856|16008|16836|22768|22812|26836|26544|6928|25764|17772|9988|19304|7048
2026-08-26T21:06:30.8183701-07:00,30,59,2141,24576,8.7,19.64,31.91,61.5,46,29.35,12.7,642.69,34.5,1880|3920|2872|9520|10452|9528|444|12496|16704|19124|21288|25856|16008|16836|22768|22812|26836|26544|6928|25764|17772|9988|19304|7048
2026-08-26T21:07:17.2336703-07:00,31,59,1969,24576,8,19.68,31.91,61.7,27,29.35,12.7,642.69,34.5,1880|3920|2872|9520|10452|9528|444|12496|16704|19124|21288|25856|16008|16836|22768|22812|26836|26544|6928|25764|17772|9988|19304|7048
2026-08-26T21:08:03.6046247-07:00,11,61,1973,24576,8,19.21,31.91,60.2,44,29.33,12.7,642.69,34.5,1880|3920|2872|9520|10452|9528|444|12496|16704|19124|21288|25856|16008|16836|22768|22812|26836|26544|6928|25764|17772|9988|19304|7048
2026-08-26T21:08:49.9958109-07:00,9,61,2196,24576,8.9,20.09,31.91,63,29,29.32,12.7,642.69,34.5,1880|3920|2872|9520|10452|9528|444|12496|16704|19124|21288|25856|16008|16836|22768|22812|26836|26544|6928|25764|17772|9988|19304|7048|27308|18820
2026-08-26T21:09:36.4371769-07:00,2,60,2197,24576,8.9,19.97,31.91,62.6,60,29.32,12.7,642.69,34.5,1880|3920|2872|9520|10452|9528|444|12496|16704|19124|21288|25856|16008|16836|22768|22812|26836|26544|6928|25764|17772|9988|19304|7048|27308|18820
2026-08-26T21:10:22.8708262-07:00,42,58,2318,24576,9.4,21.36,31.91,66.9,51,29.31,12.7,642.69,34.5,1880|3920|2872|9520|10452|9528|444|12496|16704|19124|21288|25856|16008|16836|22768|22812|26836|26544|6928|25764|17772|9988|19304|7048|27308|18820
2026-08-26T21:11:09.4990327-07:00,23,61,2308,24576,9.4,21.68,31.91,67.9,43,29.31,12.7,642.69,34.5,1880|3920|2872|9520|10452|9528|444|12496|16704|19124|21288|25856|16008|16836|22768|22812|26836|26544|6928|25764|17772|9988|19304|7048|27308|18820
2026-08-26T21:11:55.9389956-07:00,1,61,2123,24576,8.6,20.41,31.91,64,44,29.31,12.7,642.69,34.5,1880|3920|2872|9520|10452|9528|444|12496|16704|19124|21288|25856|16008|16836|22768|22812|26836|26544|6928|25764|17772|9988|19304|7048
2026-08-26T21:12:42.3013168-07:00,3,58,2156,24576,8.8,20.13,31.91,63.1,34,29.3,12.7,642.69,34.5,1880|3920|2872|9520|10452|9528|444|12496|16704|19124|21288|25856|16008|16836|22768|22812|26836|26544|6928|25764|17772|9988|19304|7048
2026-08-26T21:13:28.6509445-07:00,9,61,2449,24576,10,21.15,31.91,66.3,87,29.25,12.6,642.69,34.5,1880|3920|2872|9520|10452|9528|444|12496|16704|19124|21288|25856|16008|16836|22768|22812|26836|26544|6928|25764|17772|9988|19304|7048|16968
2026-08-26T21:14:15.1412619-07:00,10,61,2353,24576,9.6,20.81,31.91,65.2,51,29.25,12.6,642.69,34.5,1880|3920|2872|9520|10452|9528|444|12496|16704|19124|21288|25856|16008|16836|22768|22812|26836|26544|6928|25764|17772|9988|19304|7048|10660|5876
2026-08-26T21:15:01.5529290-07:00,7,62,2158,24576,8.8,21.03,31.91,65.9,70,29.28,12.7,642.69,34.5,1880|3920|2872|9520|10452|9528|444|12496|16704|19124|21288|25856|16008|16836|22768|22812|26836|26544|6928|25764|17772|9988|19304|7048|10660|15700
2026-08-26T21:15:48.1705741-07:00,39,57,4357,24576,17.7,22.46,31.91,70.4,49,29.28,12.7,642.69,34.5,1880|3920|2872|9520|10452|9528|444|12496|16704|19124|21288|25856|16008|16836|22768|22812|26836|26544|6928|25764|17772|9988|19304|7048|10660|15472|17628
2026-08-26T21:16:34.7046149-07:00,38,58,4381,24576,17.8,22.49,31.91,70.5,54,29.28,12.7,642.69,34.5,1880|3920|2872|9520|10452|9528|444|12496|16704|19124|21288|25856|16008|16836|22768|22812|26836|26544|6928|25764|17772|9988|19304|7048|10660|15472|17628
2026-08-26T21:17:21.2265622-07:00,37,71,5861,24576,23.8,23.97,31.91,75.1,51,29.27,12.7,642.69,34.5,1880|3920|2872|9520|10452|9528|444|12496|16704|19124|21288|25856|16008|16836|22768|22812|26836|26544|6928|25764|17772|9988|19304|7048|10660|15472|17628|17148|25652
2026-08-26T21:18:07.8731647-07:00,45,74,5898,24576,24,23.9,31.91,74.9,68,29.26,12.6,642.69,34.5,1880|3920|2872|9520|10452|9528|444|12496|16704|19124|21288|25856|16008|16836|22768|22812|26836|26544|6928|25764|17772|9988|19304|7048|10660|15472|17628|17148|25652
2026-08-26T21:18:54.6181316-07:00,52,75,5867,24576,23.9,23.75,31.91,74.4,69,29.27,12.7,642.7,34.5,1880|3920|2872|9520|10452|9528|444|12496|16704|19124|21288|25856|16008|16836|22768|22812|26836|26544|6928|25764|17772|9988|19304|7048|10660|15472|17628|17148|25652
2026-08-26T21:19:41.2798656-07:00,55,76,5584,24576,22.7,23.72,31.91,74.3,80,29.25,12.6,642.69,34.5,1880|3920|2872|9520|10452|9528|444|12496|16704|19124|21288|25856|16008|16836|22768|22812|26836|26544|6928|25764|17772|9988|19304|7048|10660|15472|17628|17148|25652
2026-08-26T21:20:28.1499774-07:00,59,77,5568,24576,22.7,23.53,31.91,73.7,69,29.23,12.6,642.69,34.5,1880|3920|2872|9520|10452|9528|444|12496|16704|19124|21288|25856|16008|16836|22768|22812|26836|26544|6928|25764|17772|9988|19304|7048|10660|15472|17628|17148|25652
2026-08-26T21:21:14.9610033-07:00,50,77,5718,24576,23.3,23.79,31.91,74.6,87,29.22,12.6,642.69,34.5,1880|3920|2872|9520|10452|9528|444|12496|16704|19124|21288|25856|16008|16836|22768|22812|26836|26544|6928|25764|17772|9988|19304|7048|10660|15472|17628|17148|25652
2026-08-26T21:22:01.6951893-07:00,43,75,5669,24576,23.1,23.57,31.91,73.9,65,29.23,12.6,642.69,34.5,1880|3920|2872|9520|10452|9528|444|12496|16704|19124|21288|25856|16008|16836|22768|22812|26836|26544|6928|25764|17772|9988|19304|7048|10660|15472|17628
2026-08-26T21:22:48.3554603-07:00,51,76,5584,24576,22.7,23.46,31.91,73.5,68,29.22,12.6,642.69,34.5,1880|3920|2872|9520|10452|9528|444|12496|16704|19124|21288|25856|16008|16836|22768|22812|26836|26544|6928|25764|17772|9988|19304|7048|10660|15472|17628
2026-08-26T21:23:35.0295887-07:00,42,78,5582,24576,22.7,23.11,31.91,72.4,56,29.2,12.6,642.69,34.5,1880|3920|2872|9520|10452|9528|444|12496|16704|19124|21288|25856|16008|16836|22768|22812|26836|26544|6928|25764|17772|9988|19304|7048|10660|15472|17628
2026-08-26T21:24:21.6184105-07:00,58,79,5570,24576,22.7,23.1,31.91,72.4,73,29.23,12.6,642.69,34.5,1880|3920|2872|9520|10452|9528|444|12496|16704|19124|21288|25856|16008|16836|22768|22812|26836|26544|6928|25764|17772|9988|19304|7048|10660|15472|17628
2026-08-26T21:25:08.2690155-07:00,38,77,5656,24576,23,23.75,31.91,74.4,90,29.23,12.6,642.69,34.5,1880|3920|2872|9520|10452|9528|444|12496|16704|19124|21288|25856|16008|16836|22768|22812|26836|26544|6928|25764|17772|9988|19304|7048|10660|15472|17628
2026-08-26T21:25:54.9792791-07:00,43,78,5744,24576,23.4,23.33,31.91,73.1,62,29.24,12.6,642.69,34.5,1880|3920|2872|9520|10452|9528|444|12496|16704|19124|21288|25856|16008|16836|22768|22812|26836|26544|6928|25764|17772|9988|19304|7048|10660|15472|17628
2026-08-26T21:26:41.5918920-07:00,53,78,5770,24576,23.5,23.23,31.91,72.8,62,29.22,12.6,642.69,34.5,1880|3920|2872|9520|10452|9528|444|12496|16704|19124|21288|25856|16008|16836|22768|22812|26836|26544|6928|25764|17772|9988|19304|7048|10660|15472|17628
2026-08-26T21:27:28.2596905-07:00,42,78,5764,24576,23.5,23.17,31.91,72.6,59,29.22,12.6,642.69,34.5,1880|3920|2872|9520|10452|9528|444|12496|16704|19124|21288|25856|16008|16836|22768|22812|26836|26544|6928|25764|17772|9988|19304|7048|10660|15472|17628
2026-08-26T21:28:14.8570866-07:00,42,77,5753,24576,23.4,23.28,31.91,73,54,29.22,12.6,642.69,34.5,1880|3920|2872|9520|10452|9528|444|12496|16704|19124|21288|25856|16008|16836|22768|22812|26836|26544|6928|25764|17772|9988|19304|7048|10660|15472|17628
2026-08-26T21:29:01.5383210-07:00,47,77,5719,24576,23.3,23.08,31.91,72.3,62,29.22,12.6,642.69,34.5,1880|3920|2872|9520|10452|9528|444|12496|16704|19124|21288|25856|16008|16836|22768|22812|26836|26544|6928|25764|17772|9988|19304|7048|10660|15472|17628
2026-08-26T21:29:48.1318343-07:00,42,78,5724,24576,23.3,23.61,31.91,74,80,29.21,12.6,642.69,34.5,1880|3920|2872|9520|10452|9528|444|12496|16704|19124|21288|25856|16008|16836|22768|22812|26836|26544|6928|25764|17772|9988|19304|7048|10660|15472|17628
2026-08-26T21:30:34.8597472-07:00,46,78,5705,24576,23.2,22.48,31.91,70.4,49,29.21,12.6,642.69,34.5,1880|3920|2872|9520|10452|9528|444|12496|16704|19124|21288|25856|16008|16836|22768|22812|26836|26544|6928|25764|17772|9988|19304|7048|10660|15472|17628
2026-08-26T21:31:21.4553379-07:00,48,77,5705,24576,23.2,23.01,31.91,72.1,70,29.21,12.6,642.69,34.5,1880|3920|2872|9520|10452|9528|444|12496|16704|19124|21288|25856|16008|16836|22768|22812|26836|26544|6928|25764|17772|9988|19304|7048|10660|15472|17628
2026-08-26T21:32:08.0314696-07:00,49,78,5749,24576,23.4,22.55,31.91,70.7,60,29.2,12.6,642.7,34.5,1880|3920|2872|9520|10452|9528|444|12496|16704|19124|21288|25856|16008|16836|22768|22812|26836|26544|6928|25764|17772|9988|19304|7048|10660|15472|17628
2026-08-26T21:32:54.5811643-07:00,44,78,5770,24576,23.5,22.45,31.91,70.4,59,29.2,12.6,642.69,34.5,1880|3920|2872|9520|10452|9528|444|12496|16704|19124|21288|25856|16008|16836|22768|22812|26836|26544|6928|25764|17772|9988|19304|7048|10660|15472|17628
2026-08-26T21:33:41.2165890-07:00,47,78,5856,24576,23.8,22.65,31.91,71,54,29.19,12.6,642.69,34.5,1880|3920|2872|9520|10452|9528|444|12496|16704|19124|21288|25856|16008|16836|22768|22812|26836|26544|6928|25764|17772|9988|19304|7048|10660|15472|17628
2026-08-26T21:34:27.8254051-07:00,47,78,5725,24576,23.3,23.59,31.91,73.9,53,29.18,12.6,642.7,34.5,1880|3920|2872|9520|10452|9528|444|12496|16704|19124|21288|25856|16008|16836|22768|22812|26836|26544|6928|25764|17772|9988|19304|7048|10660|15472|17628
2026-08-26T21:35:14.4793058-07:00,47,77,5755,24576,23.4,23.57,31.91,73.9,88,29.17,12.6,642.69,34.5,1880|3920|2872|9520|10452|9528|444|12496|16704|19124|21288|25856|16008|16836|22768|22812|26836|26544|6928|25764|17772|9988|19304|7048|10660|15472|17628
2026-08-26T21:36:01.2731163-07:00,42,77,5737,24576,23.3,22.48,31.91,70.4,55,29.17,12.6,642.69,34.5,1880|3920|2872|9520|10452|9528|444|12496|16704|19124|21288|25856|16008|16836|22768|22812|26836|26544|6928|25764|17772|9988|19304|7048|10660|15472|17628
2026-08-26T21:36:48.0256040-07:00,51,77,5776,24576,23.5,22.12,31.91,69.3,80,29.16,12.6,642.69,34.5,1880|3920|2872|9520|10452|9528|444|12496|16704|19124|21288|25856|16008|16836|22768|22812|26836|26544|6928|25764|17772|9988|19304|7048|10660|15472|17628
2026-08-26T21:37:34.8297752-07:00,73,79,5671,24576,23.1,22.06,31.91,69.1,70,29.17,12.6,642.69,34.5,1880|3920|2872|9520|10452|9528|444|12496|16704|19124|21288|25856|16008|16836|22768|22812|26836|26544|6928|25764|17772|9988|19304|7048|10660|15472|17628
2026-08-26T21:38:21.5610377-07:00,50,78,5322,24576,21.7,21.96,31.91,68.8,87,29.16,12.6,642.69,34.5,1880|3920|2872|9520|10452|9528|444|12496|16704|19124|21288|25856|16008|16836|22768|22812|26836|26544|6928|25764|17772|9988|19304|7048|10660|17628|24960
2026-08-26T21:39:08.4619730-07:00,53,79,5292,24576,21.5,22.33,31.91,70,74,29.15,12.6,642.7,34.5,1880|3920|2872|9520|10452|9528|444|12496|16704|19124|21288|25856|16008|16836|22768|22812|26836|26544|6928|25764|17772|9988|19304|7048|10660|17628|24960
2026-08-26T21:39:55.2213551-07:00,6,62,2050,24576,8.3,18.29,31.91,57.3,19,29.12,12.6,642.69,34.5,1880|3920|2872|9520|10452|9528|444|12496|16704|19124|21288|25856|16008|16836|22768|22812|26836|26544|6928|25764|17772|9988|19304|7048
2026-08-26T21:40:41.5921618-07:00,6,56,2078,24576,8.5,18.01,31.91,56.4,42,29.11,12.6,642.69,34.5,1880|3920|2872|9520|10452|9528|444|12496|16704|19124|21288|25856|16008|16836|22768|22812|26836|26544|6928|25764|17772|9988|19304|7048
2026-08-26T21:41:28.0139147-07:00,46,54,2116,24576,8.6,18.07,31.91,56.6,82,29.11,12.6,642.69,34.5,1880|3920|2872|9520|10452|9528|444|12496|16704|19124|21288|25856|16008|16836|22768|22812|26836|26544|6928|25764|17772|9988|19304|7048
2026-08-26T21:42:14.4367223-07:00,5,55,2081,24576,8.5,18.15,31.91,56.9,10,29.09,12.6,642.69,34.5,1880|3920|2872|9520|10452|9528|444|12496|16704|19124|21288|25856|16008|16836|22768|22812|26836|26544|6928|25764|17772|9988|19304|7048
2026-08-26T21:43:00.7915450-07:00,18,55,2061,24576,8.4,18.07,31.91,56.6,24,29.09,12.6,642.69,34.5,1880|3920|2872|9520|10452|9528|444|12496|16704|19124|21288|25856|16008|16836|22768|22812|26836|26544|6928|25764|17772|9988|19304|7048
2026-08-26T21:43:47.1623652-07:00,9,56,2151,24576,8.8,18.21,31.91,57.1,28,29.08,12.6,642.69,34.5,1880|3920|2872|9520|10452|9528|444|12496|16704|19124|21288|25856|16008|16836|22768|22812|26836|26544|6928|25764|17772|9988|19304|7048
2026-08-26T21:44:33.6219980-07:00,9,56,2114,24576,8.6,18.3,31.91,57.3,24,29.09,12.6,642.69,34.5,1880|3920|2872|9520|10452|9528|444|12496|16704|19124|21288|25856|16008|16836|22768|22812|26836|26544|6928|25764|17772|9988|19304|7048
2026-08-26T21:45:19.9659992-07:00,24,57,1991,24576,8.1,18.37,31.91,57.6,51,29.09,12.6,642.69,34.5,1880|3920|2872|9520|10452|9528|444|12496|16704|19124|21288|25856|16008|16836|22768|22812|26836|26544|6928|25764|17772|9988|19304|7048
2026-08-26T21:46:06.4320724-07:00,35,58,1997,24576,8.1,17.91,31.91,56.1,43,29.07,12.6,642.69,34.5,1880|3920|2872|9520|10452|9528|444|12496|16704|19124|21288|25856|16008|16836|22768|22812|26836|26544|6928|25764|17772|9988|19304|7048
2026-08-26T21:46:52.8144655-07:00,36,57,1996,24576,8.1,17.68,31.91,55.4,36,29.07,12.6,642.69,34.5,1880|3920|2872|9520|10452|9528|444|12496|16704|19124|21288|25856|16008|16836|22768|22812|26836|26544|6928|25764|17772|9988|19304|7048
2026-08-26T21:47:39.2042069-07:00,36,57,1981,24576,8.1,17.65,31.91,55.3,55,29.06,12.6,642.69,34.5,1880|3920|2872|9520|10452|9528|444|12496|16704|19124|21288|25856|16008|16836|22768|22812|26836|26544|6928|25764|17772|9988|19304|7048
2026-08-26T21:48:25.5632838-07:00,39,57,1916,24576,7.8,17.41,31.91,54.6,38,29.06,12.6,642.69,34.5,1880|3920|2872|9520|10452|9528|444|12496|16704|19124|21288|25856|16008|16836|22768|22812|26836|26544|6928|25764|17772|9988|19304|7048
2026-08-26T21:49:11.9828971-07:00,33,57,1909,24576,7.8,17.6,31.91,55.2,47,29.06,12.6,642.69,34.5,1880|3920|2872|9520|10452|9528|444|12496|16704|19124|21288|25856|16008|16836|22768|22812|26836|26544|6928|25764|17772|9988|19304|7048
2026-08-26T21:49:58.3635382-07:00,40,57,1909,24576,7.8,17.57,31.91,55.1,43,29.06,12.6,642.69,34.5,1880|3920|2872|9520|10452|9528|444|12496|16704|19124|21288|25856|16008|16836|22768|22812|26836|26544|6928|25764|17772|9988|19304|7048
2026-08-26T21:50:44.7518502-07:00,32,57,1909,24576,7.8,17.35,31.91,54.4,37,29.06,12.6,642.69,34.5,1880|3920|2872|9520|10452|9528|444|12496|16704|19124|21288|25856|16008|16836|22768|22812|26836|26544|6928|25764|17772|9988|19304|7048
2026-08-26T21:51:31.1208062-07:00,35,57,1934,24576,7.9,17.5,31.91,54.8,74,29.06,12.6,642.69,34.5,1880|3920|2872|9520|10452|9528|444|12496|16704|19124|21288|25856|16008|16836|22768|22812|26836|26544|6928|25764|17772|9988|19304|7048
2026-08-26T21:52:17.5521019-07:00,9,57,1931,24576,7.9,15.99,31.91,50.1,66,29.06,12.6,642.69,34.5,1880|3920|2872|9520|10452|9528|444|12496|16704|19124|21288|25856|16008|16836|22768|22812|26836|26544|6928|25764|17772|9988|19304|7048
2026-08-26T21:53:03.9853016-07:00,34,61,2814,24576,11.5,18.36,31.91,57.5,80,29.04,12.6,642.69,34.5,1880|3920|2872|9520|10452|9528|444|12496|16704|19124|21288|25856|16008|16836|22768|22812|26836|26544|6928|25764|17772|9988|19304|7048|6352|4992|20512|20912|8348
2026-08-26T21:53:50.4671416-07:00,36,63,3147,24576,12.8,18.07,31.91,56.6,73,29.04,12.6,642.69,34.5,1880|3920|2872|9520|10452|9528|444|12496|16704|19124|21288|25856|16008|16836|22768|22812|26836|26544|6928|25764|17772|9988|19304|7048|6352|4992|20512|20912|8348
2026-08-26T21:54:37.0037543-07:00,37,59,3169,24576,12.9,18.17,31.91,56.9,59,29.05,12.6,642.69,34.5,1880|3920|2872|9520|10452|9528|444|12496|16704|19124|21288|25856|16008|16836|22768|22812|26836|26544|6928|25764|17772|9988|19304|7048|6352|4992|20512|20912|8348
2026-08-26T21:55:23.4629107-07:00,22,57,3136,24576,12.8,18.68,31.91,58.5,69,29.01,12.5,642.69,34.5,1880|3920|2872|9520|10452|9528|444|12496|16704|19124|21288|25856|16008|16836|22768|22812|26836|26544|6928|25764|17772|9988|19304|7048|6352|4992|20512|20912|8348
2026-08-26T21:56:09.9278723-07:00,32,59,3139,24576,12.8,18.66,31.91,58.5,62,29.01,12.5,642.69,34.5,1880|3920|2872|9520|10452|9528|444|12496|16704|19124|21288|25856|16008|16836|22768|22812|26836|26544|6928|25764|17772|9988|19304|7048|6352|4992|20512|20912|8348
2026-08-26T21:56:56.3912476-07:00,25,61,3065,24576,12.5,18.55,31.91,58.1,77,29,12.5,642.69,34.5,1880|3920|2872|9520|10452|9528|444|12496|16704|19124|21288|25856|16008|16836|22768|22812|26836|26544|6928|25764|17772|9988|19304|7048|6352|4992|20512|20912|8348
2026-08-26T21:57:43.1869048-07:00,36,61,3075,24576,12.5,18.6,31.91,58.3,82,28.97,12.5,642.7,34.5,1880|3920|2872|9520|10452|9528|444|12496|16704|19124|21288|25856|16008|16836|22768|22812|26836|26544|6928|25764|17772|9988|19304|7048|4992|20912|8348
2026-08-26T21:58:29.6813288-07:00,31,60,3063,24576,12.5,18.9,31.91,59.2,65,28.97,12.5,642.7,34.5,1880|3920|2872|9520|10452|9528|444|12496|16704|19124|21288|25856|16008|16836|22768|22812|26836|26544|6928|25764|17772|9988|19304|7048|4992|20912|8348
2026-08-26T21:59:16.1749330-07:00,36,60,3078,24576,12.5,18.59,31.91,58.3,70,28.96,12.5,642.69,34.5,1880|3920|2872|9520|10452|9528|444|12496|16704|19124|21288|25856|16008|16836|22768|22812|26836|26544|6928|25764|17772|9988|19304|7048|4992|20912|8348
2026-08-26T22:00:02.6190463-07:00,37,60,3060,24576,12.5,18.85,31.91,59.1,71,28.94,12.5,642.69,34.5,1880|3920|2872|9520|10452|9528|444|12496|16704|19124|21288|25856|16008|16836|22768|22812|26836|26544|6928|25764|17772|9988|19304|7048|4992|20912|8348
2026-08-26T22:00:49.0900180-07:00,31,60,3076,24576,12.5,18.97,31.91,59.4,57,28.94,12.5,642.69,34.5,1880|3920|2872|9520|10452|9528|444|12496|16704|19124|21288|25856|16008|16836|22768|22812|26836|26544|6928|25764|17772|9988|19304|7048|4992|20912|8348
2026-08-26T22:01:35.5209873-07:00,27,61,3043,24576,12.4,19.1,31.91,59.9,62,28.93,12.5,642.69,34.5,1880|3920|2872|9520|10452|9528|444|12496|16704|19124|21288|25856|16008|16836|22768|22812|26836|26544|6928|25764|17772|9988|19304|7048|4992|20912|8348
2026-08-26T22:02:22.0200462-07:00,34,60,3048,24576,12.4,18.68,31.91,58.5,74,28.93,12.5,642.69,34.5,1880|3920|2872|9520|10452|9528|444|12496|16704|19124|21288|25856|16008|16836|22768|22812|26836|26544|6928|25764|17772|9988|19304|7048|4992|20912|8348
2026-08-26T22:03:08.4710463-07:00,32,61,3055,24576,12.4,18.58,31.91,58.2,57,28.9,12.5,642.69,34.5,1880|3920|2872|9520|10452|9528|444|12496|16704|19124|21288|25856|16008|16836|22768|22812|26836|26544|6928|25764|17772|9988|19304|7048|4992|20912|8348
2026-08-26T22:03:54.9235336-07:00,33,60,3095,24576,12.6,18.8,31.91,58.9,71,28.89,12.5,642.69,34.5,1880|3920|2872|9520|10452|9528|444|12496|16704|19124|21288|25856|16008|16836|22768|22812|26836|26544|6928|25764|17772|9988|19304|7048|4992|20912|8348
2026-08-26T22:04:41.4284371-07:00,22,61,3085,24576,12.6,18.64,31.91,58.4,59,28.87,12.5,642.69,34.5,1880|3920|2872|9520|10452|9528|444|12496|16704|19124|21288|25856|16008|16836|22768|22812|26836|26544|6928|25764|17772|9988|19304|7048|4992|20912|8348
2026-08-26T22:05:27.9128241-07:00,31,60,3097,24576,12.6,18.61,31.91,58.3,55,28.88,12.5,642.69,34.5,1880|3920|2872|9520|10452|9528|444|12496|16704|19124|21288|25856|16008|16836|22768|22812|26836|26544|6928|25764|17772|9988|19304|7048|4992|20912|8348
2026-08-26T22:06:14.3442944-07:00,18,61,3091,24576,12.6,18.7,31.91,58.6,54,28.88,12.5,642.69,34.5,1880|3920|2872|9520|10452|9528|444|12496|16704|19124|21288|25856|16008|16836|22768|22812|26836|26544|6928|25764|17772|9988|19304|7048|4992|20912|8348
2026-08-26T22:07:00.8147683-07:00,28,60,3101,24576,12.6,18.81,31.91,58.9,73,28.88,12.5,642.69,34.5,1880|3920|2872|9520|10452|9528|444|12496|16704|19124|21288|25856|16008|16836|22768|22812|26836|26544|6928|25764|17772|9988|19304|7048|4992|20912|8348
2026-08-26T22:07:47.2839459-07:00,34,60,3099,24576,12.6,18.55,31.91,58.1,71,28.87,12.5,642.69,34.5,1880|3920|2872|9520|10452|9528|444|12496|16704|19124|21288|25856|16008|16836|22768|22812|26836|26544|6928|25764|17772|9988|19304|7048|4992|20912|8348
2026-08-26T22:08:33.7928558-07:00,35,61,3081,24576,12.5,18.54,31.91,58.1,71,28.85,12.5,642.7,34.5,1880|3920|2872|9520|10452|9528|444|12496|16704|19124|21288|25856|16008|16836|22768|22812|26836|26544|6928|25764|17772|9988|19304|7048|4992|20912|8348
2026-08-26T22:09:20.2337664-07:00,33,60,3097,24576,12.6,18.76,31.91,58.8,71,28.81,12.5,642.69,34.5,1880|3920|2872|9520|10452|9528|444|12496|16704|19124|21288|25856|16008|16836|22768|22812|26836|26544|6928|25764|17772|9988|19304|7048|4992|20912|8348
2026-08-26T22:10:06.6827665-07:00,30,61,3085,24576,12.6,18.56,31.91,58.2,65,28.81,12.5,642.69,34.5,1880|3920|2872|9520|10452|9528|444|12496|16704|19124|21288|25856|16008|16836|22768|22812|26836|26544|6928|25764|17772|9988|19304|7048|4992|20912|8348
2026-08-26T22:10:53.1263783-07:00,30,60,3086,24576,12.6,18.46,31.91,57.9,51,28.81,12.5,642.69,34.5,1880|3920|2872|9520|10452|9528|444|12496|16704|19124|21288|25856|16008|16836|22768|22812|26836|26544|6928|25764|17772|9988|19304|7048|4992|20912|8348
2026-08-26T22:11:39.5956964-07:00,25,58,1594,24576,6.5,17.41,31.91,54.6,31,28.8,12.5,642.69,34.5,1880|3920|2872|9520|10452|9528|444|12496|16704|19124|21288|25856|16008|16836|22768|22812|26836|26544|6928|25764|17772|9988|19304|7048
2026-08-26T22:12:25.9975630-07:00,42,58,1890,24576,7.7,17.05,31.91,53.4,53,28.76,12.4,642.69,34.5,1880|3920|2872|9520|10452|9528|444|12496|16704|19124|21288|25856|16008|16836|22768|22812|26836|26544|6928|25764|17772|9988|19304|7048
2026-08-26T22:13:12.4155452-07:00,31,59,1788,24576,7.3,17.19,31.91,53.9,63,28.7,12.4,642.69,34.5,1880|3920|2872|9520|10452|9528|444|12496|16704|19124|21288|25856|16008|16836|22768|22812|26836|26544|6928|25764|17772|9988|19304|7048
2026-08-26T22:13:58.8728450-07:00,33,59,1748,24576,7.1,17.24,31.91,54,39,28.86,12.5,642.69,34.5,1880|3920|2872|9520|10452|9528|444|12496|16704|19124|21288|25856|16008|16836|22768|22812|26836|26544|6928|25764|17772|9988|19304|7048
2026-08-26T22:14:45.2605976-07:00,35,59,1759,24576,7.2,16.87,31.91,52.9,44,28.83,12.5,642.69,34.5,1880|3920|2872|9520|10452|9528|444|12496|16704|19124|21288|25856|16008|16836|22768|22812|26836|26544|6928|25764|17772|9988|19304|7048
2026-08-26T22:15:31.6506178-07:00,53,59,2049,24576,8.3,17,31.91,53.3,62,28.84,12.5,642.69,34.5,1880|3920|2872|9520|10452|9528|444|12496|16704|19124|21288|25856|16008|16836|22768|22812|26836|26544|6928|25764|17772|9988|19304|7048
2026-08-26T22:16:18.1050655-07:00,37,58,1736,24576,7.1,16.85,31.91,52.8,40,28.84,12.5,642.69,34.5,1880|3920|2872|9520|10452|9528|444|12496|16704|19124|21288|25856|16008|16836|22768|22812|26836|26544|6928|25764|17772|9988|19304|7048
2026-08-26T22:17:04.4828512-07:00,28,58,1709,24576,7,17.26,31.91,54.1,51,28.81,12.5,642.7,34.5,1880|3920|2872|9520|10452|9528|444|12496|16704|19124|21288|25856|16008|16836|22768|22812|26836|26544|6928|25764|17772|9988|19304|7048
2026-08-26T22:17:50.9337773-07:00,38,58,1734,24576,7.1,16.95,31.91,53.1,39,28.84,12.5,642.69,34.5,1880|3920|2872|9520|10452|9528|444|12496|16704|19124|21288|25856|16008|16836|22768|22812|26836|26544|6928|25764|17772|9988|19304|7048
2026-08-26T22:18:37.2859915-07:00,39,57,1724,24576,7,17.01,31.91,53.3,29,28.84,12.5,642.69,34.5,1880|3920|2872|9520|10452|9528|444|12496|16704|19124|21288|25856|16008|16836|22768|22812|26836|26544|6928|25764|17772|9988|19304|7048
2026-08-26T22:19:23.7032588-07:00,38,57,1701,24576,6.9,16.78,31.91,52.6,40,28.8,12.5,642.69,34.5,1880|3920|2872|9520|10452|9528|444|12496|16704|19124|21288|25856|16008|16836|22768|22812|26836|26544|6928|25764|17772|9988|19304|7048
2026-08-26T22:20:10.0867380-07:00,36,57,1726,24576,7,16.79,31.91,52.6,51,28.8,12.5,642.69,34.5,1880|3920|2872|9520|10452|9528|444|12496|16704|19124|21288|25856|16008|16836|22768|22812|26836|26544|6928|25764|17772|9988|19304|7048
2026-08-26T22:20:56.4824502-07:00,21,57,1822,24576,7.4,17,31.91,53.3,55,28.8,12.5,642.69,34.5,1880|3920|2872|9520|10452|9528|444|12496|16704|19124|21288|25856|16008|16836|22768|22812|26836|26544|6928|25764|17772|9988|19304|7048
2026-08-26T22:21:42.8320769-07:00,28,60,1674,24576,6.8,16.19,31.91,50.7,32,29,12.5,642.69,34.5,1880|3920|2872|9520|10452|9528|444|12496|16704|19124|21288|25856|16008|16836|22768|22812|26836|26544|6928|25764|17772|9988|19304|19584|20016
2026-08-26T22:22:29.1990947-07:00,18,60,3352,24576,13.6,17.21,31.91,53.9,31,29.03,12.5,642.69,34.5,1880|3920|2872|9520|10452|9528|444|12496|16704|19124|21288|25856|16008|16836|22768|22812|26836|26544|6928|25764|17772|19304|19584|21596|13804
2026-08-26T22:23:15.6852594-07:00,39,59,3269,24576,13.3,16.97,31.91,53.2,28,29.03,12.5,642.69,34.5,1880|3920|2872|9520|10452|9528|444|12496|16704|19124|21288|25856|16008|16836|22768|22812|26836|26544|6928|25764|17772|19304|19584|21596|13804
2026-08-26T22:24:02.1166577-07:00,36,59,3224,24576,13.1,16.91,31.91,53,21,29.02,12.5,642.69,34.5,1880|3920|2872|9520|10452|9528|444|12496|16704|19124|21288|25856|16008|16836|22768|22812|26836|26544|6928|25764|17772|19304|19584|21596|13804
2026-08-26T22:24:48.5674611-07:00,32,59,3217,24576,13.1,16.75,31.91,52.5,42,29.02,12.5,642.69,34.5,1880|3920|2872|9520|10452|9528|444|12496|16704|19124|21288|25856|16008|16836|22768|22812|26836|26544|6928|25764|17772|19304|19584|21596|13804
2026-08-26T22:25:35.0450783-07:00,34,68,4717,24576,19.2,18.73,31.91,58.7,67,29.03,12.5,642.69,34.5,1880|3920|2872|9520|10452|9528|444|12496|16704|19124|21288|25856|16008|16836|22768|22812|26836|26544|6928|25764|17772|19304|19584|21596|13804|21716|2476
2026-08-26T22:26:21.6970046-07:00,64,74,4661,24576,19,18.67,31.91,58.5,46,29.03,12.5,642.69,34.5,1880|3920|2872|9520|10452|9528|444|12496|16704|19124|21288|25856|16008|16836|22768|22812|26836|26544|6928|25764|17772|19304|19584|21596|13804|21716|2476
2026-08-26T22:27:08.2335561-07:00,57,70,4792,24576,19.5,18.85,31.91,59.1,65,29.01,12.5,642.69,34.5,1880|3920|2872|9520|10452|9528|444|12496|16704|19124|21288|25856|16008|16836|22768|22812|26836|26544|6928|25764|17772|19304|19584|21596|13804|21716|2476
2026-08-26T22:29:16.3878929-07:00,69,77,4911,24576,20,18.44,31.91,57.8,54,29.01,12.5,642.69,34.5,1880|3920|12496|16704|19124|25856|16008|16836|22768|22812|26836|26544|6928|25764|17772|19304|19584|21596|13804|21716|2476|16040|26468|20388|21532|23968|21692|11520
2026-08-26T22:30:02.9831854-07:00,65,78,4896,24576,19.9,18.27,31.91,57.3,68,29.07,12.6,642.69,34.5,1880|3920|12496|16704|19124|25856|16008|16836|22768|22812|26836|26544|6928|25764|17772|19304|19584|21596|13804|21716|2476|26468|20388|21532|23968|21692|11520
2026-08-26T22:30:49.6230467-07:00,57,78,4841,24576,19.7,17.96,31.91,56.3,76,29.09,12.6,642.69,34.5,1880|3920|12496|25856|16008|16836|22768|22812|26544|17772|19304|19584|21596|13804|26468|20388|21532|23968|21692|11520|4572|8696
2026-08-26T22:31:36.2576996-07:00,64,78,4928,24576,20.1,17.92,31.91,56.2,68,29.08,12.6,642.69,34.5,1880|3920|12496|25856|16008|16836|22768|22812|26544|17772|19304|19584|21596|13804|26468|20388|21532|23968|21692|11520|4572|8696|11384
2026-08-26T22:32:22.7832108-07:00,59,79,4913,24576,20,18.3,31.91,57.3,77,29.05,12.6,642.69,34.5,1880|3920|12496|25856|16008|16836|22768|22812|26544|17772|19304|19584|21596|13804|26468|20388|21532|23968|21692|11520|4572|8696|11384
2026-08-26T22:33:09.4216856-07:00,52,78,5031,24576,20.5,19.09,31.91,59.8,70,29.05,12.6,642.69,34.5,1880|3920|12496|25856|16008|16836|22768|22812|26544|17772|19304|19584|21596|13804|26468|20388|21532|23968|21692|11520|4572|8696|11384
2026-08-26T22:33:55.9874436-07:00,51,78,5001,24576,20.3,17.74,31.91,55.6,51,29.04,12.6,642.69,34.5,1880|3920|12496|25856|16008|16836|22768|22812|26544|17772|19304|19584|21596|13804|26468|20388|21532|23968|21692|11520|4572|8696|11384
2026-08-26T22:34:42.5080279-07:00,54,78,4928,24576,20.1,17.82,31.91,55.8,63,29.05,12.6,642.69,34.5,1880|3920|12496|25856|16008|16836|22768|22812|26544|17772|19304|19584|21596|13804|26468|20388|21532|23968|21692|11520|4572|8696|11384
2026-08-26T22:35:28.9726775-07:00,48,78,5075,24576,20.7,18.13,31.91,56.8,54,29.04,12.6,642.69,34.5,1880|3920|12496|25856|16008|16836|22768|22812|26544|17772|19304|19584|21596|13804|26468|20388|21532|23968|21692|11520|4572|8696|11384
2026-08-26T22:36:15.4740565-07:00,50,78,4969,24576,20.2,17.79,31.91,55.8,51,29.03,12.6,642.69,34.5,1880|3920|12496|25856|16008|16836|22768|22812|26544|17772|19304|19584|21596|13804|26468|20388|21532|23968|21692|11520|4572|8696|11384
2026-08-26T22:37:01.9711123-07:00,48,78,5076,24576,20.7,18.21,31.91,57.1,57,29.03,12.6,642.69,34.5,1880|3920|12496|25856|16008|16836|22768|22812|26544|17772|19304|19584|21596|13804|26468|20388|21532|23968|21692|11520|4572|8696|11384
2026-08-26T22:37:48.4686563-07:00,54,78,4718,24576,19.2,17.86,31.91,56,71,29.03,12.5,642.69,34.5,1880|3920|12496|25856|16008|16836|22768|22812|26544|17772|19304|19584|21596|26468|20388|21532|23968|21692|11520|4572|8696|11384|10644
2026-08-26T22:38:34.9873181-07:00,55,78,4836,24576,19.7,17.28,31.91,54.2,49,29.04,12.6,642.69,34.5,1880|3920|12496|25856|16008|16836|22768|22812|26544|17772|19304|19584|21596|26468|20388|21532|23968|21692|11520|4572|8696|11384|10644
2026-08-26T22:39:21.5468430-07:00,39,77,5159,24576,21,17.32,31.91,54.3,56,29.03,12.6,642.69,34.5,1880|3920|12496|25856|16008|16836|22768|22812|26544|17772|19304|19584|21596|26468|20388|21532|23968|21692|11520|4572|8696|11384|10644|26764
2026-08-26T22:40:08.0047627-07:00,36,70,4193,24576,17.1,17.19,31.91,53.9,51,29.04,12.6,642.69,34.5,1880|3920|12496|25856|16008|16836|22768|22812|26544|17772|19304|19584|21596|26468|20388|21532|23968|21692|11520|4572|8696|11384|10644
2026-08-26T22:40:54.5303409-07:00,94,78,4511,24576,18.4,17.25,31.91,54.1,47,29.03,12.6,642.69,34.5,1880|3920|12496|25856|16008|16836|22768|22812|26544|17772|19304|19584|21596|26468|20388|21532|23968|21692|11520|4572|8696|11384|10644
2026-08-26T22:41:40.9711655-07:00,51,78,4842,24576,19.7,17.69,31.91,55.4,45,29.02,12.5,642.69,34.5,1880|3920|12496|25856|16008|16836|22768|22812|26544|17772|19304|19584|21596|26468|20388|21532|23968|21692|11520|4572|8696|11384|10644
2026-08-26T22:42:27.4910483-07:00,57,80,4874,24576,19.8,17.93,31.91,56.2,68,28.99,12.5,642.69,34.5,1880|3920|12496|25856|16008|16836|22768|22812|26544|17772|19304|19584|21596|26468|20388|21532|23968|21692|11520|4572|8696|11384|10644
2026-08-26T22:43:14.0555799-07:00,45,79,4858,24576,19.8,17.96,31.91,56.3,44,28.98,12.5,642.69,34.5,1880|3920|12496|25856|16008|16836|22768|22812|26544|17772|19304|19584|21596|26468|20388|21532|23968|21692|11520|4572|8696|11384|10644
2026-08-26T22:44:00.5774972-07:00,48,80,4857,24576,19.8,17.86,31.91,56,68,28.98,12.5,642.69,34.5,1880|3920|12496|25856|16008|16836|22768|22812|26544|17772|19304|19584|21596|26468|20388|21532|23968|21692|11520|4572|8696|11384|10644
2026-08-26T22:44:47.1825162-07:00,47,79,4858,24576,19.8,17.87,31.91,56,51,28.98,12.5,642.69,34.5,1880|3920|12496|25856|16008|16836|22768|22812|26544|17772|19304|19584|21596|26468|20388|21532|23968|21692|11520|4572|8696|11384|10644
2026-08-26T22:45:33.7141851-07:00,70,80,4857,24576,19.8,18.07,31.91,56.6,65,28.98,12.5,642.69,34.5,1880|3920|12496|25856|16008|16836|22768|22812|26544|17772|19304|19584|21596|26468|20388|21532|23968|21692|11520|4572|8696|11384|10644
2026-08-26T22:46:20.2773097-07:00,40,65,4982,24576,20.3,17.96,31.91,56.3,13,28.97,12.5,642.69,34.5,1880|3920|12496|25856|16008|16836|22768|22812|26544|17772|19304|19584|21596|26468|20388|21532|23968|21692|11520|4572|8696|11384|10644
2026-08-26T22:47:06.6315372-07:00,72,72,4950,24576,20.1,17.67,31.91,55.4,54,28.97,12.5,642.69,34.5,1880|3920|12496|25856|16008|16836|22768|22812|26544|17772|19304|19584|21596|26468|20388|21532|23968|21692|11520|4572|8696|11384|10644
2026-08-26T22:47:53.0965720-07:00,92,74,4766,24576,19.4,17.78,31.91,55.7,52,28.97,12.5,642.69,34.5,1880|3920|12496|25856|16008|16836|22768|22812|26544|17772|19304|19584|21596|26468|20388|21532|23968|21692|11520|4572|8696|11384|10644
2026-08-26T22:48:39.5180144-07:00,89,73,4820,24576,19.6,17.8,31.91,55.8,41,28.97,12.5,642.69,34.5,1880|3920|12496|25856|16008|16836|22768|22812|26544|17772|19304|19584|21596|26468|20388|21532|23968|21692|11520|4572|8696|11384|10644
2026-08-26T22:49:26.0090997-07:00,28,70,4374,24576,17.8,17.69,31.91,55.4,65,28.97,12.5,642.69,34.5,1880|3920|12496|25856|16008|16836|22768|22812|26544|17772|19304|19584|21596|26468|20388|21532|23968|21692|11520|4572|8696|11384|10644
2026-08-26T22:50:12.5246172-07:00,41,75,4942,24576,20.1,18.07,31.91,56.6,57,28.97,12.5,642.68,34.5,1880|3920|12496|25856|16008|16836|22768|22812|26544|17772|19304|19584|21596|26468|20388|21532|23968|21692|11520|4572|8696|11384|10644
2026-08-26T22:50:59.1639263-07:00,50,77,4938,24576,20.1,18.35,31.91,57.5,63,28.97,12.5,642.68,34.5,1880|3920|12496|25856|16008|16836|22768|22812|26544|17772|19304|19584|21596|26468|20388|21532|23968|21692|11520|4572|8696|11384|10644
2026-08-26T22:51:45.7354603-07:00,44,78,5351,24576,21.8,18.58,31.91,58.2,59,28.97,12.5,642.68,34.5,1880|3920|12496|25856|16008|16836|22768|22812|26544|17772|19304|19584|21596|26468|20388|21532|23968|21692|11520|4572|8696|11384|10644
2026-08-26T22:52:32.3177773-07:00,35,70,5081,24576,20.7,18.11,31.91,56.8,41,28.95,12.5,642.68,34.5,1880|3920|12496|25856|16008|16836|22768|22812|26544|17772|19304|19584|21596|26468|20388|21532|23968|21692|11520|4572|8696|11384|10644
2026-08-26T22:53:19.0003445-07:00,56,79,4917,24576,20,18.1,31.91,56.7,62,28.95,12.5,642.68,34.5,1880|3920|12496|25856|16008|16836|22768|22812|26544|17772|19304|19584|21596|26468|20388|21532|23968|21692|11520|4572|8696|11384|10644
2026-08-26T22:54:05.6319118-07:00,57,79,5299,24576,21.6,18.09,31.91,56.7,60,28.95,12.5,642.68,34.5,1880|3920|12496|25856|16008|16836|22768|22812|26544|17772|19304|19584|21596|26468|20388|21532|23968|21692|11520|4572|8696|11384|10644
2026-08-26T22:54:52.1607420-07:00,59,80,5300,24576,21.6,18.1,31.91,56.7,74,28.95,12.5,642.68,34.5,1880|3920|12496|25856|16008|16836|22768|22812|26544|17772|19304|19584|21596|26468|20388|21532|23968|21692|11520|4572|8696|11384|10644
2026-08-26T22:55:38.7900593-07:00,56,80,4917,24576,20,18.59,31.91,58.3,51,28.95,12.5,642.68,34.5,1880|3920|12496|25856|16008|16836|22768|22812|26544|17772|19304|19584|21596|26468|20388|21532|23968|21692|11520|4572|8696|11384|10644
2026-08-26T22:56:25.3342745-07:00,58,80,5304,24576,21.6,17.92,31.91,56.2,54,28.93,12.5,642.64,34.5,1880|3920|12496|25856|16008|16836|22768|22812|26544|17772|19304|19584|21596|26468|20388|21532|23968|21692|11520|4572|8696|11384|10644
2026-08-26T22:57:11.9171497-07:00,48,79,4919,24576,20,17.82,31.91,55.8,56,28.93,12.5,642.62,34.5,1880|3920|12496|25856|16008|16836|22768|22812|26544|17772|19304|19584|21596|26468|20388|21532|23968|21692|11520|4572|8696|11384|10644
2026-08-26T22:57:58.4317217-07:00,52,79,5304,24576,21.6,18.49,31.91,57.9,59,28.93,12.5,642.62,34.5,1880|3920|12496|25856|16008|16836|22768|22812|26544|17772|19304|19584|21596|26468|20388|21532|23968|21692|11520|4572|8696|11384|10644
2026-08-26T22:58:45.1084554-07:00,50,78,5303,24576,21.6,18.05,31.91,56.6,60,28.93,12.5,642.62,34.5,1880|3920|12496|25856|16008|16836|22768|22812|26544|17772|19304|19584|21596|26468|20388|21532|23968|21692|11520|4572|8696|11384|10644
2026-08-26T22:59:31.7103243-07:00,43,79,4834,24576,19.7,18.07,31.91,56.6,53,28.93,12.5,642.62,34.5,1880|3920|12496|25856|16008|16836|22768|22812|26544|17772|19304|19584|21596|26468|20388|21532|23968|21692|11520|4572|8696|11384|10644
2026-08-26T23:00:18.2656744-07:00,48,79,5218,24576,21.2,18.13,31.91,56.8,42,28.92,12.5,642.62,34.5,1880|3920|12496|25856|16008|16836|22768|22812|26544|17772|19304|19584|21596|26468|20388|21532|23968|21692|11520|4572|8696|11384|10644
2026-08-26T23:01:04.7892984-07:00,92,78,4659,24576,19,17.72,31.91,55.5,51,28.92,12.5,642.62,34.5,1880|3920|12496|25856|16008|16836|22768|22812|26544|17772|19304|19584|21596|26468|20388|21532|23968|21692|11520|4572|8696|11384|10644
2026-08-26T23:01:51.2715101-07:00,56,78,5011,24576,20.4,17.89,31.91,56.1,66,28.91,12.5,642.62,34.5,1880|3920|12496|25856|16008|16836|22768|22812|26544|17772|19304|19584|21596|26468|20388|21532|23968|21692|11520|4572|8696|11384|10644
2026-08-26T23:02:37.7901146-07:00,45,79,4981,24576,20.3,18.08,31.91,56.7,54,28.91,12.5,642.62,34.5,1880|3920|12496|25856|16008|16836|22768|22812|26544|17772|19304|19584|21596|26468|20388|21532|23968|21692|11520|4572|8696|11384|10644
2026-08-26T23:03:24.3963287-07:00,46,79,5019,24576,20.4,18.11,31.91,56.8,63,28.94,12.5,642.62,34.5,1880|3920|12496|25856|16008|16836|22768|22812|26544|17772|19304|19584|21596|26468|20388|21532|23968|21692|11520|4572|8696|11384|10644
2026-08-26T23:04:10.9559483-07:00,48,79,5405,24576,22,18.02,31.91,56.5,66,28.93,12.5,642.62,34.5,1880|3920|12496|25856|16008|16836|22768|22812|26544|17772|19304|19584|21596|26468|20388|21532|23968|21692|11520|4572|8696|11384|10644
2026-08-26T23:04:57.5798610-07:00,45,79,5404,24576,22,17.94,31.91,56.2,52,28.93,12.5,642.62,34.5,1880|3920|12496|25856|16008|16836|22768|22812|26544|17772|19304|19584|21596|26468|20388|21532|23968|21692|11520|4572|8696|11384|10644
2026-08-26T23:05:44.0681175-07:00,51,76,5447,24576,22.2,18.24,31.91,57.2,49,28.92,12.5,642.62,34.5,1880|3920|12496|25856|16008|16836|22768|22812|26544|17772|19304|19584|21596|26468|20388|21532|23968|21692|11520|4572|8696|11384|10644
2026-08-26T23:06:30.6240070-07:00,51,78,5053,24576,20.6,17.76,31.91,55.7,52,28.92,12.5,642.62,34.5,1880|3920|12496|25856|16008|16836|22768|22812|26544|17772|19304|19584|21596|26468|20388|21532|23968|21692|11520|4572|8696|11384|10644
2026-08-26T23:07:17.1364065-07:00,43,77,5049,24576,20.5,17.81,31.91,55.8,58,28.9,12.5,642.62,34.5,1880|3920|12496|25856|16008|16836|22768|22812|26544|17772|19304|19584|21596|26468|20388|21532|23968|21692|11520|4572|8696|11384|10644
2026-08-26T23:08:03.6626142-07:00,54,76,5060,24576,20.6,18.13,31.91,56.8,56,28.9,12.5,642.62,34.5,1880|3920|12496|25856|16008|16836|22768|22812|26544|17772|19304|19584|21596|26468|20388|21532|23968|21692|11520|4572|8696|11384|10644
2026-08-26T23:08:50.2090572-07:00,53,77,5112,24576,20.8,18.06,31.91,56.6,39,28.9,12.5,642.62,34.5,1880|3920|12496|25856|16008|16836|22768|22812|26544|17772|19304|19584|21596|26468|20388|21532|23968|21692|11520|4572|8696|11384|10644
2026-08-26T23:09:36.7248836-07:00,39,66,4992,24576,20.3,17.59,31.91,55.1,20,28.88,12.5,642.62,34.5,1880|3920|12496|25856|16008|16836|22768|22812|26544|17772|19304|19584|21596|26468|20388|21532|23968|21692|11520|4572|8696|11384|10644
2026-08-26T23:10:23.0772188-07:00,71,79,4949,24576,20.1,17.75,31.91,55.6,50,28.88,12.5,642.62,34.5,1880|3920|12496|25856|16008|16836|22768|22812|26544|17772|19304|19584|21596|26468|20388|21532|23968|21692|11520|4572|8696|11384|10644
2026-08-26T23:11:09.5910028-07:00,36,78,5557,24576,22.6,17.83,31.91,55.9,22,28.88,12.5,642.63,34.5,1880|3920|12496|25856|16008|16836|22768|22812|26544|17772|19304|19584|21596|26468|20388|21532|23968|21692|11520|4572|8696|11384|10644
2026-08-26T23:11:56.0422931-07:00,62,79,5471,24576,22.3,17.55,31.91,55,56,28.88,12.5,642.62,34.5,1880|3920|12496|25856|16008|16836|22768|22812|26544|17772|19304|19584|21596|26468|20388|21532|23968|21692|11520|4572|8696|11384|10644
2026-08-26T23:12:42.5494945-07:00,64,80,5471,24576,22.3,17.71,31.91,55.5,71,29.46,12.7,642.62,34.5,1880|3920|12496|25856|16008|16836|22768|22812|26544|17772|19304|19584|21596|26468|20388|21532|23968|21692|11520|4572|8696|11384|10644
2026-08-26T23:13:29.0840191-07:00,58,79,5230,24576,21.3,17.84,31.91,55.9,56,29.46,12.7,642.62,34.5,1880|3920|12496|25856|16008|16836|22768|22812|26544|17772|19304|19584|21596|26468|20388|21532|23968|21692|11520|4572|8696|11384|10644
2026-08-26T23:14:15.6250001-07:00,43,80,5228,24576,21.3,18.11,31.91,56.8,49,29.45,12.7,642.62,34.5,1880|3920|12496|25856|16008|16836|22768|22812|26544|17772|19304|19584|21596|26468|20388|21532|23968|21692|11520|4572|8696|11384|10644
2026-08-26T23:15:02.1578796-07:00,58,79,5221,24576,21.2,18.21,31.91,57.1,62,29.42,12.7,642.62,34.5,1880|3920|12496|25856|16008|16836|22768|22812|26544|17772|19304|19584|21596|26468|20388|21532|23968|21692|11520|4572|8696|11384|10644
2026-08-26T23:15:48.7183955-07:00,37,77,4844,24576,19.7,18.37,31.91,57.6,54,29.42,12.7,642.62,34.5,1880|3920|12496|25856|16008|16836|22768|22812|26544|17772|19304|19584|21596|26468|20388|21532|23968|21692|11520|4572|8696|11384|10644
2026-08-26T23:16:35.2400035-07:00,44,78,4844,24576,19.7,18.1,31.91,56.7,54,29.42,12.7,642.62,34.5,1880|3920|12496|25856|16008|16836|22768|22812|26544|17772|19304|19584|21596|26468|20388|21532|23968|21692|11520|4572|8696|11384|10644
2026-08-26T23:17:21.8500523-07:00,40,76,5224,24576,21.3,18.07,31.91,56.6,62,29.37,12.7,642.63,34.5,1880|3920|12496|25856|16008|16836|22768|22812|26544|17772|19304|19584|21596|26468|20388|21532|23968|21692|11520|4572|8696|11384|10644
2026-08-26T23:18:08.4564867-07:00,36,77,5271,24576,21.4,17.9,31.91,56.1,57,29.41,12.7,642.62,34.5,1880|3920|12496|25856|16008|16836|22768|22812|26544|17772|19304|19584|21596|26468|20388|21532|23968|21692|11520|4572|8696|11384|10644
2026-08-26T23:18:55.0238265-07:00,46,78,5228,24576,21.3,17.91,31.91,56.1,59,29.41,12.7,642.62,34.5,1880|3920|12496|25856|16008|16836|22768|22812|26544|17772|19304|19584|21596|26468|20388|21532|23968|21692|11520|4572|8696|11384|10644
2026-08-26T23:19:41.5601043-07:00,40,78,5225,24576,21.3,17.9,31.91,56.1,60,29.41,12.7,642.62,34.5,1880|3920|12496|25856|16008|16836|22768|22812|26544|17772|19304|19584|21596|26468|20388|21532|23968|21692|11520|4572|8696|11384|10644
2026-08-26T23:20:28.1070914-07:00,44,78,4835,24576,19.7,17.86,31.91,56,39,29.4,12.7,642.62,34.5,1880|3920|12496|25856|16008|16836|22768|22812|26544|17772|19304|19584|21596|26468|20388|21532|23968|21692|11520|4572|8696|11384|10644
2026-08-26T23:21:14.5762454-07:00,55,79,4841,24576,19.7,17.89,31.91,56.1,62,29.4,12.7,642.62,34.5,1880|3920|12496|25856|16008|16836|22768|22812|26544|17772|19304|19584|21596|26468|20388|21532|23968|21692|11520|4572|8696|11384|10644
2026-08-26T23:22:01.1535512-07:00,54,74,5039,24576,20.5,17.45,31.91,54.7,53,29.4,12.7,642.62,34.5,1880|3920|12496|25856|16008|16836|22768|22812|26544|17772|19304|19584|21596|26468|20388|21532|23968|21692|11520|4572|8696|11384|10644
2026-08-26T23:22:47.6486570-07:00,57,77,5262,24576,21.4,17.48,31.91,54.8,67,29.4,12.7,642.62,34.5,1880|3920|12496|25856|16008|16836|22768|22812|26544|17772|19304|19584|21596|26468|20388|21532|23968|21692|11520|4572|8696|11384|10644
2026-08-26T23:23:34.1974011-07:00,51,79,4878,24576,19.8,17.51,31.91,54.9,51,29.4,12.7,642.62,34.5,1880|3920|12496|25856|16008|16836|22768|22812|26544|17772|19304|19584|21596|26468|20388|21532|23968|21692|11520|4572|8696|11384|10644
2026-08-26T23:24:20.7124100-07:00,44,79,4877,24576,19.8,17.6,31.91,55.2,54,29.4,12.7,642.62,34.5,1880|3920|12496|25856|16008|16836|22768|22812|26544|17772|19304|19584|21596|26468|20388|21532|23968|21692|11520|4572|8696|11384|10644
2026-08-26T23:25:07.2134111-07:00,45,78,4871,24576,19.8,17.66,31.91,55.3,43,29.4,12.7,642.62,34.5,1880|3920|12496|25856|16008|16836|22768|22812|26544|17772|19304|19584|21596|26468|20388|21532|23968|21692|11520|4572|8696|11384|10644
2026-08-26T23:25:53.7232119-07:00,46,79,5261,24576,21.4,17.86,31.91,56,55,29.4,12.7,642.62,34.5,1880|3920|12496|25856|16008|16836|22768|22812|26544|17772|19304|19584|21596|26468|20388|21532|23968|21692|11520|4572|8696|11384|10644
2026-08-26T23:26:40.2315110-07:00,50,79,5258,24576,21.4,17.88,31.91,56,40,29.4,12.7,642.62,34.5,1880|3920|12496|25856|16008|16836|22768|22812|26544|17772|19304|19584|21596|26468|20388|21532|23968|21692|11520|4572|8696|11384|10644
2026-08-26T23:27:26.6931402-07:00,44,78,5254,24576,21.4,17.71,31.91,55.5,70,29.4,12.7,642.62,34.5,1880|3920|12496|25856|16008|16836|22768|22812|26544|17772|19304|19584|21596|26468|20388|21532|23968|21692|11520|4572|8696|11384|10644
2026-08-26T23:28:13.1988080-07:00,40,79,5254,24576,21.4,17.72,31.91,55.5,53,29.4,12.7,642.62,34.5,1880|3920|12496|25856|16008|16836|22768|22812|26544|17772|19304|19584|21596|26468|20388|21532|23968|21692|11520|4572|8696|11384|10644
2026-08-26T23:28:59.6968638-07:00,47,80,5262,24576,21.4,17.75,31.91,55.6,60,29.4,12.7,642.62,34.5,1880|3920|12496|25856|16008|16836|22768|22812|26544|17772|19304|19584|21596|26468|20388|21532|23968|21692|11520|4572|8696|11384|10644
2026-08-26T23:29:46.2256627-07:00,46,79,5260,24576,21.4,17.7,31.91,55.5,50,29.4,12.7,642.62,34.5,1880|3920|12496|25856|16008|16836|22768|22812|26544|17772|19304|19584|21596|26468|20388|21532|23968|21692|11520|4572|8696|11384|10644
2026-08-26T23:30:32.7549517-07:00,37,78,5261,24576,21.4,17.91,31.91,56.1,70,29.4,12.7,642.62,34.5,1880|3920|12496|25856|16008|16836|22768|22812|26544|17772|19304|19584|21596|26468|20388|21532|23968|21692|11520|4572|8696|11384|10644
2026-08-26T23:31:19.2950463-07:00,49,79,5253,24576,21.4,17.7,31.91,55.5,55,29.39,12.7,642.62,34.5,1880|3920|12496|25856|16008|16836|22768|22812|26544|17772|19304|19584|21596|26468|20388|21532|23968|21692|11520|4572|8696|11384|10644
2026-08-26T23:32:05.7744935-07:00,49,79,5283,24576,21.5,17.5,31.91,54.8,54,29.39,12.7,642.62,34.5,1880|3920|12496|25856|16008|16836|22768|22812|26544|17772|19304|19584|21596|26468|20388|21532|23968|21692|11520|4572|8696|11384|10644
2026-08-26T23:32:52.2914226-07:00,46,79,5261,24576,21.4,17.55,31.91,55,47,29.39,12.7,642.62,34.5,1880|3920|12496|25856|16008|16836|22768|22812|26544|17772|19304|19584|21596|26468|20388|21532|23968|21692|11520|4572|8696|11384|10644
2026-08-26T23:33:38.7985260-07:00,46,79,5255,24576,21.4,17.51,31.91,54.9,49,29.39,12.7,642.62,34.5,1880|3920|12496|25856|16008|16836|22768|22812|26544|17772|19304|19584|21596|26468|20388|21532|23968|21692|11520|4572|8696|11384|10644
2026-08-26T23:34:25.3608536-07:00,56,79,5262,24576,21.4,17.52,31.91,54.9,65,29.39,12.7,642.62,34.5,1880|3920|12496|25856|16008|16836|22768|22812|26544|17772|19304|19584|21596|26468|20388|21532|23968|21692|11520|4572|8696|11384|10644
2026-08-26T23:35:11.8481449-07:00,43,80,5262,24576,21.4,17.48,31.91,54.8,57,29.4,12.7,642.62,34.5,1880|3920|12496|25856|16008|16836|22768|22812|26544|17772|19304|19584|21596|26468|20388|21532|23968|21692|11520|4572|8696|11384|10644
2026-08-26T23:35:58.3817042-07:00,47,79,5262,24576,21.4,17.67,31.91,55.4,56,29.4,12.7,642.62,34.5,1880|3920|12496|25856|16008|16836|22768|22812|26544|17772|19304|19584|21596|26468|20388|21532|23968|21692|11520|4572|8696|11384|10644
2026-08-26T23:36:44.8577859-07:00,56,80,5267,24576,21.4,17.66,31.91,55.3,45,29.4,12.7,642.62,34.5,1880|3920|12496|25856|16008|16836|22768|22812|26544|17772|19304|19584|21596|26468|20388|21532|23968|21692|11520|4572|8696|11384|10644
2026-08-26T23:37:31.3757401-07:00,40,79,5260,24576,21.4,17.57,31.91,55.1,54,29.4,12.7,642.62,34.5,1880|3920|12496|25856|16008|16836|22768|22812|26544|17772|19304|19584|21596|26468|20388|21532|23968|21692|11520|4572|8696|11384|10644
2026-08-26T23:38:17.8660509-07:00,56,79,5255,24576,21.4,17.62,31.91,55.2,58,29.4,12.7,642.62,34.5,1880|3920|12496|25856|16008|16836|22768|22812|26544|17772|19304|19584|21596|26468|20388|21532|23968|21692|11520|4572|8696|11384|10644
2026-08-26T23:39:04.3681490-07:00,44,79,5263,24576,21.4,17.66,31.91,55.3,52,29.4,12.7,642.62,34.5,1880|3920|12496|25856|16008|16836|22768|22812|26544|17772|19304|19584|21596|26468|20388|21532|23968|21692|11520|4572|8696|11384|10644
2026-08-26T23:39:50.8471812-07:00,52,79,5264,24576,21.4,17.64,31.91,55.3,59,29.4,12.7,642.62,34.5,1880|3920|12496|25856|16008|16836|22768|22812|26544|17772|19304|19584|21596|26468|20388|21532|23968|21692|11520|4572|8696|11384|10644
2026-08-26T23:40:37.3431337-07:00,49,79,5257,24576,21.4,17.83,31.91,55.9,68,29.4,12.7,642.62,34.5,1880|3920|12496|25856|16008|16836|22768|22812|26544|17772|19304|19584|21596|26468|20388|21532|23968|21692|11520|4572|8696|11384|10644
2026-08-26T23:41:23.8655884-07:00,40,77,5257,24576,21.4,17.75,31.91,55.6,56,29.42,12.7,642.62,34.5,1880|3920|12496|25856|16008|16836|22768|22812|26544|17772|19304|19584|21596|26468|20388|21532|23968|21692|11520|4572|8696|11384|10644
2026-08-26T23:42:10.3948405-07:00,42,77,5255,24576,21.4,17.64,31.91,55.3,62,29.42,12.7,642.62,34.5,1880|3920|12496|25856|16008|16836|22768|22812|26544|17772|19304|19584|21596|26468|20388|21532|23968|21692|11520|4572|8696|11384|10644
2026-08-26T23:42:56.9107894-07:00,43,77,5255,24576,21.4,17.65,31.91,55.3,59,29.43,12.7,642.62,34.5,1880|3920|12496|25856|16008|16836|22768|22812|26544|17772|19304|19584|21596|26468|20388|21532|23968|21692|11520|4572|8696|11384|10644
2026-08-26T23:43:43.4659710-07:00,45,76,5262,24576,21.4,17.71,31.91,55.5,52,29.43,12.7,642.62,34.5,1880|3920|12496|25856|16008|16836|22768|22812|26544|17772|19304|19584|21596|26468|20388|21532|23968|21692|11520|4572|8696|11384|10644
2026-08-26T23:44:29.9784854-07:00,49,78,5255,24576,21.4,17.7,31.91,55.5,42,29.43,12.7,642.62,34.5,1880|3920|12496|25856|16008|16836|22768|22812|26544|17772|19304|19584|21596|26468|20388|21532|23968|21692|11520|4572|8696|11384|10644
2026-08-26T23:45:16.4910424-07:00,50,78,5262,24576,21.4,17.73,31.91,55.6,59,29.43,12.7,642.62,34.5,1880|3920|12496|25856|16008|16836|22768|22812|26544|17772|19304|19584|21596|26468|20388|21532|23968|21692|11520|4572|8696|11384|10644
2026-08-26T23:46:03.0515125-07:00,20,76,5120,24576,20.8,17.17,31.91,53.8,27,29.42,12.7,642.62,34.5,1880|3920|12496|25856|16008|16836|22768|22812|26544|17772|19304|19584|21596|26468|20388|21532|23968|21692|11520|4572|8696|11384|10644
2026-08-26T23:46:49.4600378-07:00,27,63,5217,24576,21.2,17.83,31.91,55.9,70,29.42,12.7,642.62,34.5,1880|3920|12496|25856|16008|16836|22768|22812|26544|17772|19304|19584|21596|26468|20388|21532|23968|21692|11520|4572|8696|11384|10644
2026-08-26T23:47:36.0275053-07:00,53,78,5763,24576,23.4,17.53,31.91,54.9,25,29.42,12.7,642.62,34.5,1880|3920|12496|25856|16008|16836|22768|22812|26544|17772|19304|19584|21596|26468|20388|21532|23968|21692|11520|4572|8696|11384|10644
2026-08-26T23:48:22.4874367-07:00,24,60,1718,24576,7,13.9,31.91,43.6,15,29.36,12.7,642.62,34.5,1880|3920|12496|25856|16008|16836|22768|22812|26544|17772|19304|26468|20388|21532|23968|21692|11520|4572|8696|11384|9688
2026-08-26T23:49:08.8395891-07:00,32,56,1603,24576,6.5,15.67,31.91,49.1,40,29.35,12.7,642.63,34.5,1880|3920|12496|25856|16008|16836|22768|22812|26544|17772|26468|20388|21532|23968|21692|11520|4572|8696|11384|9688|13336|9968
2026-08-26T23:49:55.1914991-07:00,34,53,1596,24576,6.5,15.54,31.91,48.7,32,29.35,12.7,642.63,34.5,1880|3920|12496|25856|16008|16836|22768|22812|26544|17772|26468|20388|21532|23968|21692|11520|4572|8696|11384|9688|13336|9968
2026-08-26T23:50:41.5259390-07:00,31,56,1594,24576,6.5,16,31.91,50.1,68,29.34,12.7,642.62,34.5,1880|3920|12496|25856|16008|16836|22768|22812|26544|17772|26468|20388|21532|23968|21692|11520|4572|8696|11384|9688|13336|9968
2026-08-26T23:51:27.8917216-07:00,33,56,1557,24576,6.3,16,31.91,50.1,54,29.34,12.7,642.62,34.5,1880|3920|12496|25856|16008|16836|22768|22812|26544|17772|26468|20388|21532|23968|21692|11520|4572|8696|11384|9688|13336|9968
2026-08-26T23:52:14.2199601-07:00,35,57,1578,24576,6.4,15.75,31.91,49.4,40,29.34,12.7,642.62,34.5,1880|3920|12496|25856|16008|16836|22768|22812|26544|17772|26468|20388|21532|23968|21692|11520|4572|8696|11384|9688|13336|9968
2026-08-26T23:53:00.5805587-07:00,32,58,1448,24576,5.9,15.75,31.91,49.4,34,29.33,12.7,642.62,34.5,1880|3920|12496|25856|16008|16836|22768|22812|26544|17772|26468|20388|21532|23968|21692|11520|4572|8696|11384|9688|13336|9968
2026-08-26T23:53:46.8965071-07:00,35,58,1463,24576,6,15.68,31.91,49.1,26,29.37,12.7,642.62,34.5,1880|3920|12496|25856|16008|16836|22768|22812|26544|17772|26468|20388|21532|23968|21692|11520|4572|8696|11384|9688|13336|9968
2026-08-26T23:54:33.2354864-07:00,55,60,1656,24576,6.7,16.5,31.91,51.7,40,29.71,12.8,642.62,34.5,1880|3920|12496|25856|16008|16836|22768|22812|26544|17772|26468|20388|21532|23968|21692|11520|4572|8696|11384|9688|13336|9968|248|15040|24268|15172
2026-08-26T23:55:19.6209644-07:00,15,62,1682,24576,6.8,16.85,31.91,52.8,49,29.7,12.8,642.62,34.5,1880|3920|12496|25856|16008|16836|22768|22812|26544|17772|26468|20388|21532|23968|21692|11520|4572|8696|11384|9688|13336|9968|248|15040|24268|15172
2026-08-26T23:56:06.0136876-07:00,16,62,1672,24576,6.8,16.99,31.91,53.2,43,29.69,12.8,642.62,34.5,1880|3920|12496|25856|16008|16836|22768|22812|26544|17772|26468|20388|21532|23968|21692|11520|4572|8696|11384|9688|13336|9968|248|15040|24268|15172
2026-08-26T23:56:52.4682449-07:00,35,58,1528,24576,6.2,17.03,31.91,53.4,47,29.65,12.8,642.63,34.5,1880|3920|12496|25856|16008|16836|22768|22812|26544|17772|26468|20388|21532|23968|21692|11520|4572|8696|11384|9688|13336|9968|248|15040|24268|15172
2026-08-26T23:57:38.9693446-07:00,29,59,1498,24576,6.1,17.14,31.91,53.7,46,29.65,12.8,642.62,34.5,1880|3920|12496|25856|16008|16836|22768|22812|26544|17772|26468|20388|21532|23968|21692|11520|4572|8696|11384|9688|13336|9968|248|15040|24268|15172
2026-08-26T23:58:25.3546375-07:00,41,60,1553,24576,6.3,16.68,31.91,52.3,83,29.65,12.8,642.62,34.5,1880|3920|12496|25856|16008|16836|22768|22812|26544|17772|26468|20388|21532|23968|21692|11520|4572|8696|11384|9688|13336|9968|248|15040|24268|15172
2026-08-26T23:59:11.7628425-07:00,31,59,1890,24576,7.7,16.95,31.91,53.1,31,29.64,12.8,642.62,34.5,1880|3920|12496|25856|16008|16836|22768|22812|26544|17772|26468|20388|21532|23968|21692|11520|4572|8696|11384|9688|13336|9968|15040|15172
2026-08-26T23:59:58.0955313-07:00,31,60,3276,24576,13.3,18.8,31.91,58.9,34,29.65,12.8,642.61,34.5,1880|3920|12496|25856|16008|16836|22768|22812|26544|17772|26468|20388|21532|23968|21692|11520|8696|11384|9688|13336|9968|15040|15172|23632|4072|10432|15620|26976|8348
2026-08-27T00:00:44.7595616-07:00,37,62,3340,24576,13.6,18.48,31.91,57.9,32,29.64,12.8,642.61,34.5,1880|3920|12496|25856|16008|16836|22768|22812|26544|17772|26468|20388|21532|23968|21692|11520|8696|11384|9688|13336|9968|15040|15172|23632|4072|10432|15620|26976|8348
2026-08-27T00:01:31.1615452-07:00,35,61,3375,24576,13.7,18.42,31.91,57.7,38,29.63,12.8,642.61,34.5,1880|3920|12496|25856|16008|16836|22768|22812|26544|17772|26468|20388|21532|23968|21692|11520|8696|11384|9688|13336|9968|15040|15172|23632|4072|10432|15620|26976|8348
2026-08-27T00:02:17.5902097-07:00,30,60,3375,24576,13.7,18.84,31.91,59,48,29.63,12.8,642.62,34.5,1880|3920|12496|25856|16008|16836|22768|22812|26544|17772|26468|20388|21532|23968|21692|11520|8696|11384|9688|13336|9968|15040|15172|23632|4072|10432|15620|26976|8348
2026-08-27T00:03:04.1035800-07:00,24,59,3317,24576,13.5,18.52,31.91,58,53,29.63,12.8,642.61,34.5,1880|3920|12496|25856|16008|16836|22768|22812|26544|17772|26468|20388|21532|23968|21692|11520|8696|11384|9688|13336|9968|15040|15172|23632|4072|10432|15620|26976|8348
2026-08-27T00:03:50.5427837-07:00,22,61,3306,24576,13.5,18.45,31.91,57.8,40,29.62,12.8,642.61,34.5,1880|3920|12496|25856|16008|16836|22768|22812|26544|17772|26468|20388|21532|23968|21692|11520|8696|11384|9688|13336|9968|15040|15172|23632|4072|10432|15620|26976|8348
2026-08-27T00:04:36.9686767-07:00,32,61,3296,24576,13.4,18.26,31.91,57.2,54,29.62,12.8,642.61,34.5,1880|3920|12496|25856|16008|16836|22768|22812|26544|17772|26468|20388|21532|23968|21692|11520|8696|11384|9688|13336|9968|15040|15172|23632|4072|10432|15620|26976|8348
2026-08-27T00:05:23.3743041-07:00,32,60,3248,24576,13.2,18.33,31.91,57.4,48,29.62,12.8,642.61,34.5,1880|3920|12496|25856|16008|16836|22768|22812|26544|17772|26468|20388|21532|23968|21692|11520|8696|11384|9688|13336|9968|15040|15172|4072|15620|26976|8348
2026-08-27T00:06:09.7728127-07:00,37,60,3238,24576,13.2,18.28,31.91,57.3,43,29.62,12.8,642.61,34.5,1880|3920|12496|25856|16008|16836|22768|22812|26544|17772|26468|20388|21532|23968|21692|11520|8696|11384|9688|13336|9968|15040|15172|4072|15620|26976|8348
2026-08-27T00:06:56.1858429-07:00,35,61,3249,24576,13.2,18.38,31.91,57.6,34,29.62,12.8,642.61,34.5,1880|3920|12496|25856|16008|16836|22768|22812|26544|17772|26468|20388|21532|23968|21692|11520|8696|11384|9688|13336|9968|15040|15172|4072|15620|26976|8348|21412
2026-08-27T00:07:42.5653397-07:00,34,61,3238,24576,13.2,18.09,31.91,56.7,47,29.62,12.8,642.61,34.5,1880|3920|12496|25856|16008|16836|22768|22812|26544|17772|26468|20388|21532|23968|21692|11520|8696|11384|9688|13336|9968|15040|15172|4072|15620|26976|8348
2026-08-27T00:08:28.9570279-07:00,31,60,3249,24576,13.2,18.12,31.91,56.8,36,29.62,12.8,642.61,34.5,1880|3920|12496|25856|16008|16836|22768|22812|26544|17772|26468|20388|21532|23968|21692|11520|8696|11384|9688|13336|9968|15040|15172|4072|15620|26976|8348
2026-08-27T00:09:15.3402834-07:00,27,60,3250,24576,13.2,18.36,31.91,57.5,37,29.61,12.8,642.61,34.5,1880|3920|12496|25856|16008|16836|22768|22812|26544|17772|26468|20388|21532|23968|21692|11520|8696|11384|9688|13336|9968|15040|15172|4072|15620|26976|8348
2026-08-27T00:10:01.7421398-07:00,34,61,3255,24576,13.2,18.31,31.91,57.4,36,29.61,12.8,642.61,34.5,1880|3920|12496|25856|16008|16836|22768|22812|26544|17772|26468|20388|21532|23968|21692|11520|8696|11384|9688|13336|9968|15040|15172|4072|15620|26976|8348
2026-08-27T00:10:48.1224545-07:00,31,60,3251,24576,13.2,18.31,31.91,57.4,47,29.61,12.8,642.61,34.5,1880|3920|12496|25856|16008|16836|22768|22812|26544|17772|26468|20388|21532|23968|21692|11520|8696|11384|9688|13336|9968|15040|15172|4072|15620|26976|8348
2026-08-27T00:11:34.5341494-07:00,33,60,3251,24576,13.2,18.25,31.91,57.2,50,29.61,12.8,642.61,34.5,1880|3920|12496|25856|16008|16836|22768|22812|26544|17772|26468|20388|21532|23968|21692|11520|8696|11384|9688|13336|9968|15040|15172|4072|15620|26976|8348
2026-08-27T00:12:20.9198267-07:00,33,60,3249,24576,13.2,18.3,31.91,57.3,54,29.61,12.8,642.61,34.5,1880|3920|12496|25856|16008|16836|22768|22812|26544|17772|26468|20388|21532|23968|21692|11520|8696|11384|9688|13336|9968|15040|15172|4072|15620|26976|8348
2026-08-27T00:13:07.3193684-07:00,28,60,3253,24576,13.2,18.33,31.91,57.4,46,29.61,12.8,642.61,34.5,1880|3920|12496|25856|16008|16836|22768|22812|26544|17772|26468|20388|21532|23968|21692|11520|8696|11384|9688|13336|9968|15040|15172|4072|15620|26976|8348
2026-08-27T00:13:53.7179384-07:00,34,61,3246,24576,13.2,18.42,31.91,57.7,51,29.61,12.8,642.61,34.5,1880|3920|12496|25856|16008|16836|22768|22812|26544|17772|26468|20388|21532|23968|21692|11520|8696|11384|9688|13336|9968|15040|15172|4072|15620|26976|8348
2026-08-27T00:14:40.1630609-07:00,37,60,3256,24576,13.2,18.13,31.91,56.8,30,29.61,12.8,642.61,34.5,1880|3920|12496|25856|16008|16836|22768|22812|26544|17772|26468|20388|21532|23968|21692|11520|8696|11384|9688|13336|9968|15040|15172|4072|15620|26976|8348
2026-08-27T00:15:26.5303937-07:00,39,61,3256,24576,13.2,18.28,31.91,57.3,48,29.61,12.8,642.61,34.5,1880|3920|12496|25856|16008|16836|22768|22812|26544|17772|26468|20388|21532|23968|21692|11520|8696|11384|9688|13336|9968|15040|15172|4072|15620|26976|8348
2026-08-27T00:16:12.9128408-07:00,31,60,3251,24576,13.2,18.27,31.91,57.3,36,29.6,12.8,642.61,34.5,1880|3920|12496|25856|16008|16836|22768|22812|26544|17772|26468|20388|21532|23968|21692|11520|8696|11384|9688|13336|9968|15040|15172|4072|15620|26976|8348
2026-08-27T00:16:59.3120257-07:00,34,60,3260,24576,13.3,18.27,31.91,57.3,45,29.6,12.8,642.61,34.5,1880|3920|12496|25856|16008|16836|22768|22812|26544|17772|26468|20388|21532|23968|21692|11520|8696|11384|9688|13336|9968|15040|15172|4072|15620|26976|8348
2026-08-27T00:17:45.7027578-07:00,29,61,3258,24576,13.3,18.22,31.91,57.1,43,29.6,12.8,642.61,34.5,1880|3920|12496|25856|16008|16836|22768|22812|26544|17772|26468|20388|21532|23968|21692|11520|8696|11384|9688|13336|9968|15040|15172|4072|15620|26976|8348
2026-08-27T00:18:32.1334125-07:00,36,58,1766,24576,7.2,17.02,31.91,53.3,50,29.61,12.8,642.61,34.5,1880|3920|12496|25856|16008|16836|22768|22812|26544|17772|26468|20388|21532|23968|21692|11520|8696|11384|9688|13336|9968|15040|15172|15620
2026-08-27T00:19:18.5007040-07:00,8,62,1990,24576,8.1,17.05,31.91,53.4,57,29.6,12.8,642.61,34.5,1880|3920|12496|25856|16008|16836|22768|22812|26544|17772|26468|20388|21532|23968|21692|11520|8696|11384|9688|13336|9968|15040|15172|15620
2026-08-27T00:20:04.8740855-07:00,32,60,3081,24576,12.5,19.14,31.91,60,52,29.61,12.8,642.61,34.5,1880|3920|12496|25856|16008|16836|22768|22812|26544|17772|26468|20388|21532|23968|21692|11520|8696|11384|9688|13336|9968|15040|15172|27272|8348|10944|9180|13480|13624
2026-08-27T00:20:51.3268488-07:00,40,60,3271,24576,13.3,19.42,31.91,60.9,39,29.62,12.8,642.61,34.5,1880|3920|12496|25856|16008|16836|22768|22812|26544|17772|26468|20388|21532|23968|21692|11520|8696|11384|9688|13336|9968|15040|15172|27272|8348|10944|9180|13480|13624
2026-08-27T00:21:37.7261184-07:00,30,60,3273,24576,13.3,18.65,31.91,58.4,74,29.61,12.8,642.61,34.5,1880|3920|12496|25856|16008|16836|22768|22812|26544|17772|26468|20388|21532|23968|21692|11520|8696|11384|9688|13336|9968|15040|15172|27272|8348|10944|9180|13480|13624
2026-08-27T00:22:24.2343992-07:00,35,61,3367,24576,13.7,17.9,31.91,56.1,46,29.61,12.8,642.61,34.5,1880|3920|12496|25856|16008|16836|22768|22812|26544|17772|26468|20388|21532|23968|21692|11520|8696|11384|9688|13336|9968|15040|15172|27272|8348|10944|9180|13480|13624
2026-08-27T00:23:10.6214743-07:00,36,61,3353,24576,13.6,18.07,31.91,56.6,55,29.61,12.8,642.61,34.5,1880|3920|12496|25856|16008|16836|22768|22812|26544|17772|26468|20388|21532|23968|21692|11520|8696|11384|9688|13336|9968|15040|15172|27272|8348|10944|9180|13480|13624
2026-08-27T00:23:56.9951184-07:00,33,60,3323,24576,13.5,18.05,31.91,56.6,41,29.61,12.8,642.61,34.5,1880|3920|12496|25856|16008|16836|22768|22812|26544|17772|26468|20388|21532|23968|21692|11520|8696|11384|9688|13336|9968|15040|15172|27272|8348|10944|9180|13480|13624
2026-08-27T00:24:43.3872961-07:00,30,60,3321,24576,13.5,17.88,31.91,56,37,29.61,12.8,642.61,34.5,1880|3920|12496|25856|16008|16836|22768|22812|26544|17772|26468|20388|21532|23968|21692|11520|8696|11384|9688|13336|9968|15040|15172|27272|8348|10944|9180|13480|13624
2026-08-27T00:25:29.7801918-07:00,37,61,3303,24576,13.4,17.9,31.91,56.1,43,29.61,12.8,642.61,34.5,1880|3920|12496|25856|16008|16836|22768|22812|26544|17772|26468|20388|21532|23968|21692|11520|8696|11384|9688|13336|9968|15040|15172|27272|8348|13480|13624
2026-08-27T00:26:16.1726607-07:00,34,61,3311,24576,13.5,17.57,31.91,55.1,46,29.61,12.8,642.61,34.5,1880|3920|12496|25856|16008|16836|22768|22812|26544|17772|26468|20388|21532|23968|21692|11520|8696|11384|9688|13336|9968|15040|15172|27272|8348|13480|13624
2026-08-27T00:27:02.5677796-07:00,37,61,3306,24576,13.5,17.52,31.91,54.9,54,29.61,12.8,642.61,34.5,1880|3920|12496|25856|16008|16836|22768|22812|26544|17772|26468|20388|21532|23968|21692|11520|8696|11384|9688|13336|9968|15040|15172|27272|8348|13480|13624
2026-08-27T00:27:48.9572887-07:00,33,60,3302,24576,13.4,17.38,31.91,54.5,52,29.61,12.8,642.61,34.5,1880|3920|12496|25856|16008|16836|22768|22812|26544|17772|26468|20388|21532|23968|21692|11520|8696|11384|9688|13336|9968|15040|15172|27272|8348|13480|13624
2026-08-27T00:28:35.3556638-07:00,39,61,3276,24576,13.3,17.36,31.91,54.4,42,29.61,12.8,642.61,34.5,1880|3920|12496|25856|16008|16836|22768|22812|26544|17772|26468|20388|21532|23968|21692|11520|8696|11384|9688|13336|9968|15040|15172|27272|8348|13480|13624
2026-08-27T00:29:21.7443263-07:00,26,61,3275,24576,13.3,17.57,31.91,55.1,51,29.6,12.8,642.61,34.5,1880|3920|12496|25856|16008|16836|22768|22812|26544|17772|26468|20388|21532|23968|21692|11520|8696|11384|9688|13336|9968|15040|15172|27272|8348|13480|13624
2026-08-27T00:30:08.1495299-07:00,38,61,3256,24576,13.2,17.58,31.91,55.1,40,29.6,12.8,642.61,34.5,1880|3920|12496|25856|16008|16836|22768|22812|26544|17772|26468|20388|21532|23968|21692|11520|8696|11384|9688|13336|9968|15040|15172|27272|8348|13480|13624
2026-08-27T00:30:54.5391498-07:00,42,61,3260,24576,13.3,17.53,31.91,54.9,48,29.6,12.8,642.61,34.5,1880|3920|12496|25856|16008|16836|22768|22812|26544|17772|26468|20388|21532|23968|21692|11520|8696|11384|9688|13336|9968|15040|15172|27272|8348|13480|13624
2026-08-27T00:31:40.9323947-07:00,31,61,3269,24576,13.3,17.17,31.91,53.8,39,29.6,12.8,642.61,34.5,1880|3920|12496|25856|16008|16836|22768|22812|26544|17772|26468|20388|21532|23968|21692|11520|8696|11384|9688|13336|9968|15040|15172|27272|8348|13480|13624
2026-08-27T00:32:27.3389329-07:00,29,61,3268,24576,13.3,17.08,31.91,53.5,35,29.6,12.8,642.61,34.5,1880|3920|12496|25856|16008|16836|22768|22812|26544|17772|26468|20388|21532|23968|21692|11520|8696|11384|9688|13336|9968|15040|15172|27272|8348|13480|13624
2026-08-27T00:33:13.7365501-07:00,29,61,3270,24576,13.3,17.23,31.91,54,54,29.6,12.8,642.61,34.5,1880|3920|12496|25856|16008|16836|22768|22812|26544|17772|26468|20388|21532|23968|21692|11520|8696|11384|9688|13336|9968|15040|15172|27272|8348|13480|13624
2026-08-27T00:34:00.1283967-07:00,45,60,3270,24576,13.3,17.3,31.91,54.2,48,29.6,12.8,642.61,34.5,1880|3920|12496|25856|16008|16836|22768|22812|26544|17772|26468|20388|21532|23968|21692|11520|8696|11384|9688|13336|9968|15040|15172|27272|8348|13480|13624
2026-08-27T00:34:46.5180714-07:00,38,61,3262,24576,13.3,17.11,31.91,53.6,49,29.6,12.8,642.61,34.5,1880|3920|12496|25856|16008|16836|22768|22812|26544|17772|26468|20388|21532|23968|21692|11520|8696|11384|9688|13336|9968|15040|15172|27272|8348|13480|13624
2026-08-27T00:35:32.8929465-07:00,34,61,3264,24576,13.3,17.26,31.91,54.1,55,29.6,12.8,642.61,34.5,1880|3920|12496|25856|16008|16836|22768|22812|26544|17772|26468|20388|21532|23968|21692|11520|8696|11384|9688|13336|9968|15040|15172|27272|8348|13480|13624
2026-08-27T00:36:19.3068023-07:00,36,61,3267,24576,13.3,16.61,31.91,52.1,43,29.6,12.8,642.61,34.5,1880|3920|12496|25856|16008|16836|22768|22812|26544|17772|26468|20388|21532|23968|21692|11520|8696|11384|9688|13336|9968|15040|15172|27272|8348|13480|13624
2026-08-27T00:37:05.6880966-07:00,29,61,3270,24576,13.3,16.66,31.91,52.2,52,29.6,12.8,642.61,34.5,1880|3920|12496|25856|16008|16836|22768|22812|26544|17772|26468|20388|21532|23968|21692|11520|8696|11384|9688|13336|9968|15040|15172|27272|8348|13480|13624
2026-08-27T00:37:52.0963025-07:00,64,58,1657,24576,6.7,15.23,31.91,47.7,43,29.6,12.8,642.6,34.5,1880|3920|12496|25856|16008|16836|22768|22812|26544|17772|26468|20388|21532|23968|21692|11520|8696|11384|9688|13336|9968|15040|15172|13480
2026-08-27T00:38:38.4401989-07:00,32,57,1640,24576,6.7,15,31.91,47,32,29.6,12.8,642.6,34.5,1880|3920|12496|25856|16008|16836|22768|22812|26544|17772|26468|20388|21532|23968|21692|11520|8696|11384|9688|13336|9968|15040|15172|13480
2026-08-27T00:39:24.7946256-07:00,41,58,1637,24576,6.7,15.18,31.91,47.6,33,29.6,12.8,642.6,34.5,1880|3920|12496|25856|16008|16836|22768|22812|26544|17772|26468|20388|21532|23968|21692|11520|8696|11384|9688|13336|9968|15040|15172|13480
2026-08-27T00:40:11.1362419-07:00,33,58,1629,24576,6.6,15.17,31.91,47.5,32,29.6,12.8,642.6,34.5,1880|3920|12496|25856|16008|16836|22768|22812|26544|17772|26468|20388|21532|23968|21692|11520|8696|11384|9688|13336|9968|15040|15172|13480
2026-08-27T00:40:57.4634797-07:00,41,58,1628,24576,6.6,15.2,31.91,47.6,26,29.6,12.8,642.6,34.5,1880|3920|12496|25856|16008|16836|22768|22812|26544|17772|26468|20388|21532|23968|21692|11520|8696|11384|9688|13336|9968|15040|15172|13480
2026-08-27T00:41:43.7949906-07:00,31,58,1741,24576,7.1,15.42,31.91,48.3,42,29.6,12.8,642.6,34.5,1880|3920|12496|25856|16008|16836|22768|22812|26544|17772|26468|20388|21532|23968|21692|11520|8696|11384|9688|13336|9968|15040|15172|13480
2026-08-27T00:42:30.1608867-07:00,28,58,1670,24576,6.8,15.34,31.91,48.1,42,29.6,12.8,642.6,34.5,1880|3920|12496|25856|16008|16836|22768|22812|26544|17772|26468|20388|21532|23968|21692|11520|8696|11384|9688|13336|9968|15040|15172|13480
2026-08-27T00:43:16.5109026-07:00,24,62,3239,24576,13.2,17.28,31.91,54.2,43,29.6,12.8,642.6,34.5,1880|3920|12496|25856|16008|16836|22768|22812|26544|17772|26468|20388|21532|23968|21692|11520|8696|11384|9688|13336|9968|15040|15172|9080|16484|17476|20144|23576|8348
2026-08-27T00:44:02.8861307-07:00,38,61,3240,24576,13.2,17.37,31.91,54.4,41,29.6,12.8,642.6,34.5,1880|3920|12496|25856|16008|16836|22768|22812|26544|17772|26468|20388|21532|23968|21692|11520|8696|11384|9688|13336|9968|15040|15172|9080|16484|17476|20144|23576|8348
2026-08-27T00:44:49.2901888-07:00,29,60,3242,24576,13.2,16.98,31.91,53.2,27,29.6,12.8,642.6,34.5,1880|3920|12496|25856|16008|16836|22768|22812|26544|17772|26468|20388|21532|23968|21692|11520|8696|11384|9688|13336|9968|15040|15172|9080|16484|17476|20144|23576|8348
2026-08-27T00:45:35.7081716-07:00,40,59,3245,24576,13.2,17.19,31.91,53.9,43,29.6,12.8,642.6,34.5,1880|3920|12496|25856|16008|16836|22768|22812|26544|17772|26468|20388|21532|23968|21692|11520|8696|11384|9688|13336|9968|15040|15172|9080|16484|17476|20144|23576|8348
2026-08-27T00:46:22.0945005-07:00,30,61,3249,24576,13.2,17,31.91,53.3,46,29.6,12.8,642.6,34.5,1880|3920|12496|25856|16008|16836|22768|22812|26544|17772|26468|20388|21532|23968|21692|11520|8696|11384|9688|13336|9968|15040|15172|9080|16484|17476|20144|23576|8348
2026-08-27T00:47:08.4685601-07:00,35,61,3247,24576,13.2,17.07,31.91,53.5,45,29.6,12.8,642.6,34.5,1880|3920|12496|25856|16008|16836|22768|22812|26544|17772|26468|20388|21532|23968|21692|11520|8696|11384|9688|13336|9968|15040|15172|9080|16484|17476|20144|23576|8348
2026-08-27T00:47:54.8542603-07:00,35,60,3225,24576,13.1,16.84,31.91,52.8,48,29.6,12.8,642.6,34.5,1880|3920|12496|25856|16008|16836|22768|22812|26544|17772|26468|20388|21532|23968|21692|11520|8696|11384|9688|13336|9968|15040|15172|16484|17476|23576|8348
2026-08-27T00:48:41.2802585-07:00,35,60,3220,24576,13.1,16.78,31.91,52.6,36,29.6,12.8,642.6,34.5,1880|3920|12496|25856|16008|16836|22768|22812|26544|17772|26468|20388|21532|23968|21692|11520|8696|11384|9688|13336|9968|15040|15172|16484|17476|23576|8348
2026-08-27T00:49:27.6644236-07:00,27,60,3240,24576,13.2,17.14,31.91,53.7,69,29.59,12.8,642.6,34.5,1880|3920|12496|25856|16008|16836|22768|22812|26544|17772|26468|20388|21532|23968|21692|11520|8696|11384|9688|13336|9968|15040|15172|16484|17476|23576|8348|19672
2026-08-27T00:50:14.1394838-07:00,27,60,3235,24576,13.2,16.99,31.91,53.2,48,29.59,12.8,642.6,34.5,1880|3920|12496|25856|16008|16836|22768|22812|26544|17772|26468|20388|21532|23968|21692|11520|8696|11384|9688|13336|9968|15040|15172|16484|17476|23576|8348
2026-08-27T00:51:00.5436336-07:00,27,61,3227,24576,13.1,16.98,31.91,53.2,51,29.59,12.8,642.6,34.5,1880|3920|12496|25856|16008|16836|22768|22812|26544|17772|26468|20388|21532|23968|21692|11520|8696|11384|9688|13336|9968|15040|15172|16484|17476|23576|8348
2026-08-27T00:51:46.9575116-07:00,32,60,3233,24576,13.2,16.68,31.91,52.3,56,29.59,12.8,642.6,34.5,1880|3920|12496|25856|16008|16836|22768|22812|26544|17772|26468|20388|21532|23968|21692|11520|8696|11384|9688|13336|9968|15040|15172|16484|17476|23576|8348
2026-08-27T00:52:33.3568060-07:00,35,60,3231,24576,13.1,16.65,31.91,52.2,51,29.59,12.8,642.6,34.5,1880|3920|12496|25856|16008|16836|22768|22812|26544|17772|26468|20388|21532|23968|21692|11520|8696|11384|9688|13336|9968|15040|15172|16484|17476|23576|8348
2026-08-27T00:53:19.7795815-07:00,21,61,3231,24576,13.1,16.8,31.91,52.6,59,29.59,12.8,642.6,34.5,1880|3920|12496|25856|16008|16836|22768|22812|26544|17772|26468|20388|21532|23968|21692|11520|8696|11384|9688|13336|9968|15040|15172|16484|17476|23576|8348
2026-08-27T00:54:06.1567645-07:00,31,60,3233,24576,13.2,16.88,31.91,52.9,48,29.59,12.8,642.6,34.5,1880|3920|12496|25856|16008|16836|22768|22812|26544|17772|26468|20388|21532|23968|21692|11520|8696|11384|9688|13336|9968|15040|15172|16484|17476|23576|8348
2026-08-27T00:54:52.5581611-07:00,30,61,3233,24576,13.2,16.63,31.91,52.1,23,29.59,12.8,642.6,34.5,1880|3920|12496|25856|16008|16836|22768|22812|26544|17772|26468|20388|21532|23968|21692|11520|8696|11384|9688|13336|9968|15040|15172|16484|17476|23576|8348
2026-08-27T00:55:38.9628573-07:00,31,60,3234,24576,13.2,16.82,31.91,52.7,33,29.59,12.8,642.6,34.5,1880|3920|12496|25856|16008|16836|22768|22812|26544|17772|26468|20388|21532|23968|21692|11520|8696|11384|9688|13336|9968|15040|15172|16484|17476|23576|8348
2026-08-27T00:56:25.3780588-07:00,36,60,3237,24576,13.2,16.78,31.91,52.6,45,29.59,12.8,642.6,34.5,1880|3920|12496|25856|16008|16836|22768|22812|26544|17772|26468|20388|21532|23968|21692|11520|8696|11384|9688|13336|9968|15040|15172|16484|17476|23576|8348
2026-08-27T00:57:11.8089201-07:00,36,60,3239,24576,13.2,16.82,31.91,52.7,37,29.59,12.8,642.6,34.5,1880|3920|12496|25856|16008|16836|22768|22812|26544|17772|26468|20388|21532|23968|21692|11520|8696|11384|9688|13336|9968|15040|15172|16484|17476|23576|8348
2026-08-27T00:57:58.2261119-07:00,33,60,3244,24576,13.2,16.65,31.91,52.2,29,29.59,12.8,642.6,34.5,1880|3920|12496|25856|16008|16836|22768|22812|26544|17772|26468|20388|21532|23968|21692|11520|8696|11384|9688|13336|9968|15040|15172|16484|17476|23576|8348
2026-08-27T00:58:44.6043389-07:00,32,61,3237,24576,13.2,16.67,31.91,52.2,36,29.59,12.8,642.6,34.5,1880|3920|12496|25856|16008|16836|22768|22812|26544|17772|26468|20388|21532|23968|21692|11520|8696|11384|9688|13336|9968|15040|15172|16484|17476|23576|8348
2026-08-27T00:59:31.0128424-07:00,19,60,3236,24576,13.2,16.59,31.91,52,40,29.59,12.8,642.6,34.5,1880|3920|12496|25856|16008|16836|22768|22812|26544|17772|26468|20388|21532|23968|21692|11520|8696|11384|9688|13336|9968|15040|15172|16484|17476|23576|8348
2026-08-27T01:00:17.4001950-07:00,38,60,3281,24576,13.4,16.63,31.91,52.1,49,29.59,12.8,642.6,34.5,1880|3920|12496|25856|16008|16836|22768|22812|26544|17772|26468|20388|21532|23968|21692|11520|8696|11384|9688|13336|9968|15040|15172|16484|17476|23576|8348
2026-08-27T01:01:03.8211062-07:00,22,60,3279,24576,13.3,16.6,31.91,52,43,29.62,12.8,642.6,34.5,1880|3920|12496|25856|16008|16836|22768|22812|26544|17772|26468|20388|21532|23968|21692|11520|8696|11384|9688|13336|9968|15040|15172|16484|17476|23576|8348
2026-08-27T01:01:50.2108471-07:00,43,60,3282,24576,13.4,16.45,31.91,51.6,35,29.62,12.8,642.6,34.5,1880|3920|12496|25856|16008|16836|22768|22812|26544|17772|26468|20388|21532|23968|21692|11520|8696|11384|9688|13336|9968|15040|15172|16484|17476|23576|8348
2026-08-27T01:02:36.5976678-07:00,32,61,3281,24576,13.4,16.59,31.91,52,46,29.62,12.8,642.6,34.5,1880|3920|12496|25856|16008|16836|22768|22812|26544|17772|26468|20388|21532|23968|21692|11520|8696|11384|9688|13336|9968|15040|15172|16484|17476|23576|8348
2026-08-27T01:03:22.9856843-07:00,39,60,3275,24576,13.3,16.73,31.91,52.4,46,29.61,12.8,642.6,34.5,1880|3920|12496|25856|16008|16836|22768|22812|26544|17772|26468|20388|21532|23968|21692|11520|8696|11384|9688|13336|9968|15040|15172|16484|17476|23576|8348
2026-08-27T01:04:09.4016821-07:00,31,58,1714,24576,7,15.43,31.91,48.4,59,29.61,12.8,642.6,34.5,1880|3920|12496|25856|16008|16836|22768|22812|26544|17772|26468|20388|21532|23968|21692|11520|8696|11384|9688|13336|9968|15040|15172|17476
2026-08-27T01:04:55.8365561-07:00,31,59,1869,24576,7.6,15.38,31.91,48.2,26,29.61,12.8,642.6,34.5,1880|3920|12496|25856|16008|16836|22768|22812|26544|17772|26468|20388|21532|23968|21692|11520|8696|11384|9688|13336|9968|15040|15172|17476
2026-08-27T01:05:42.1651306-07:00,9,63,3091,24576,12.6,17.58,31.91,55.1,53,29.59,12.8,642.6,34.5,1880|3920|12496|25856|16008|16836|22768|22812|26544|17772|26468|20388|21532|23968|21692|11520|8696|11384|9688|13336|9968|15040|15172|3280|17204|27428|9556
2026-08-27T01:06:28.6270525-07:00,31,59,3224,24576,13.1,17.88,31.91,56,34,29.59,12.8,642.6,34.5,1880|3920|12496|25856|16008|16836|22768|22812|26544|17772|26468|20388|21532|23968|21692|11520|8696|11384|9688|13336|9968|15040|15172|3280|17204|27428|9556|23644
2026-08-27T01:07:15.0304301-07:00,19,58,3232,24576,13.2,17.64,31.91,55.3,42,29.59,12.8,642.6,34.5,1880|3920|12496|25856|16008|16836|22768|22812|26544|17772|26468|20388|21532|23968|21692|11520|8696|11384|9688|13336|9968|15040|15172|3280|17204|27428|9556|23644
2026-08-27T01:08:01.5055094-07:00,36,61,3234,24576,13.2,17.84,31.91,55.9,60,29.59,12.8,642.6,34.5,1880|3920|12496|25856|16008|16836|22768|22812|26544|17772|26468|20388|21532|23968|21692|11520|8696|11384|9688|13336|9968|15040|15172|3280|17204|27428|9556|23644
2026-08-27T01:08:47.9334127-07:00,20,60,3234,24576,13.2,17.85,31.91,55.9,53,29.59,12.8,642.6,34.5,1880|3920|12496|25856|16008|16836|22768|22812|26544|17772|26468|20388|21532|23968|21692|11520|8696|11384|9688|13336|9968|15040|15172|3280|17204|27428|9556|23644
2026-08-27T01:09:34.3738925-07:00,39,61,3234,24576,13.2,17.62,31.91,55.2,62,29.59,12.8,642.6,34.5,1880|3920|12496|25856|16008|16836|22768|22812|26544|17772|26468|20388|21532|23968|21692|11520|8696|11384|9688|13336|9968|15040|15172|3280|17204|27428|9556|23644
2026-08-27T01:10:20.7916946-07:00,38,60,3237,24576,13.2,17.84,31.91,55.9,51,29.59,12.8,642.6,34.5,1880|3920|12496|25856|16008|16836|22768|22812|26544|17772|26468|20388|21532|23968|21692|11520|8696|11384|9688|13336|9968|15040|15172|3280|17204|27428|9556|23644
2026-08-27T01:11:07.1801839-07:00,33,60,3272,24576,13.3,17.76,31.91,55.7,54,29.59,12.8,642.6,34.5,1880|3920|12496|25856|16008|16836|22768|22812|26544|17772|26468|20388|21532|23968|21692|11520|8696|11384|9688|13336|9968|15040|15172|3280|9556|23644
2026-08-27T01:11:53.5864333-07:00,34,61,3283,24576,13.4,17.9,31.91,56.1,51,29.56,12.8,642.6,34.5,1880|3920|12496|25856|16008|16836|22768|22812|26544|17772|26468|20388|21532|23968|21692|11520|8696|11384|9688|13336|9968|15040|15172|3280|9556|23644|12884
2026-08-27T01:12:39.9941998-07:00,39,60,3266,24576,13.3,17.7,31.91,55.5,46,29.56,12.8,642.6,34.5,1880|3920|12496|25856|16008|16836|22768|22812|26544|17772|26468|20388|21532|23968|21692|11520|8696|11384|9688|13336|9968|15040|15172|3280|9556|23644
2026-08-27T01:13:26.4001474-07:00,39,61,3267,24576,13.3,17.7,31.91,55.5,74,29.56,12.8,642.6,34.5,1880|3920|12496|25856|16008|16836|22768|22812|26544|17772|26468|20388|21532|23968|21692|11520|8696|11384|9688|13336|9968|15040|15172|3280|9556|23644
2026-08-27T01:14:12.8085996-07:00,35,60,3267,24576,13.3,17.78,31.91,55.7,68,29.56,12.8,642.6,34.5,1880|3920|12496|25856|16008|16836|22768|22812|26544|17772|26468|20388|21532|23968|21692|11520|8696|11384|9688|13336|9968|15040|15172|3280|9556|23644
2026-08-27T01:14:59.2593606-07:00,41,60,3267,24576,13.3,17.84,31.91,55.9,67,29.54,12.8,642.6,34.5,1880|3920|12496|25856|16008|16836|22768|22812|26544|17772|26468|20388|21532|23968|21692|11520|8696|11384|9688|13336|9968|15040|15172|3280|9556|23644
2026-08-27T01:15:45.6544003-07:00,39,60,3269,24576,13.3,17.87,31.91,56,56,29.54,12.8,642.6,34.5,1880|3920|12496|25856|16008|16836|22768|22812|26544|17772|26468|20388|21532|23968|21692|11520|8696|11384|9688|13336|9968|15040|15172|3280|9556|23644
2026-08-27T01:16:32.0656149-07:00,41,60,3272,24576,13.3,17.88,31.91,56,38,29.54,12.8,642.6,34.5,1880|3920|12496|25856|16008|16836|22768|22812|26544|17772|26468|20388|21532|23968|21692|11520|8696|11384|9688|13336|9968|15040|15172|3280|9556|23644
2026-08-27T01:17:18.4398035-07:00,18,62,3415,24576,13.9,17.05,31.91,53.4,43,29.54,12.8,642.6,34.5,1880|3920|12496|25856|16008|16836|22768|22812|26544|17772|26468|20388|21532|23968|21692|11520|8696|11384|9688|13336|9968|15040|15172|3280|9556|23644
2026-08-27T01:18:04.9175642-07:00,35,60,3427,24576,13.9,17.59,31.91,55.1,55,29.54,12.8,642.6,34.5,1880|3920|12496|25856|16008|16836|22768|22812|26544|17772|26468|20388|21532|23968|21692|11520|8696|11384|9688|13336|9968|15040|15172|3280|9556|23644
2026-08-27T01:18:51.2972304-07:00,20,60,3430,24576,14,17.61,31.91,55.2,56,29.54,12.8,642.6,34.5,1880|3920|12496|25856|16008|16836|22768|22812|26544|17772|26468|20388|21532|23968|21692|11520|8696|11384|9688|13336|9968|15040|15172|3280|9556|23644
2026-08-27T01:19:37.7258984-07:00,44,61,3429,24576,14,17.65,31.91,55.3,56,29.53,12.8,642.6,34.5,1880|3920|12496|25856|16008|16836|22768|22812|26544|17772|26468|20388|21532|23968|21692|11520|8696|11384|9688|13336|9968|15040|15172|3280|9556|23644
2026-08-27T01:20:24.1490349-07:00,42,60,3430,24576,14,17.77,31.91,55.7,70,29.54,12.8,642.6,34.5,1880|3920|12496|25856|16008|16836|22768|22812|26544|17772|26468|20388|21532|23968|21692|11520|8696|11384|9688|13336|9968|15040|15172|3280|9556|23644
2026-08-27T01:21:10.5672976-07:00,36,61,3432,24576,14,17.65,31.91,55.3,43,29.54,12.8,642.6,34.5,1880|3920|12496|25856|16008|16836|22768|22812|26544|17772|26468|20388|21532|23968|21692|11520|8696|11384|9688|13336|9968|15040|15172|3280|9556|23644
2026-08-27T01:21:56.9562314-07:00,30,60,3432,24576,14,17.69,31.91,55.4,40,29.53,12.8,642.6,34.5,1880|3920|12496|25856|16008|16836|22768|22812|26544|17772|26468|20388|21532|23968|21692|11520|8696|11384|9688|13336|9968|15040|15172|3280|9556|23644
2026-08-27T01:22:43.3410141-07:00,32,61,3435,24576,14,17.72,31.91,55.5,44,29.53,12.8,642.6,34.5,1880|3920|12496|25856|16008|16836|22768|22812|26544|17772|26468|20388|21532|23968|21692|11520|8696|11384|9688|13336|9968|15040|15172|3280|9556|23644
2026-08-27T01:23:29.7423476-07:00,24,60,3437,24576,14,17.53,31.91,54.9,48,29.53,12.8,642.6,34.5,1880|3920|12496|25856|16008|16836|22768|22812|26544|17772|26468|20388|21532|23968|21692|11520|8696|11384|9688|13336|9968|15040|15172|3280|9556|23644
2026-08-27T01:24:16.1858727-07:00,37,61,3438,24576,14,17.57,31.91,55.1,42,29.53,12.8,642.6,34.5,1880|3920|12496|25856|16008|16836|22768|22812|26544|17772|26468|20388|21532|23968|21692|11520|8696|11384|9688|13336|9968|15040|15172|3280|9556|23644
2026-08-27T01:25:02.7276234-07:00,22,60,3438,24576,14,17.62,31.91,55.2,53,29.52,12.8,642.6,34.5,1880|3920|12496|25856|16008|16836|22768|22812|26544|17772|26468|20388|21532|23968|21692|11520|8696|11384|9688|13336|9968|15040|15172|3280|9556|23644
2026-08-27T01:25:49.1384259-07:00,15,61,3439,24576,14,17.9,31.91,56.1,49,29.52,12.8,642.6,34.5,1880|3920|12496|25856|16008|16836|22768|22812|26544|17772|26468|20388|21532|23968|21692|11520|8696|11384|9688|13336|9968|15040|15172|3280|9556|23644
2026-08-27T01:26:35.5303682-07:00,43,58,1945,24576,7.9,16.57,31.91,51.9,73,29.52,12.8,642.6,34.5,1880|3920|12496|25856|16008|16836|22768|22812|26544|17772|26468|20388|21532|23968|21692|11520|8696|11384|9688|13336|9968|15040|15172|9556
2026-08-27T01:27:22.0980476-07:00,33,58,1900,24576,7.7,16.17,31.91,50.7,55,29.52,12.8,642.59,34.5,1880|3920|12496|25856|16008|16836|22768|22812|26544|17772|26468|20388|21532|23968|21692|11520|8696|11384|9688|13336|9968|15040|15172|9556
2026-08-27T01:28:08.4814284-07:00,29,58,2020,24576,8.2,16.54,31.91,51.8,30,29.51,12.8,642.59,34.5,1880|3920|12496|25856|16008|16836|22768|22812|26544|17772|26468|20388|21532|23968|21692|11520|8696|11384|9688|13336|9968|15040|15172|9556
2026-08-27T01:28:54.8420467-07:00,24,60,2074,24576,8.4,17.3,31.91,54.2,40,29.5,12.8,642.6,34.5,1880|3920|12496|25856|16008|16836|22768|22812|26544|17772|26468|20388|21532|23968|21692|11520|8696|11384|9688|13336|9968|15040|15172|9556
2026-08-27T01:29:41.2167960-07:00,1,60,2866,24576,11.7,17.6,31.91,55.2,25,29.5,12.8,642.59,34.5,1880|3920|12496|25856|16008|16836|22768|22812|26544|17772|26468|20388|21532|23968|21692|11520|8696|11384|9688|13336|9968|15040|15172|9556|14612|10356
2026-08-27T01:30:27.6343260-07:00,38,62,3310,24576,13.5,17.86,31.91,56,41,29.49,12.7,642.59,34.5,1880|3920|12496|25856|16008|16836|22768|22812|26544|17772|26468|20388|21532|23968|21692|11520|8696|11384|9688|13336|9968|15040|15172|9556|14612|10356|8348
2026-08-27T01:31:14.0419171-07:00,26,58,3170,24576,12.9,19.09,31.91,59.8,80,29.49,12.7,642.59,34.5,1880|3920|12496|25856|16008|16836|22768|22812|26544|17772|26468|20388|21532|23968|21692|11520|8696|11384|9688|13336|9968|15040|15172|14612|8348|12356|13028|1580|17876
2026-08-27T01:32:00.5489218-07:00,31,59,3172,24576,12.9,18.19,31.91,57,43,29.48,12.7,642.59,34.5,1880|3920|12496|25856|16008|16836|22768|22812|26544|17772|26468|20388|21532|23968|21692|11520|8696|11384|9688|13336|9968|15040|15172|14612|8348|12356|13028|1580|17876
2026-08-27T01:32:46.9666624-07:00,23,61,3172,24576,12.9,18.3,31.91,57.3,65,29.48,12.7,642.59,34.5,1880|3920|12496|25856|16008|16836|22768|22812|26544|17772|26468|20388|21532|23968|21692|11520|8696|11384|9688|13336|9968|15040|15172|14612|8348|12356|13028|1580|17876
2026-08-27T01:33:33.4368774-07:00,34,60,3181,24576,12.9,18.13,31.91,56.8,40,29.5,12.8,642.59,34.5,1880|3920|12496|25856|16008|16836|22768|22812|26544|17772|26468|20388|21532|23968|21692|11520|8696|11384|9688|13336|9968|15040|15172|14612|8348|12356|13028|1580|17876
2026-08-27T01:34:19.8503190-07:00,36,61,3181,24576,12.9,18.05,31.91,56.6,37,29.5,12.8,642.59,34.5,1880|3920|12496|25856|16008|16836|22768|22812|26544|17772|26468|20388|21532|23968|21692|11520|8696|11384|9688|13336|9968|15040|15172|14612|8348|12356|13028|1580|17876
2026-08-27T01:35:06.2753655-07:00,38,60,3177,24576,12.9,18.08,31.91,56.7,48,29.5,12.8,642.59,34.5,1880|3920|12496|25856|16008|16836|22768|22812|26544|17772|26468|20388|21532|23968|21692|11520|8696|11384|9688|13336|9968|15040|15172|14612|8348|12356|13028|1580|17876
2026-08-27T01:35:52.6858714-07:00,39,61,3158,24576,12.8,18.46,31.91,57.9,43,29.48,12.7,642.59,34.5,1880|3920|12496|25856|16008|16836|22768|22812|26544|17772|26468|20388|21532|23968|21692|11520|8696|11384|9688|13336|9968|15040|15172|14612|8348|1580|17876|21320
2026-08-27T01:36:39.0808749-07:00,35,60,3146,24576,12.8,18.15,31.91,56.9,60,29.44,12.7,642.59,34.5,1880|3920|12496|25856|16008|16836|22768|22812|26544|17772|26468|20388|21532|23968|21692|11520|8696|11384|9688|13336|9968|15040|15172|14612|8348|1580|17876
2026-08-27T01:37:25.4791485-07:00,38,61,3148,24576,12.8,17.93,31.91,56.2,30,29.48,12.7,642.59,34.5,1880|3920|12496|25856|16008|16836|22768|22812|26544|17772|26468|20388|21532|23968|21692|11520|8696|11384|9688|13336|9968|15040|15172|14612|8348|1580|17876
2026-08-27T01:38:11.8736801-07:00,37,60,3148,24576,12.8,17.84,31.91,55.9,44,29.48,12.7,642.59,34.5,1880|3920|12496|25856|16008|16836|22768|22812|26544|17772|26468|20388|21532|23968|21692|11520|8696|11384|9688|13336|9968|15040|15172|14612|8348|1580|17876
2026-08-27T01:38:58.2442538-07:00,34,61,3149,24576,12.8,17.82,31.91,55.8,33,29.48,12.7,642.59,34.5,1880|3920|12496|25856|16008|16836|22768|22812|26544|17772|26468|20388|21532|23968|21692|11520|8696|11384|9688|13336|9968|15040|15172|14612|8348|1580|17876
2026-08-27T01:39:44.6602419-07:00,30,60,3145,24576,12.8,17.83,31.91,55.9,37,29.48,12.7,642.59,34.5,1880|3920|12496|25856|16008|16836|22768|22812|26544|26468|20388|21532|23968|21692|11520|8696|11384|9688|13336|9968|15040|15172|14612|8348|1580|17876|12452
2026-08-27T01:40:31.0268582-07:00,38,61,3146,24576,12.8,18.1,31.91,56.7,35,29.48,12.7,642.59,34.5,1880|3920|12496|25856|16008|16836|22768|22812|26544|26468|20388|21532|23968|21692|11520|8696|11384|9688|13336|9968|15040|15172|14612|8348|1580|17876|12452
2026-08-27T01:41:17.4263192-07:00,37,60,3126,24576,12.7,18.07,31.91,56.6,56,29.48,12.7,642.59,34.5,1880|3920|12496|25856|16008|16836|22768|22812|26544|26468|20388|21532|23968|21692|11520|8696|11384|9688|13336|9968|15040|15172|14612|8348|1580|17876|12452
2026-08-27T01:42:03.8129138-07:00,43,61,3126,24576,12.7,17.72,31.91,55.5,30,29.48,12.7,642.59,34.5,1880|3920|12496|25856|16008|16836|22768|22812|26544|26468|20388|21532|23968|21692|11520|8696|11384|9688|13336|9968|15040|15172|14612|8348|1580|17876|12452
2026-08-27T01:42:50.2068287-07:00,36,60,3124,24576,12.7,17.69,31.91,55.4,41,29.48,12.7,642.59,34.5,1880|3920|12496|25856|16008|16836|22768|22812|26544|26468|20388|21532|23968|21692|11520|8696|11384|9688|13336|9968|15040|15172|14612|8348|1580|17876|12452
2026-08-27T01:43:36.5622062-07:00,34,61,3124,24576,12.7,17.67,31.91,55.4,39,29.48,12.7,642.59,34.5,1880|3920|12496|25856|16008|16836|22768|22812|26544|26468|20388|21532|23968|21692|11520|8696|11384|9688|13336|9968|15040|15172|14612|8348|1580|17876|12452
2026-08-27T01:44:23.0238689-07:00,37,60,3124,24576,12.7,17.74,31.91,55.6,24,29.48,12.7,642.59,34.5,1880|3920|12496|25856|16008|16836|22768|22812|26544|26468|20388|21532|23968|21692|11520|8696|11384|9688|13336|9968|15040|15172|14612|8348|1580|17876|12452
2026-08-27T01:45:09.4070797-07:00,40,61,3125,24576,12.7,17.68,31.91,55.4,32,29.48,12.7,642.59,34.5,1880|3920|12496|25856|16008|16836|22768|22812|26544|26468|20388|21532|23968|21692|11520|8696|11384|9688|13336|9968|15040|15172|14612|8348|1580|17876|12452
2026-08-27T01:45:55.7996803-07:00,43,60,3118,24576,12.7,17.91,31.91,56.1,52,29.48,12.7,642.59,34.5,1880|3920|12496|25856|16008|16836|22768|22812|26544|26468|20388|21532|23968|21692|11520|8696|11384|9688|13336|9968|15040|15172|14612|8348|1580|17876|12452
2026-08-27T01:46:42.1819942-07:00,39,61,3119,24576,12.7,17.88,31.91,56,31,29.48,12.7,642.59,34.5,1880|3920|12496|25856|16008|16836|22768|22812|26544|26468|20388|21532|23968|21692|11520|8696|11384|9688|13336|9968|15040|15172|14612|8348|1580|17876|12452
2026-08-27T01:47:28.5617776-07:00,41,60,3119,24576,12.7,17.76,31.91,55.7,63,29.48,12.7,642.59,34.5,1880|3920|12496|25856|16008|16836|22768|22812|26544|26468|20388|21532|23968|21692|11520|8696|11384|9688|13336|9968|15040|15172|14612|8348|1580|17876|12452
2026-08-27T01:48:14.9244872-07:00,36,61,3119,24576,12.7,17.74,31.91,55.6,37,29.47,12.7,642.59,34.5,1880|3920|12496|25856|16008|16836|22768|22812|26544|26468|20388|21532|23968|21692|11520|8696|11384|9688|13336|9968|15040|15172|14612|8348|1580|17876|12452
2026-08-27T01:49:01.3210812-07:00,0,59,1414,24576,5.8,14.41,31.91,45.2,3,29.47,12.7,642.59,34.5,1880|3920|12496|25856|16008|16836|22768|22812|26544|26468|20388|21532|23968|21692|11520|8696|11384|9688|13336|15040|15172|1580|12452
2026-08-27T01:49:47.5999324-07:00,33,59,1553,24576,6.3,16.76,31.91,52.5,52,29.46,12.7,642.61,34.5,1880|3920|12496|25856|16008|16836|22768|22812|26544|26468|20388|21532|23968|21692|11520|8696|11384|9688|15040|15172|1580|12452|18808|17880
2026-08-27T01:50:34.0073851-07:00,32,59,1504,24576,6.1,16.65,31.91,52.2,37,29.46,12.7,642.6,34.5,1880|3920|12496|25856|16008|16836|22768|22812|26544|26468|20388|21532|23968|21692|11520|8696|11384|9688|15040|15172|1580|12452|18808|17880
2026-08-27T01:51:20.3294521-07:00,8,62,1760,24576,7.2,17.14,31.91,53.7,34,29.43,12.7,642.6,34.5,1880|3920|12496|25856|16008|16836|22768|22812|26544|26468|20388|21532|23968|21692|11520|8696|11384|9688|15040|15172|1580|12452|18808|17880|16248|20996
2026-08-27T01:52:06.6940994-07:00,26,56,1860,24576,7.6,17.07,31.91,53.5,14,29.44,12.7,642.6,34.5,1880|3920|12496|25856|16008|16836|22768|22812|26544|26468|20388|21532|23968|21692|11520|8696|11384|9688|15040|15172|1580|12452|18808|17880|16248|20996
2026-08-27T01:52:53.0280111-07:00,8,57,1756,24576,7.1,17.4,31.91,54.5,59,29.44,12.7,642.6,34.5,1880|3920|12496|25856|16008|16836|22768|22812|26544|26468|20388|21532|23968|21692|11520|8696|11384|9688|15040|15172|1580|12452|18808|17880|16248|20996
2026-08-27T01:53:39.4433023-07:00,36,58,1698,24576,6.9,17.45,31.91,54.7,39,29.44,12.7,642.6,34.5,1880|3920|12496|25856|16008|16836|22768|22812|26544|26468|20388|21532|23968|21692|11520|8696|11384|9688|15040|15172|1580|12452|18808|17880|16248|20996
2026-08-27T01:54:25.7920504-07:00,24,58,1727,24576,7,17.58,31.91,55.1,39,29.41,12.7,642.6,34.5,1880|3920|12496|25856|16008|16836|22768|22812|26544|26468|20388|21532|23968|21692|11520|8696|11384|9688|15040|15172|1580|12452|18808|17880|16248|20996
2026-08-27T01:55:12.1702374-07:00,18,59,1771,24576,7.2,17.11,31.91,53.6,26,29.41,12.7,642.6,34.5,1880|3920|12496|25856|16008|16836|22768|22812|26544|26468|20388|21532|23968|21692|11520|8696|11384|9688|15040|15172|1580|12452|18808|17880|16248|20996
2026-08-27T01:55:58.5001826-07:00,38,59,1757,24576,7.1,17.2,31.91,53.9,38,29.41,12.7,642.6,34.5,1880|3920|12496|25856|16008|16836|22768|22812|26544|26468|20388|21532|23968|21692|11520|8696|11384|9688|15040|15172|1580|12452|18808|17880|16248|20996
2026-08-27T01:56:44.8957616-07:00,19,60,1691,24576,6.9,16.96,31.91,53.1,38,29.4,12.7,642.6,34.5,1880|3920|12496|25856|16008|16836|22768|22812|26544|26468|20388|21532|23968|21692|11520|8696|11384|9688|15040|15172|1580|12452|18808|17880
2026-08-27T01:57:31.2707059-07:00,30,60,1684,24576,6.9,16.93,31.91,53.1,28,29.4,12.7,642.6,34.5,1880|3920|12496|25856|16008|16836|22768|22812|26544|26468|20388|21532|23968|21692|11520|8696|11384|9688|15040|15172|1580|12452|18808|17880
2026-08-27T01:58:17.6353288-07:00,19,61,1847,24576,7.5,17.23,31.91,54,51,29.39,12.7,642.6,34.5,1880|3920|12496|25856|16008|16836|22768|22812|26544|26468|20388|21532|23968|21692|11520|8696|11384|9688|15040|15172|1580|12452|18808|17880
2026-08-27T01:59:04.0120198-07:00,2,62,1682,24576,6.8,17.36,31.91,54.4,48,29.38,12.7,642.6,34.5,1880|3920|12496|25856|16008|16836|22768|22812|26544|26468|20388|21532|23968|21692|11520|8696|11384|9688|15040|15172|1580|12452|18808|17880
2026-08-27T01:59:50.4154777-07:00,27,57,1727,24576,7,17.04,31.91,53.4,34,29.36,12.7,642.6,34.5,1880|3920|12496|25856|16008|16836|22768|22812|26544|26468|20388|21532|23968|21692|11520|8696|11384|9688|15040|15172|1580|12452|18808|17880
2026-08-27T02:00:36.7704181-07:00,33,58,1678,24576,6.8,17.44,31.91,54.7,26,29.36,12.7,642.6,34.5,1880|3920|12496|25856|16008|16836|22768|22812|26544|26468|20388|21532|23968|21692|11520|8696|11384|9688|15040|15172|1580|12452|18808|17880
2026-08-27T02:01:23.1486429-07:00,23,58,1586,24576,6.5,17.23,31.91,54,37,29.34,12.7,642.6,34.5,1880|3920|12496|25856|16008|16836|22768|22812|26544|26468|20388|21532|23968|21692|11520|8696|11384|9688|15040|15172|1580|12452|18808|17880
2026-08-27T02:02:09.5118248-07:00,17,58,1625,24576,6.6,16.74,31.91,52.5,40,29.34,12.7,642.6,34.5,1880|3920|12496|25856|16008|16836|22768|22812|26544|26468|20388|21532|23968|21692|11520|8696|11384|9688|15040|15172|1580|12452|18808|17880
2026-08-27T02:02:55.8865575-07:00,11,60,1700,24576,6.9,16.76,31.91,52.5,35,29.34,12.7,642.6,34.5,1880|3920|12496|25856|16008|16836|22768|22812|26544|26468|20388|21532|23968|21692|11520|8696|11384|9688|15040|15172|1580|12452|18808|17880
2026-08-27T02:03:42.2186734-07:00,16,59,1615,24576,6.6,16.74,31.91,52.5,40,29.34,12.7,642.6,34.5,1880|3920|12496|25856|16008|16836|22768|22812|26544|26468|20388|21532|23968|21692|11520|8696|11384|9688|15040|15172|1580|12452|18808|17880
2026-08-27T02:04:28.5756281-07:00,20,59,1613,24576,6.6,16.76,31.91,52.5,33,29.34,12.7,642.6,34.5,1880|3920|12496|25856|16008|16836|22768|22812|26544|26468|20388|21532|23968|21692|11520|8696|11384|9688|15040|15172|1580|12452|18808|17880
2026-08-27T02:05:14.9248254-07:00,13,58,1597,24576,6.5,16.75,31.91,52.5,20,29.34,12.7,642.6,34.5,1880|3920|12496|25856|16008|16836|22768|22812|26544|26468|20388|21532|23968|21692|11520|8696|11384|9688|15040|15172|1580|12452|18808|17880
2026-08-27T02:06:01.2706038-07:00,28,59,1549,24576,6.3,16.8,31.91,52.6,13,29.34,12.7,642.6,34.5,1880|3920|12496|25856|16008|16836|22768|22812|26544|26468|20388|21532|23968|21692|11520|8696|11384|9688|15040|15172|1580|12452|18808|17880
2026-08-27T02:06:47.6358431-07:00,20,59,1563,24576,6.4,16.71,31.91,52.4,51,29.33,12.7,642.6,34.5,1880|3920|12496|25856|16008|16836|22768|22812|26544|26468|20388|21532|23968|21692|11520|8696|11384|9688|15040|15172|1580|12452|18808|17880
2026-08-27T02:07:34.0299291-07:00,17,60,1503,24576,6.1,16.3,31.91,51.1,25,29.35,12.7,642.6,34.5,1880|3920|12496|25856|16008|16836|22768|22812|26544|26468|20388|21532|23968|21692|11520|8696|11384|9688|15040|15172|1580|12452|18808|17880
2026-08-27T02:08:20.3841192-07:00,17,60,1512,24576,6.2,16.24,31.91,50.9,24,29.34,12.7,642.6,34.5,1880|3920|12496|25856|16008|16836|22768|22812|26544|26468|20388|21532|23968|21692|11520|8696|11384|9688|15040|15172|1580|12452|18808|17880
2026-08-27T02:09:06.7543369-07:00,7,60,1047,24576,4.3,12.1,31.91,37.9,7,29.41,12.7,642.61,34.5,1880|3920|12496|25856|16008|16836|22812|26468|20388|21532|23968|21692|11520|8696|11384|15040|15172|1580|12452|18808
2026-08-27T02:09:53.0241487-07:00,13,59,866,24576,3.5,12.39,31.91,38.8,17,29.41,12.7,642.61,34.5,1880|3920|12496|25856|16008|16836|22812|26468|20388|21532|23968|21692|11520|8696|11384|15040|15172|1580|12452|18808
2026-08-27T02:10:39.3530690-07:00,4,58,880,24576,3.6,12.09,31.91,37.9,5,29.4,12.7,642.6,34.5,1880|3920|12496|25856|16008|16836|22812|26468|20388|21532|23968|21692|11520|8696|11384|15040|15172|1580|12452|18808
2026-08-27T02:11:25.6294246-07:00,4,58,860,24576,3.5,12.02,31.91,37.7,9,29.39,12.7,642.6,34.5,1880|3920|12496|25856|16008|16836|22812|26468|20388|21532|23968|21692|11520|8696|11384|15040|15172|1580|12452|18808
2026-08-27T02:12:11.8977984-07:00,13,58,850,24576,3.5,12.19,31.91,38.2,15,29.36,12.7,642.6,34.5,1880|3920|12496|25856|16008|16836|22812|26468|20388|21532|23968|21692|11520|8696|11384|15040|15172|1580|12452|18808
2026-08-27T02:12:58.1622324-07:00,8,58,878,24576,3.6,12.22,31.91,38.3,7,29.35,12.7,642.6,34.5,1880|3920|12496|25856|16008|16836|22812|26468|20388|21532|23968|21692|11520|8696|11384|15040|15172|1580|12452|18808
2026-08-27T02:13:44.4148697-07:00,5,58,876,24576,3.6,12.41,31.91,38.9,11,29.38,12.7,642.6,34.5,1880|3920|12496|25856|16008|16836|22812|26468|20388|21532|23968|21692|11520|8696|11384|15040|15172|1580|12452|18808
2026-08-27T02:14:30.7118813-07:00,0,57,911,24576,3.7,11.99,31.91,37.6,10,29.38,12.7,642.6,34.5,1880|3920|12496|25856|16008|16836|22812|26468|20388|21532|23968|21692|11520|8696|11384|15040|15172|1580|12452|18808
2026-08-27T02:15:16.9908028-07:00,0,58,911,24576,3.7,12.4,31.91,38.9,17,29.37,12.7,642.6,34.5,1880|3920|12496|25856|16008|16836|22812|26468|20388|21532|23968|21692|11520|8696|11384|15040|15172|1580|12452|18808
2026-08-27T02:16:03.2615294-07:00,0,58,911,24576,3.7,12.6,31.91,39.5,19,29.43,12.7,642.6,34.5,1880|3920|12496|25856|16008|16836|22812|26468|20388|21532|23968|21692|11520|8696|11384|15040|15172|1580|12452|18808
2026-08-27T02:16:49.6813370-07:00,0,58,911,24576,3.7,14.69,31.91,46,4,29.4,12.7,642.6,34.5,1880|3920|12496|25856|16008|16836|22812|26468|20388|21532|23968|21692|11520|8696|11384|15040|15172|1580|12452|18808
2026-08-27T02:17:35.9442272-07:00,2,58,969,24576,3.9,14.26,31.91,44.7,4,29.38,12.7,642.6,34.5,1880|3920|12496|25856|16008|16836|22812|26468|20388|21532|23968|21692|11520|8696|11384|15040|15172|1580|12452|18808
2026-08-27T02:18:22.2225861-07:00,2,58,834,24576,3.4,14.18,31.91,44.4,2,29.37,12.7,642.6,34.5,1880|3920|12496|25856|16008|16836|22812|26468|20388|21532|23968|21692|11520|8696|11384|15040|15172|1580|12452|18808
2026-08-27T02:19:08.4824918-07:00,2,57,832,24576,3.4,14.13,31.91,44.3,3,29.37,12.7,642.6,34.5,1880|3920|12496|25856|16008|16836|22812|26468|20388|21532|23968|21692|11520|8696|11384|15040|15172|1580|12452|18808
2026-08-27T02:19:54.7559632-07:00,2,57,832,24576,3.4,13.24,31.91,41.5,5,29.37,12.7,642.6,34.5,1880|3920|12496|25856|16008|16836|22812|26468|20388|21532|23968|21692|11520|8696|11384|15040|15172|1580|12452|18808
2026-08-27T02:20:41.0624470-07:00,2,57,832,24576,3.4,12.57,31.91,39.4,4,29.37,12.7,642.6,34.5,1880|3920|12496|25856|16008|16836|22812|26468|20388|21532|23968|21692|11520|8696|11384|15040|15172|1580|12452|18808
2026-08-27T02:21:27.3556682-07:00,2,57,832,24576,3.4,12.1,31.91,37.9,6,29.36,12.7,642.6,34.5,1880|3920|12496|25856|16008|16836|22812|26468|20388|21532|23968|21692|11520|8696|11384|15040|15172|1580|12452|18808
2026-08-27T02:22:13.6200272-07:00,6,57,832,24576,3.4,11.92,31.91,37.4,19,29.36,12.7,642.6,34.5,1880|3920|12496|25856|16008|16836|22812|26468|20388|21532|23968|21692|11520|8696|11384|15040|15172|1580|12452|18808
2026-08-27T02:22:59.9108785-07:00,2,57,832,24576,3.4,12.01,31.91,37.6,34,29.36,12.7,642.6,34.5,1880|3920|12496|25856|16008|16836|22812|26468|20388|21532|23968|21692|11520|8696|11384|15040|15172|1580|12452|18808
2026-08-27T02:23:46.2108327-07:00,2,56,832,24576,3.4,11.94,31.91,37.4,11,29.22,12.6,642.6,34.5,1880|3920|12496|25856|16008|16836|22812|26468|20388|21532|23968|21692|11520|8696|11384|15040|15172|1580|12452|18808
2026-08-27T02:24:32.5119277-07:00,5,56,832,24576,3.4,11.56,31.91,36.2,5,29.36,12.7,642.6,34.5,1880|3920|12496|25856|16008|16836|22812|26468|20388|21532|23968|21692|11520|8696|11384|15040|15172|1580|12452|18808
2026-08-27T02:25:18.7964862-07:00,3,56,832,24576,3.4,11.68,31.91,36.6,8,29.36,12.7,642.6,34.5,1880|3920|12496|25856|16008|16836|22812|26468|20388|21532|23968|21692|11520|8696|11384|15040|15172|1580|12452|18808
2026-08-27T02:26:05.0718508-07:00,2,56,832,24576,3.4,11.58,31.91,36.3,4,29.36,12.7,642.6,34.5,1880|3920|12496|25856|16008|16836|22812|26468|20388|21532|23968|21692|11520|8696|11384|15040|15172|1580|12452|18808
2026-08-27T02:26:51.3337810-07:00,2,56,832,24576,3.4,11.44,31.91,35.9,11,29.36,12.7,642.6,34.5,1880|3920|12496|25856|16008|16836|22812|26468|20388|21532|23968|21692|11520|8696|11384|15040|15172|1580|12452|18808
2026-08-27T02:27:37.6026747-07:00,2,56,832,24576,3.4,11.35,31.91,35.6,8,29.36,12.7,642.6,34.5,1880|3920|12496|25856|16008|16836|22812|26468|20388|21532|23968|21692|11520|8696|11384|15040|15172|1580|12452|18808
2026-08-27T02:28:23.8846685-07:00,2,56,832,24576,3.4,11.33,31.91,35.5,5,29.36,12.7,642.6,34.5,1880|3920|12496|25856|16008|16836|22812|26468|20388|21532|23968|21692|11520|8696|11384|15040|15172|1580|12452|18808
2026-08-27T02:29:10.1566111-07:00,2,56,832,24576,3.4,11.51,31.91,36.1,5,29.36,12.7,642.6,34.5,1880|3920|12496|25856|16008|16836|22812|26468|20388|21532|23968|21692|11520|8696|11384|15040|15172|1580|12452|18808
2026-08-27T02:29:56.4099481-07:00,7,56,832,24576,3.4,11.52,31.91,36.1,8,29.36,12.7,642.6,34.5,1880|3920|12496|25856|16008|16836|22812|26468|20388|21532|23968|21692|11520|8696|11384|15040|15172|1580|12452|18808
2026-08-27T02:30:42.6891728-07:00,2,56,649,24576,2.6,10.58,31.91,33.2,13,29.37,12.7,642.6,34.5,1880|3920|12496|25856|16008|16836|22812|26468|20388|21532|23968|21692|11520|15040|15172|1580|12452|18808
2026-08-27T02:31:28.9473743-07:00,2,56,649,24576,2.6,10.4,31.91,32.6,0,29.37,12.7,642.6,34.5,1880|3920|12496|25856|16008|16836|22812|26468|20388|21532|23968|21692|11520|15040|15172|1580|12452|18808
2026-08-27T02:32:15.2052581-07:00,8,56,649,24576,2.6,10.38,31.91,32.5,6,29.37,12.7,642.6,34.5,1880|3920|12496|25856|16008|16836|22812|26468|20388|21532|23968|21692|11520|15040|15172|1580|12452|18808
2026-08-27T02:33:01.4659467-07:00,4,56,649,24576,2.6,10.42,31.91,32.7,6,29.37,12.7,642.6,34.5,1880|3920|12496|25856|16008|16836|22812|26468|20388|21532|23968|21692|11520|15040|15172|1580|12452|18808
2026-08-27T02:33:47.7270859-07:00,2,56,649,24576,2.6,10.4,31.91,32.6,3,29.35,12.7,642.6,34.5,1880|3920|12496|25856|16008|16836|22812|26468|20388|21532|23968|21692|11520|15040|15172|1580|12452|18808
2026-08-27T02:34:33.9715791-07:00,3,56,649,24576,2.6,10.59,31.91,33.2,9,29.34,12.7,642.6,34.5,1880|3920|12496|25856|16008|16836|22812|26468|20388|21532|23968|21692|11520|15040|15172|1580|12452|18808
2026-08-27T02:35:20.2309992-07:00,0,56,649,24576,2.6,10.56,31.91,33.1,5,29.31,12.7,642.6,34.5,1880|3920|12496|25856|16008|16836|22812|26468|20388|21532|23968|21692|11520|15040|15172|1580|12452|18808
2026-08-27T02:36:06.4991374-07:00,2,56,649,24576,2.6,10.6,31.91,33.2,5,29.31,12.7,642.61,34.5,1880|3920|12496|25856|16008|16836|22812|26468|20388|21532|23968|21692|11520|15040|15172|1580|12452|18808
2026-08-27T02:36:52.7686629-07:00,2,55,649,24576,2.6,10.5,31.91,32.9,4,29.3,12.7,642.6,34.5,1880|3920|12496|25856|16008|16836|22812|26468|20388|21532|23968|21692|11520|15040|15172|1580|12452|18808
2026-08-27T02:37:39.0154598-07:00,2,55,649,24576,2.6,10.53,31.91,33,4,29.3,12.7,642.6,34.5,1880|3920|12496|25856|16008|16836|22812|26468|20388|21532|23968|21692|11520|15040|15172|1580|12452|18808
2026-08-27T02:38:25.2622487-07:00,2,55,649,24576,2.6,10.61,31.91,33.2,13,29.31,12.7,642.61,34.5,1880|3920|12496|25856|16008|16836|22812|26468|20388|21532|23968|21692|11520|15040|15172|1580|12452|18808
2026-08-27T02:39:11.5285827-07:00,2,55,649,24576,2.6,10.59,31.91,33.2,16,29.27,12.7,642.61,34.5,1880|3920|12496|25856|16008|16836|22812|26468|20388|21532|23968|21692|11520|15040|15172|1580|12452|18808
2026-08-27T02:39:57.8115768-07:00,2,55,649,24576,2.6,10.62,31.91,33.3,3,29.27,12.7,642.61,34.5,1880|3920|12496|25856|16008|16836|22812|26468|20388|21532|23968|21692|11520|15040|15172|1580|12452|18808
2026-08-27T02:40:44.0734210-07:00,4,55,649,24576,2.6,10.66,31.91,33.4,11,29.27,12.7,642.61,34.5,1880|3920|12496|25856|16008|16836|22812|26468|20388|21532|23968|21692|11520|15040|15172|1580|12452|18808
2026-08-27T02:41:30.3593950-07:00,5,55,649,24576,2.6,10.85,31.91,34,15,29.27,12.7,642.61,34.5,1880|3920|12496|25856|16008|16836|22812|26468|20388|21532|23968|21692|11520|15040|15172|1580|12452|18808
2026-08-27T02:42:16.6203968-07:00,5,54,649,24576,2.6,10.47,31.91,32.8,5,29.27,12.7,642.6,34.5,1880|3920|12496|25856|16008|16836|22812|26468|20388|21532|23968|21692|11520|15040|15172|1580|12452|18808
2026-08-27T02:43:02.8909323-07:00,4,54,649,24576,2.6,10.56,31.91,33.1,17,29.27,12.7,642.6,34.5,1880|3920|12496|25856|16008|16836|22812|26468|20388|21532|23968|21692|11520|15040|15172|1580|12452|18808
2026-08-27T02:43:49.1318362-07:00,2,54,649,24576,2.6,10.58,31.91,33.2,3,29.24,12.6,642.6,34.5,1880|3920|12496|25856|16008|16836|22812|26468|20388|21532|23968|21692|11520|15040|15172|1580|12452|18808
2026-08-27T02:44:35.3971017-07:00,0,57,670,24576,2.7,10.63,31.91,33.3,2,29.23,12.6,642.6,34.5,1880|3920|12496|25856|16008|16836|22812|26468|20388|21532|23968|21692|11520|15040|15172|1580|12452|18808
2026-08-27T02:45:21.6672065-07:00,2,54,670,24576,2.7,10.54,31.91,33,6,29.23,12.6,642.6,34.5,1880|3920|12496|25856|16008|16836|22812|26468|20388|21532|23968|21692|11520|15040|15172|1580|12452|18808
2026-08-27T02:46:07.9116377-07:00,2,54,670,24576,2.7,10.78,31.91,33.8,3,29.22,12.6,642.6,34.5,1880|3920|12496|25856|16008|16836|22812|26468|20388|21532|23968|21692|11520|15040|15172|1580|12452|18808
2026-08-27T02:46:54.1698995-07:00,2,54,670,24576,2.7,10.65,31.91,33.4,7,29.18,12.6,642.61,34.5,1880|3920|12496|25856|16008|16836|22812|26468|20388|21532|23968|21692|11520|15040|15172|1580|12452|18808
2026-08-27T02:47:40.4700795-07:00,5,54,670,24576,2.7,10.54,31.91,33,5,29.22,12.6,642.6,34.5,1880|3920|12496|25856|16008|16836|22812|26468|20388|21532|23968|21692|11520|15040|15172|1580|12452|18808
2026-08-27T02:48:26.7121839-07:00,2,54,670,24576,2.7,10.58,31.91,33.2,5,29.22,12.6,642.6,34.5,1880|3920|12496|25856|16008|16836|22812|26468|20388|21532|23968|21692|11520|15040|15172|1580|12452|18808
2026-08-27T02:49:12.9798559-07:00,2,54,670,24576,2.7,10.42,31.91,32.7,1,29.21,12.6,642.6,34.5,1880|3920|12496|25856|16008|16836|22812|26468|20388|21532|23968|21692|11520|15040|15172|1580|12452|18808
2026-08-27T02:49:59.2261571-07:00,0,54,670,24576,2.7,10.45,31.91,32.7,7,29.22,12.6,642.6,34.5,1880|3920|12496|25856|16008|16836|22812|26468|20388|21532|23968|21692|11520|15040|15172|1580|12452|18808
2026-08-27T02:50:45.5142059-07:00,2,54,670,24576,2.7,10.42,31.91,32.7,5,29.22,12.6,642.6,34.5,1880|3920|12496|25856|16008|16836|22812|26468|20388|21532|23968|21692|11520|15040|15172|1580|12452|18808
2026-08-27T02:51:31.7681332-07:00,2,54,670,24576,2.7,10.38,31.91,32.5,2,29.22,12.6,642.6,34.5,1880|3920|12496|25856|16008|16836|22812|26468|20388|21532|23968|21692|11520|15040|15172|1580|12452|18808
2026-08-27T02:52:18.0274486-07:00,2,54,670,24576,2.7,10.38,31.91,32.5,5,29.21,12.6,642.6,34.5,1880|3920|12496|25856|16008|16836|22812|26468|20388|21532|23968|21692|11520|15040|15172|1580|12452|18808
2026-08-27T02:53:04.2830798-07:00,2,54,670,24576,2.7,10.45,31.91,32.7,10,29.21,12.6,642.6,34.5,1880|3920|12496|25856|16008|16836|22812|26468|20388|21532|23968|21692|11520|15040|15172|1580|12452|18808
2026-08-27T02:53:50.5226194-07:00,6,54,670,24576,2.7,10.4,31.91,32.6,6,29.21,12.6,642.6,34.5,1880|3920|12496|25856|16008|16836|22812|26468|20388|21532|23968|21692|11520|15040|15172|1580|12452|18808
2026-08-27T02:54:36.7610768-07:00,2,54,670,24576,2.7,10.41,31.91,32.6,3,29.21,12.6,642.6,34.5,1880|3920|12496|25856|16008|16836|22812|26468|20388|21532|23968|21692|11520|15040|15172|1580|12452|18808
2026-08-27T02:55:23.0291738-07:00,2,54,670,24576,2.7,10.4,31.91,32.6,4,29.21,12.6,642.6,34.5,1880|3920|12496|25856|16008|16836|22812|26468|20388|21532|23968|21692|11520|15040|15172|1580|12452|18808
2026-08-27T02:56:09.2659682-07:00,2,54,670,24576,2.7,10.34,31.91,32.4,7,29.21,12.6,642.6,34.5,1880|3920|12496|25856|16008|16836|22812|26468|20388|21532|23968|21692|11520|15040|15172|1580|12452|18808
2026-08-27T02:56:55.5290615-07:00,4,54,670,24576,2.7,10.44,31.91,32.7,4,29.2,12.6,642.6,34.5,1880|3920|12496|25856|16008|16836|22812|26468|20388|21532|23968|21692|11520|15040|15172|1580|12452|18808
2026-08-27T02:57:41.7799359-07:00,2,54,670,24576,2.7,10.51,31.91,32.9,3,29.2,12.6,642.61,34.5,1880|3920|12496|25856|16008|16836|22812|26468|20388|21532|23968|21692|11520|15040|15172|1580|12452|18808
2026-08-27T02:58:28.0663922-07:00,2,54,670,24576,2.7,10.83,31.91,33.9,3,29.2,12.6,642.6,34.5,1880|3920|12496|25856|16008|16836|22812|26468|20388|21532|23968|21692|11520|15040|15172|1580|12452|18808
2026-08-27T02:59:14.3015168-07:00,2,54,670,24576,2.7,10.33,31.91,32.4,6,29.2,12.6,642.6,34.5,1880|3920|12496|25856|16008|16836|22812|26468|20388|21532|23968|21692|11520|15040|15172|1580|12452|18808
2026-08-27T03:00:00.5603953-07:00,2,54,670,24576,2.7,10.34,31.91,32.4,3,29.2,12.6,642.6,34.5,1880|3920|12496|25856|16008|16836|22812|26468|20388|21532|23968|21692|11520|15040|15172|1580|12452|18808
2026-08-27T03:00:46.8089024-07:00,2,54,670,24576,2.7,10.36,31.91,32.5,3,29.2,12.6,642.6,34.5,1880|3920|12496|25856|16008|16836|22812|26468|20388|21532|23968|21692|11520|15040|15172|1580|12452|18808
2026-08-27T03:01:33.0751579-07:00,4,54,670,24576,2.7,10.53,31.91,33,15,29.2,12.6,642.6,34.5,1880|3920|12496|25856|16008|16836|22812|26468|20388|21532|23968|21692|11520|15040|15172|1580|12452|18808
2026-08-27T03:02:19.3389727-07:00,2,54,670,24576,2.7,10.55,31.91,33.1,1,29.19,12.6,642.6,34.5,1880|3920|12496|25856|16008|16836|22812|26468|20388|21532|23968|21692|11520|15040|15172|1580|12452|18808
2026-08-27T03:03:05.5945784-07:00,2,54,670,24576,2.7,10.35,31.91,32.4,2,29.19,12.6,642.6,34.5,1880|3920|12496|25856|16008|16836|22812|26468|20388|21532|23968|21692|11520|15040|15172|1580|12452|18808
2026-08-27T03:03:51.8479527-07:00,2,54,670,24576,2.7,10.52,31.91,33,4,29.18,12.6,642.6,34.5,1880|3920|12496|25856|16008|16836|22812|26468|20388|21532|23968|21692|11520|15040|15172|1580|12452|18808
2026-08-27T03:04:38.1109036-07:00,2,54,670,24576,2.7,10.54,31.91,33,5,29.18,12.6,642.6,34.5,1880|3920|12496|25856|16008|16836|22812|26468|20388|21532|23968|21692|11520|15040|15172|1580|12452|18808
2026-08-27T03:05:24.3482459-07:00,1,54,670,24576,2.7,10.5,31.91,32.9,20,29.18,12.6,642.6,34.5,1880|3920|12496|25856|16008|16836|22812|26468|20388|21532|23968|21692|11520|15040|15172|1580|12452|18808
2026-08-27T03:06:10.6403779-07:00,3,53,670,24576,2.7,10.55,31.91,33.1,2,29.18,12.6,642.6,34.5,1880|3920|12496|25856|16008|16836|22812|26468|20388|21532|23968|21692|11520|15040|15172|1580|12452|18808
2026-08-27T03:06:56.8833885-07:00,2,53,670,24576,2.7,10.49,31.91,32.9,5,29.18,12.6,642.6,34.5,1880|3920|12496|25856|16008|16836|22812|26468|20388|21532|23968|21692|11520|15040|15172|1580|12452|18808
2026-08-27T03:07:43.1391746-07:00,19,54,783,24576,3.2,11.53,31.91,36.1,13,29.18,12.6,642.6,34.5,1880|3920|12496|25856|16008|16836|22812|26468|20388|21532|23968|21692|11520|15040|15172|1580|12452|18808|10424
2026-08-27T03:08:29.4076932-07:00,18,54,780,24576,3.2,11.58,31.91,36.3,17,29.17,12.6,642.61,34.5,1880|3920|12496|25856|16008|16836|22812|26468|20388|21532|23968|21692|11520|15040|15172|1580|12452|18808|10424
2026-08-27T03:09:15.7159632-07:00,8,56,1092,24576,4.4,12.14,31.91,38,11,29.14,12.6,642.61,34.5,1880|3920|12496|25856|16008|16836|22812|26468|20388|21532|23968|21692|11520|15040|15172|1580|12452|18808|10424
2026-08-27T03:10:01.9979250-07:00,7,55,921,24576,3.7,12.13,31.91,38,16,29.06,12.6,642.61,34.5,1880|3920|12496|25856|16008|16836|22812|26468|20388|21532|23968|21692|11520|15040|15172|1580|12452|18808|10424
2026-08-27T03:10:48.2780385-07:00,16,57,930,24576,3.8,11.97,31.91,37.5,33,29.02,12.5,642.6,34.5,1880|3920|12496|25856|16008|16836|22812|26468|20388|21532|23968|21692|11520|15040|15172|1580|12452|18808|10424
2026-08-27T03:11:34.5721251-07:00,4,58,1071,24576,4.4,12.83,31.91,40.2,7,28.95,12.5,642.6,34.5,1880|3920|12496|25856|16008|16836|22812|26468|20388|21532|23968|21692|11520|15040|15172|1580|12452|18808|10424|10840
2026-08-27T03:12:20.8712519-07:00,5,57,1008,24576,4.1,12.68,31.91,39.7,6,28.95,12.5,642.6,34.5,1880|3920|12496|25856|16008|16836|22812|26468|20388|21532|23968|21692|11520|15040|15172|1580|12452|18808|10424|10840
2026-08-27T03:13:07.1453579-07:00,3,58,1020,24576,4.2,12.66,31.91,39.7,2,29.08,12.6,642.6,34.5,1880|3920|12496|25856|16008|16836|22812|26468|20388|21532|23968|21692|11520|15040|15172|1580|12452|18808|10424|10840
2026-08-27T03:13:53.4101415-07:00,4,57,1022,24576,4.2,12.58,31.91,39.4,9,29.08,12.6,642.6,34.5,1880|3920|12496|25856|16008|16836|22812|26468|20388|21532|23968|21692|11520|15040|15172|1580|12452|18808|10424|10840
2026-08-27T03:14:39.6663976-07:00,9,59,1183,24576,4.8,12.78,31.91,40.1,25,29.08,12.6,642.6,34.5,1880|3920|12496|25856|16008|16836|22812|26468|20388|21532|23968|21692|11520|15040|15172|1580|12452|18808|10424|10840
2026-08-27T03:15:25.9953547-07:00,39,59,1241,24576,5,14.75,31.91,46.2,8,29.07,12.6,642.61,34.5,1880|3920|12496|25856|16008|16836|22812|26468|20388|21532|23968|21692|11520|15040|15172|1580|12452|10424|10840|18956|15012
2026-08-27T03:16:12.3178372-07:00,47,58,1230,24576,5,14.69,31.91,46,14,29.06,12.6,642.61,34.5,1880|3920|12496|25856|16008|16836|22812|26468|20388|21532|23968|21692|11520|15040|15172|1580|12452|10424|10840|18956|15012
2026-08-27T03:16:58.6345206-07:00,36,61,1542,24576,6.3,15.27,31.91,47.9,52,29.06,12.6,642.61,34.5,1880|3920|12496|25856|16008|16836|22812|26468|20388|21532|23968|21692|11520|15040|15172|1580|12452|10424|10840|18956|15012|21412|13900
2026-08-27T03:17:44.9752379-07:00,20,60,1390,24576,5.7,15.39,31.91,48.2,45,29.05,12.6,642.61,34.5,1880|3920|12496|25856|16008|16836|22812|26468|20388|21532|23968|21692|11520|15040|15172|1580|12452|10424|10840|18956|15012|21412|13900|11516
2026-08-27T03:18:31.3216643-07:00,15,60,1246,24576,5.1,15.53,31.91,48.7,56,29.07,12.6,642.61,34.5,1880|3920|12496|25856|16008|16836|22812|26468|20388|21532|23968|21692|11520|15040|15172|1580|12452|10424|10840|18956|15012|21412|13900|11516
2026-08-27T03:19:17.7352145-07:00,37,61,1414,24576,5.8,15.57,31.91,48.8,60,29.07,12.6,642.61,34.5,1880|3920|12496|25856|16008|16836|22812|26468|20388|21532|23968|21692|11520|15040|15172|1580|10424|10840|18956|15012|21412|13900|11516|8428
2026-08-27T03:20:04.1028192-07:00,37,58,1308,24576,5.3,15.11,31.91,47.4,40,29.07,12.6,642.61,34.5,1880|3920|12496|25856|16008|16836|22812|26468|20388|21532|23968|21692|11520|15040|15172|1580|10424|10840|18956|15012|21412|13900|11516|8428
2026-08-27T03:20:50.4801388-07:00,36,58,1308,24576,5.3,15.15,31.91,47.5,48,29.07,12.6,642.61,34.5,1880|3920|12496|25856|16008|16836|22812|26468|20388|21532|23968|21692|11520|15040|15172|1580|10424|10840|18956|15012|21412|13900|11516|8428
2026-08-27T03:21:36.8260015-07:00,36,58,1283,24576,5.2,15.07,31.91,47.2,40,29.07,12.6,642.61,34.5,1880|3920|12496|25856|16008|16836|22812|26468|20388|21532|23968|21692|11520|15040|15172|1580|10424|10840|18956|15012|11516|8428
2026-08-27T03:22:23.1737786-07:00,37,58,1283,24576,5.2,15,31.91,47,37,29.07,12.6,642.61,34.5,1880|3920|12496|25856|16008|16836|22812|26468|20388|21532|23968|21692|11520|15040|15172|1580|10424|10840|18956|15012|11516|8428
2026-08-27T03:23:09.4985061-07:00,36,58,1279,24576,5.2,14.99,31.91,47,58,29.07,12.6,642.61,34.5,1880|3920|12496|25856|16008|16836|22812|26468|20388|21532|23968|21692|11520|15040|15172|1580|10424|10840|18956|15012|11516|8428
2026-08-27T03:23:55.8062909-07:00,34,58,1293,24576,5.3,14.99,31.91,47,45,29.07,12.6,642.61,34.5,1880|3920|12496|25856|16008|16836|22812|26468|20388|21532|23968|21692|11520|15040|15172|1580|10424|10840|18956|15012|11516|8428
2026-08-27T03:24:42.1507318-07:00,38,58,1282,24576,5.2,14.99,31.91,47,48,29.07,12.6,642.61,34.5,1880|3920|12496|25856|16008|16836|22812|26468|20388|21532|23968|21692|11520|15040|15172|1580|10424|10840|18956|15012|11516|8428
2026-08-27T03:25:28.4695831-07:00,23,59,1392,24576,5.7,15.08,31.91,47.3,31,29.07,12.6,642.61,34.5,1880|3920|12496|25856|16008|16836|22812|26468|20388|21532|23968|21692|11520|15040|15172|1580|10424|10840|18956|15012|11516|8428
2026-08-27T03:26:14.8178486-07:00,35,57,1269,24576,5.2,15.04,31.91,47.1,26,29.07,12.6,642.61,34.5,1880|3920|12496|25856|16008|16836|22812|26468|20388|21532|23968|21692|11520|15040|15172|1580|10424|10840|18956|15012|11516|8428
2026-08-27T03:27:01.1294528-07:00,39,57,1269,24576,5.2,14.96,31.91,46.9,30,29.07,12.6,642.61,34.5,1880|3920|12496|25856|16008|16836|22812|26468|20388|21532|23968|21692|11520|15040|15172|1580|10424|10840|18956|15012|11516|8428
2026-08-27T03:27:47.4669646-07:00,37,57,1268,24576,5.2,14.96,31.91,46.9,12,29.07,12.6,642.61,34.5,1880|3920|12496|25856|16008|16836|22812|26468|20388|21532|23968|21692|11520|15040|15172|1580|10424|10840|18956|15012|11516|8428
2026-08-27T03:28:33.7756192-07:00,30,56,1249,24576,5.1,14.94,31.91,46.8,30,29.07,12.6,642.61,34.5,1880|3920|12496|25856|16008|16836|22812|26468|20388|21532|23968|21692|11520|15040|15172|1580|10424|10840|18956|15012|11516|8428
2026-08-27T03:29:20.1263702-07:00,16,57,1285,24576,5.2,14.98,31.91,46.9,38,29.07,12.6,642.61,34.5,1880|3920|12496|25856|16008|16836|22812|26468|20388|21532|23968|21692|11520|15040|15172|1580|10424|10840|18956|15012|11516|8428
2026-08-27T03:30:06.4387018-07:00,30,56,1292,24576,5.3,14.97,31.91,46.9,46,29.07,12.6,642.61,34.5,1880|3920|12496|25856|16008|16836|22812|26468|20388|21532|23968|21692|11520|15040|15172|1580|10424|10840|18956|15012|11516|8428
2026-08-27T03:30:52.7841501-07:00,23,56,1291,24576,5.3,15,31.91,47,8,29.07,12.6,642.61,34.5,1880|3920|12496|25856|16008|16836|22812|26468|20388|21532|23968|21692|11520|15040|15172|1580|10424|10840|18956|15012|11516|8428
2026-08-27T03:31:39.0927352-07:00,24,56,1252,24576,5.1,14.98,31.91,46.9,25,29.07,12.6,642.61,34.5,1880|3920|12496|25856|16008|16836|22812|26468|20388|21532|23968|21692|11520|15040|15172|1580|10424|10840|18956|15012|11516|8428
2026-08-27T03:32:25.4023242-07:00,25,56,1252,24576,5.1,14.81,31.91,46.4,21,29.07,12.6,642.61,34.5,1880|3920|12496|25856|16008|16836|22812|26468|20388|21532|23968|21692|11520|15040|15172|1580|10424|10840|18956|15012|11516|8428
2026-08-27T03:33:11.6970175-07:00,25,55,1252,24576,5.1,14.81,31.91,46.4,24,29.07,12.6,642.61,34.5,1880|3920|12496|25856|16008|16836|22812|26468|20388|21532|23968|21692|11520|15040|15172|1580|10424|10840|18956|15012|11516|8428
2026-08-27T03:33:58.0177106-07:00,23,55,1252,24576,5.1,15.04,31.91,47.1,12,29.07,12.6,642.61,34.5,1880|3920|12496|25856|16008|16836|22812|26468|20388|21532|23968|21692|11520|15040|15172|1580|10424|10840|18956|15012|11516|8428
2026-08-27T03:34:44.3133282-07:00,27,55,1252,24576,5.1,14.8,31.91,46.4,36,29.07,12.6,642.61,34.5,1880|3920|12496|25856|16008|16836|22812|26468|20388|21532|23968|21692|11520|15040|15172|1580|10424|10840|18956|15012|11516|8428
2026-08-27T03:35:30.6514915-07:00,24,55,1242,24576,5.1,15.03,31.91,47.1,25,29.07,12.6,642.61,34.5,1880|3920|12496|25856|16008|16836|22812|26468|20388|21532|23968|21692|11520|15040|15172|1580|10424|10840|18956|15012|11516|8428
2026-08-27T03:36:16.9677202-07:00,24,55,1242,24576,5.1,14.96,31.91,46.9,20,29.07,12.6,642.61,34.5,1880|3920|12496|25856|16008|16836|22812|26468|20388|21532|23968|21692|11520|15040|15172|1580|10424|10840|18956|15012|11516|8428
2026-08-27T03:37:03.3022164-07:00,24,55,1242,24576,5.1,14.7,31.91,46.1,17,29.07,12.6,642.61,34.5,1880|3920|12496|25856|16008|16836|22812|26468|20388|21532|23968|21692|11520|15040|15172|1580|10424|10840|18956|15012|11516|8428
2026-08-27T03:37:49.6225921-07:00,26,55,1242,24576,5.1,14.89,31.91,46.7,12,29.07,12.6,642.61,34.5,1880|3920|12496|25856|16008|16836|22812|26468|20388|21532|23968|21692|11520|15040|15172|1580|10424|10840|18956|15012|11516|8428
2026-08-27T03:38:35.9340651-07:00,24,55,1242,24576,5.1,14.73,31.91,46.2,23,29.07,12.6,642.61,34.5,1880|3920|12496|25856|16008|16836|22812|26468|20388|21532|23968|21692|11520|15040|15172|1580|10424|10840|18956|15012|11516|8428
2026-08-27T03:39:22.2356221-07:00,25,54,1242,24576,5.1,14.73,31.91,46.2,17,29.07,12.6,642.61,34.5,1880|3920|12496|25856|16008|16836|22812|26468|20388|21532|23968|21692|11520|15040|15172|1580|10424|10840|18956|15012|11516|8428
2026-08-27T03:40:08.5615297-07:00,25,54,1242,24576,5.1,14.72,31.91,46.1,20,29.07,12.6,642.61,34.5,1880|3920|12496|25856|16008|16836|22812|26468|20388|21532|23968|21692|11520|15040|15172|1580|10424|10840|18956|15012|11516|8428
2026-08-27T03:40:54.8627259-07:00,24,54,1242,24576,5.1,14.92,31.91,46.8,22,29.07,12.6,642.61,34.5,1880|3920|12496|25856|16008|16836|22812|26468|20388|21532|23968|21692|11520|15040|15172|1580|10424|10840|18956|15012|11516|8428
2026-08-27T03:41:41.1800077-07:00,25,54,1242,24576,5.1,14.95,31.91,46.9,30,29.07,12.6,642.61,34.5,1880|3920|12496|25856|16008|16836|22812|26468|20388|21532|23968|21692|11520|15040|15172|1580|10424|10840|18956|15012|11516|8428
2026-08-27T03:42:27.4826156-07:00,22,54,1242,24576,5.1,14.74,31.91,46.2,16,29.07,12.6,642.61,34.5,1880|3920|12496|25856|16008|16836|22812|26468|20388|21532|23968|21692|11520|15040|15172|1580|10424|10840|18956|15012|11516|8428
2026-08-27T03:43:13.7915929-07:00,25,54,1242,24576,5.1,14.75,31.91,46.2,17,29.07,12.6,642.61,34.5,1880|3920|12496|25856|16008|16836|22812|26468|20388|21532|23968|21692|11520|15040|15172|1580|10424|10840|18956|15012|11516|8428
2026-08-27T03:44:00.0999045-07:00,32,55,929,24576,3.8,13.53,31.91,42.4,43,29.05,12.6,642.61,34.5,1880|3920|12496|25856|16008|16836|22812|26468|20388|21532|23968|21692|11520|15040|15172|1580|10840|18956|15012|8428
2026-08-27T03:44:46.4361277-07:00,34,55,930,24576,3.8,13.56,31.91,42.5,45,29.04,12.6,642.61,34.5,1880|3920|12496|25856|16008|16836|22812|26468|20388|21532|23968|21692|11520|15040|15172|1580|10840|18956|15012|8428
2026-08-27T03:45:32.7725434-07:00,51,57,1147,24576,4.7,15.02,31.91,47.1,31,29.03,12.5,642.61,34.5,1880|3920|12496|25856|16008|16836|22812|26468|20388|21532|23968|21692|11520|15040|15172|1580|10840|18956|15012|8428|14452
2026-08-27T03:46:19.1328207-07:00,35,56,982,24576,4,13.54,31.91,42.4,31,29.03,12.6,642.61,34.5,1880|3920|12496|25856|16008|16836|22812|26468|20388|21532|23968|21692|11520|15040|15172|1580|10840|18956|15012|8428
2026-08-27T03:47:05.4457493-07:00,35,56,982,24576,4,14.32,31.91,44.9,48,29.03,12.5,642.61,34.5,1880|3920|12496|25856|16008|16836|22812|26468|20388|21532|23968|21692|11520|15040|15172|1580|10840|18956|15012|8428
2026-08-27T03:47:51.7883175-07:00,10,59,1143,24576,4.7,15.57,31.91,48.8,58,29.02,12.5,642.61,34.5,1880|3920|12496|25856|16008|16836|22812|26468|20388|21532|23968|21692|11520|15040|15172|1580|10840|18956|15012|8428|25852
2026-08-27T03:48:38.1641881-07:00,12,58,1407,24576,5.7,16.07,31.91,50.4,48,28.97,12.5,642.61,34.5,1880|3920|12496|25856|16008|16836|22812|26468|20388|21532|23968|21692|11520|15040|15172|1580|10840|18956|15012|8428|25852|4000
2026-08-27T03:49:24.5433191-07:00,28,58,1567,24576,6.4,16.26,31.91,51,65,28.98,12.5,642.61,34.5,1880|3920|12496|25856|16008|16836|22812|26468|20388|21532|23968|21692|11520|15040|15172|1580|10840|18956|15012|8428|25852|4000
2026-08-27T03:50:10.8804581-07:00,37,58,1407,24576,5.7,15.96,31.91,50,50,28.98,12.5,642.61,34.5,1880|3920|12496|25856|16008|16836|22812|26468|20388|21532|23968|21692|11520|15040|15172|1580|10840|18956|15012|8428|25852|4000
2026-08-27T03:50:57.2895863-07:00,40,59,1444,24576,5.9,16.59,31.91,52,57,29,12.5,642.61,34.5,1880|3920|12496|25856|16008|16836|22812|26468|20388|21532|23968|21692|11520|15040|15172|1580|10840|18956|15012|8428|25852|4000
2026-08-27T03:51:43.6283230-07:00,35,59,2744,24576,11.2,17.33,31.91,54.3,40,29,12.5,642.61,34.5,1880|3920|12496|25856|16008|16836|22812|26468|20388|21532|23968|21692|11520|15040|15172|1580|10840|18956|15012|8428|25852|4000|15944|13720|3980|24304|8348
2026-08-27T03:52:30.0296677-07:00,38,60,3058,24576,12.4,17.34,31.91,54.3,32,29,12.5,642.61,34.5,1880|3920|12496|25856|16008|16836|22812|26468|20388|21532|23968|21692|11520|15040|15172|1580|10840|18956|15012|8428|25852|4000|15944|13720|3980|24304|8348
2026-08-27T03:53:16.3998892-07:00,18,60,3059,24576,12.4,17.22,31.91,54,23,29,12.5,642.61,34.5,1880|3920|12496|25856|16008|16836|22812|26468|20388|21532|23968|21692|11520|15040|15172|1580|10840|18956|15012|8428|25852|4000|15944|13720|3980|24304|8348
2026-08-27T03:54:02.7662372-07:00,22,61,3062,24576,12.5,17.26,31.91,54.1,45,28.99,12.5,642.61,34.5,1880|3920|12496|25856|16008|16836|22812|26468|20388|21532|23968|21692|11520|15040|15172|1580|10840|18956|15012|8428|25852|4000|15944|13720|3980|24304|8348
2026-08-27T03:54:49.1252377-07:00,19,60,3062,24576,12.5,17.28,31.91,54.2,66,28.98,12.5,642.61,34.5,1880|3920|12496|25856|16008|16836|22812|26468|20388|21532|23968|21692|11520|15040|15172|1580|10840|18956|15012|8428|25852|4000|15944|13720|3980|24304|8348
2026-08-27T03:55:35.5287934-07:00,24,61,3046,24576,12.4,17.51,31.91,54.9,62,29.01,12.5,642.61,34.5,1880|3920|12496|25856|16008|16836|22812|26468|20388|21532|23968|21692|11520|15040|15172|1580|10840|18956|15012|8428|25852|4000|15944|13720|3980|24304|8348
2026-08-27T03:56:21.9377906-07:00,19,61,3020,24576,12.3,17.34,31.91,54.3,42,29.01,12.5,642.61,34.5,1880|3920|12496|25856|16008|16836|22812|26468|20388|21532|23968|21692|11520|15040|15172|1580|10840|18956|15012|8428|25852|4000|13720|24304|8348
2026-08-27T03:57:08.3161986-07:00,15,60,3017,24576,12.3,16.87,31.91,52.9,76,29,12.5,642.61,34.5,1880|3920|12496|25856|16008|16836|22812|26468|20388|21532|23968|21692|11520|15040|15172|1580|10840|18956|15012|8428|25852|4000|13720|24304|8348
2026-08-27T03:57:54.7145306-07:00,26,60,3016,24576,12.3,16.83,31.91,52.7,27,29,12.5,642.61,34.5,1880|3920|12496|25856|16008|16836|22812|26468|20388|21532|23968|21692|11520|15040|15172|1580|10840|18956|15012|8428|25852|4000|13720|24304|8348
2026-08-27T03:58:41.1278689-07:00,28,61,3012,24576,12.3,16.48,31.91,51.6,50,29,12.5,642.61,34.5,1880|3920|12496|25856|16008|16836|22812|26468|20388|21532|23968|21692|11520|15040|15172|1580|10840|18956|15012|25852|4000|13720|24304|8348|20344
2026-08-27T03:59:27.4963203-07:00,23,60,3012,24576,12.3,16.59,31.91,52,43,28.98,12.5,642.61,34.5,1880|3920|12496|25856|16008|16836|22812|26468|20388|21532|23968|21692|11520|15040|15172|1580|10840|18956|15012|25852|4000|13720|24304|8348|20344
2026-08-27T04:00:13.8614146-07:00,25,61,3012,24576,12.3,16.65,31.91,52.2,31,28.98,12.5,642.61,34.5,1880|3920|12496|25856|16008|16836|22812|26468|20388|21532|23968|21692|11520|15040|15172|1580|10840|18956|15012|25852|4000|13720|24304|8348|20344
2026-08-27T04:01:00.2018117-07:00,33,60,3021,24576,12.3,16.76,31.91,52.5,43,28.98,12.5,642.61,34.5,1880|3920|12496|25856|16008|16836|22812|26468|20388|21532|23968|21692|11520|15040|15172|1580|10840|18956|15012|25852|4000|13720|24304|8348|20344
2026-08-27T04:01:46.5740630-07:00,44,59,3021,24576,12.3,16.36,31.91,51.3,42,28.98,12.5,642.61,34.5,1880|3920|12496|25856|16008|16836|22812|26468|20388|21532|23968|21692|11520|15040|15172|1580|10840|18956|15012|25852|4000|13720|24304|8348|20344
2026-08-27T04:02:32.9369549-07:00,51,60,3022,24576,12.3,16.27,31.91,51,43,28.99,12.5,642.61,34.5,1880|3920|12496|25856|16008|16836|22812|26468|20388|21532|23968|21692|11520|15040|15172|1580|10840|18956|15012|25852|4000|13720|24304|8348|20344
2026-08-27T04:03:19.2935442-07:00,19,59,3022,24576,12.3,16.21,31.91,50.8,43,28.97,12.5,642.61,34.5,1880|3920|12496|25856|16008|16836|22812|26468|20388|21532|23968|21692|11520|15040|15172|1580|10840|18956|15012|25852|4000|13720|24304|8348|20344
2026-08-27T04:04:05.6487027-07:00,21,60,3022,24576,12.3,16.23,31.91,50.9,32,28.96,12.5,642.61,34.5,1880|3920|12496|25856|16008|16836|22812|26468|20388|21532|23968|21692|11520|15040|15172|1580|10840|18956|15012|25852|4000|13720|24304|8348|20344
2026-08-27T04:04:52.0270604-07:00,18,61,3022,24576,12.3,16.49,31.91,51.7,30,28.96,12.5,642.61,34.5,1880|3920|12496|25856|16008|16836|22812|26468|20388|21532|23968|21692|11520|15040|15172|1580|10840|18956|15012|25852|4000|13720|24304|8348|20344
2026-08-27T04:05:38.4197149-07:00,18,60,3018,24576,12.3,16.71,31.91,52.4,26,28.94,12.5,642.61,34.5,1880|3920|12496|25856|16008|16836|22812|26468|20388|21532|23968|21692|11520|15040|15172|1580|10840|18956|15012|25852|4000|13720|24304|8348|20344
2026-08-27T04:06:24.8159982-07:00,19,60,3018,24576,12.3,16.45,31.91,51.6,39,28.94,12.5,642.61,34.5,1880|3920|12496|25856|16008|16836|22812|26468|20388|21532|23968|21692|11520|15040|15172|1580|10840|18956|15012|25852|4000|13720|24304|8348|20344
2026-08-27T04:07:11.1866691-07:00,19,61,3018,24576,12.3,16.27,31.91,51,31,28.94,12.5,642.61,34.5,1880|3920|12496|25856|16008|16836|22812|26468|20388|21532|23968|21692|11520|15040|15172|1580|10840|18956|15012|25852|4000|13720|24304|8348|20344
2026-08-27T04:07:57.5440486-07:00,46,60,3018,24576,12.3,16.33,31.91,51.2,33,28.93,12.5,642.61,34.5,1880|3920|12496|25856|16008|16836|22812|26468|20388|21532|23968|21692|11520|15040|15172|1580|10840|18956|15012|25852|4000|13720|24304|8348|20344
2026-08-27T04:08:43.9106086-07:00,22,60,3018,24576,12.3,16.48,31.91,51.6,40,28.93,12.5,642.61,34.5,1880|3920|12496|25856|16008|16836|22812|26468|20388|21532|23968|21692|11520|15040|15172|1580|10840|18956|15012|25852|4000|13720|24304|8348|20344
2026-08-27T04:09:30.3145843-07:00,35,60,3019,24576,12.3,16.43,31.91,51.5,39,28.91,12.5,642.61,34.5,1880|3920|12496|25856|16008|16836|22812|26468|20388|21532|23968|21692|11520|15040|15172|1580|10840|18956|15012|25852|4000|13720|24304|8348|20344
2026-08-27T04:10:16.6998081-07:00,18,60,3019,24576,12.3,16.25,31.91,50.9,45,28.91,12.5,642.61,34.5,1880|3920|12496|25856|16008|16836|22812|26468|20388|21532|23968|21692|11520|15040|15172|1580|10840|18956|15012|25852|4000|13720|24304|8348|20344
2026-08-27T04:11:03.1208455-07:00,20,61,3006,24576,12.2,16.26,31.91,51,38,28.9,12.5,642.61,34.5,1880|3920|12496|25856|16008|16836|22812|26468|20388|21532|23968|21692|11520|15040|15172|1580|10840|18956|15012|25852|4000|13720|24304|8348|20344
2026-08-27T04:11:49.4665393-07:00,51,60,3006,24576,12.2,16.44,31.91,51.5,27,28.89,12.5,642.61,34.5,1880|3920|12496|25856|16008|16836|22812|26468|20388|21532|23968|21692|11520|15040|15172|1580|10840|18956|15012|25852|4000|13720|24304|8348|20344
2026-08-27T04:12:35.8451761-07:00,48,60,3006,24576,12.2,16.8,31.91,52.6,38,28.89,12.5,642.61,34.5,1880|3920|12496|25856|16008|16836|22812|26468|20388|21532|23968|21692|11520|15040|15172|1580|10840|18956|15012|25852|4000|13720|24304|8348|20344
2026-08-27T04:13:22.1927403-07:00,39,59,3008,24576,12.2,16.31,31.91,51.1,28,28.89,12.5,642.61,34.5,1880|3920|12496|25856|16008|16836|22812|26468|20388|21532|23968|21692|11520|15040|15172|1580|10840|18956|15012|25852|4000|13720|24304|8348|20344
2026-08-27T04:14:08.5502783-07:00,34,60,3009,24576,12.2,16.44,31.91,51.5,37,28.79,12.4,642.61,34.5,1880|3920|12496|25856|16008|16836|22812|26468|20388|21532|23968|21692|11520|15040|15172|1580|10840|18956|15012|25852|4000|13720|24304|8348|20344
2026-08-27T04:14:54.9352648-07:00,18,61,3009,24576,12.2,16.81,31.91,52.7,29,28.62,12.4,642.62,34.5,1880|3920|12496|25856|16008|16836|22812|26468|20388|21532|23968|21692|11520|15040|15172|1580|10840|18956|15012|25852|4000|13720|24304|8348|20344
2026-08-27T04:15:41.3445684-07:00,48,60,3006,24576,12.2,16.98,31.91,53.2,57,28.6,12.4,642.61,34.5,1880|3920|12496|25856|16008|16836|22812|26468|20388|21532|23968|21692|11520|15040|15172|1580|10840|18956|15012|25852|4000|13720|24304|8348|20344
2026-08-27T04:16:27.7503248-07:00,19,60,3006,24576,12.2,16.99,31.91,53.2,37,28.61,12.4,642.61,34.5,1880|3920|12496|25856|16008|16836|22812|26468|20388|21532|23968|21692|11520|15040|15172|1580|10840|18956|15012|25852|4000|13720|24304|8348|20344
2026-08-27T04:17:14.1175740-07:00,45,60,3001,24576,12.2,16.7,31.91,52.3,27,28.6,12.4,642.61,34.5,1880|3920|12496|25856|16008|16836|22812|26468|20388|21532|23968|21692|11520|15040|15172|1580|10840|18956|15012|25852|4000|13720|24304|8348|20344
2026-08-27T04:18:00.4807382-07:00,19,61,3001,24576,12.2,16.66,31.91,52.2,36,28.6,12.4,642.61,34.5,1880|3920|12496|25856|16008|16836|22812|26468|20388|21532|23968|21692|11520|15040|15172|1580|10840|18956|15012|25852|4000|13720|24304|8348|20344
2026-08-27T04:18:46.8441824-07:00,22,60,3002,24576,12.2,16.59,31.91,52,34,28.6,12.4,642.61,34.5,1880|3920|12496|25856|16008|16836|22812|26468|20388|21532|23968|21692|11520|15040|15172|1580|10840|18956|15012|25852|4000|13720|24304|8348|20344
2026-08-27T04:19:33.2192590-07:00,18,60,3002,24576,12.2,16.59,31.91,52,35,28.6,12.4,642.61,34.5,1880|3920|12496|25856|16008|16836|22812|26468|20388|21532|23968|21692|11520|15040|15172|1580|10840|18956|15012|25852|4000|13720|24304|8348|20344
2026-08-27T04:20:19.5899773-07:00,25,61,3002,24576,12.2,16.61,31.91,52.1,32,28.61,12.4,642.61,34.5,1880|3920|12496|25856|16008|16836|22812|26468|20388|21532|23968|21692|11520|15040|15172|1580|10840|18956|15012|25852|4000|13720|24304|8348|20344
2026-08-27T04:21:06.0425555-07:00,21,61,3002,24576,12.2,16.56,31.91,51.9,40,28.61,12.4,642.61,34.5,1880|3920|12496|25856|16008|16836|22812|26468|20388|21532|23968|21692|11520|15040|15172|1580|10840|18956|15012|25852|4000|13720|24304|8348|20344
2026-08-27T04:21:52.4131318-07:00,24,60,3002,24576,12.2,15.05,31.91,47.2,32,28.61,12.4,642.61,34.5,1880|3920|12496|25856|16008|16836|22812|26468|20388|21532|23968|21692|11520|15040|15172|1580|10840|18956|15012|25852|4000|13720|24304|8348|20344
2026-08-27T04:22:38.7736508-07:00,25,61,3004,24576,12.2,15.02,31.91,47.1,25,28.61,12.4,642.61,34.5,1880|3920|12496|25856|16008|16836|22812|26468|20388|21532|23968|21692|11520|15040|15172|1580|10840|18956|15012|25852|4000|13720|24304|8348|20344
2026-08-27T04:23:25.1534911-07:00,38,60,3004,24576,12.2,15.02,31.91,47.1,38,28.61,12.4,642.61,34.5,1880|3920|12496|25856|16008|16836|22812|26468|20388|21532|23968|21692|11520|15040|15172|1580|10840|18956|15012|25852|4000|13720|24304|8348|20344
2026-08-27T04:24:11.4929603-07:00,26,60,1593,24576,6.5,14.46,31.91,45.3,42,28.61,12.4,642.61,34.5,1880|3920|12496|25856|16008|16836|22812|26468|20388|21532|23968|21692|11520|15040|15172|1580|10840|18956|15012|25852|4000|24304|20344
2026-08-27T04:24:58.1955315-07:00,39,59,1323,24576,5.4,13.91,31.91,43.6,28,28.61,12.4,642.61,34.5,1880|3920|12496|25856|16008|16836|22812|26468|20388|21532|23968|21692|11520|15040|15172|1580|10840|18956|15012|25852|4000|20344
2026-08-27T04:25:44.4924068-07:00,39,58,1328,24576,5.4,14.18,31.91,44.4,51,28.61,12.4,642.61,34.5,1880|3920|12496|25856|16008|16836|22812|26468|20388|21532|23968|21692|11520|15040|15172|1580|10840|18956|15012|25852|4000|20344
2026-08-27T04:26:30.8396228-07:00,39,58,1331,24576,5.4,14.03,31.91,44,26,28.61,12.4,642.61,34.5,1880|3920|12496|25856|16008|16836|22812|26468|20388|21532|23968|21692|11520|15040|15172|1580|10840|18956|15012|25852|4000|20344
2026-08-27T04:27:17.1700084-07:00,39,58,1331,24576,5.4,13.88,31.91,43.5,39,28.61,12.4,642.61,34.5,1880|3920|12496|25856|16008|16836|22812|26468|20388|21532|23968|21692|11520|15040|15172|1580|10840|18956|15012|25852|4000|20344
2026-08-27T04:28:03.5091854-07:00,39,58,1434,24576,5.8,13.89,31.91,43.5,27,28.61,12.4,642.61,34.5,1880|3920|12496|25856|16008|16836|22812|26468|20388|21532|23968|21692|11520|15040|15172|1580|10840|18956|15012|25852|4000|20344
2026-08-27T04:28:49.8092130-07:00,27,58,1397,24576,5.7,14.19,31.91,44.5,70,28.61,12.4,642.61,34.5,1880|3920|12496|25856|16008|16836|22812|26468|20388|21532|23968|21692|11520|15040|15172|1580|10840|18956|15012|25852|4000|20344
2026-08-27T04:29:36.1616599-07:00,42,58,1462,24576,5.9,14.74,31.91,46.2,59,28.6,12.4,642.6,34.5,1880|3920|12496|25856|16008|16836|22812|26468|20388|21532|23968|21692|11520|15040|15172|1580|10840|18956|15012|25852|4000|20344
2026-08-27T04:30:22.5124891-07:00,30,58,1593,24576,6.5,14.99,31.91,47,35,28.6,12.4,642.6,34.5,1880|3920|12496|25856|16008|16836|22812|26468|20388|21532|23968|21692|11520|15040|15172|1580|10840|18956|15012|25852|4000|20344
2026-08-27T04:31:08.8523274-07:00,41,58,1459,24576,5.9,15.07,31.91,47.2,40,28.59,12.4,642.6,34.5,1880|3920|12496|25856|16008|16836|22812|26468|20388|21532|23968|21692|11520|15040|15172|1580|10840|18956|15012|25852|4000|20344
2026-08-27T04:31:55.1970413-07:00,33,58,1516,24576,6.2,15.22,31.91,47.7,31,28.6,12.4,642.6,34.5,1880|3920|12496|25856|16008|16836|22812|26468|20388|21532|23968|21692|11520|15040|15172|1580|10840|18956|15012|25852|4000|20344
2026-08-27T04:32:41.5407032-07:00,38,62,2878,24576,11.7,16.26,31.91,51,40,28.59,12.4,642.6,34.5,1880|3920|12496|25856|16008|16836|22812|26468|20388|21532|23968|21692|11520|15040|15172|1580|10840|18956|15012|25852|4000|20344|16980|3956|14000|3248|8348
2026-08-27T04:33:27.9108134-07:00,31,59,3158,24576,12.8,16.24,31.91,50.9,45,28.59,12.4,642.6,34.5,1880|3920|12496|25856|16008|16836|22812|26468|20388|21532|23968|21692|11520|15040|15172|1580|10840|18956|15012|25852|4000|20344|16980|3956|14000|3248|8348
2026-08-27T04:34:14.2927629-07:00,43,58,3161,24576,12.9,16.19,31.91,50.7,23,28.59,12.4,642.6,34.5,1880|3920|12496|25856|16008|16836|22812|26468|20388|21532|23968|21692|11520|15040|15172|1580|10840|18956|15012|25852|4000|20344|16980|3956|14000|3248|8348
2026-08-27T04:35:00.6604303-07:00,20,60,3164,24576,12.9,16.34,31.91,51.2,31,28.59,12.4,642.6,34.5,1880|3920|12496|25856|16008|16836|22812|26468|20388|21532|23968|21692|11520|15040|15172|1580|10840|18956|15012|25852|4000|20344|16980|3956|14000|3248|8348
2026-08-27T04:35:47.0437619-07:00,25,61,3188,24576,13,16.33,31.91,51.2,34,28.59,12.4,642.6,34.5,1880|3920|12496|25856|16008|16836|22812|26468|20388|21532|23968|21692|11520|15040|15172|1580|10840|18956|15012|25852|4000|20344|16980|3956|14000|3248|8348
2026-08-27T04:36:33.4115196-07:00,43,60,3188,24576,13,16.2,31.91,50.8,38,28.58,12.4,642.6,34.5,1880|3920|12496|25856|16008|16836|22812|26468|20388|21532|23968|21692|11520|15040|15172|1580|10840|18956|15012|25852|4000|20344|16980|3956|14000|3248|8348
2026-08-27T04:37:19.7455872-07:00,21,60,3158,24576,12.8,16.24,31.91,50.9,32,28.59,12.4,642.6,34.5,1880|3920|12496|25856|16008|16836|22812|26468|20388|21532|23968|21692|11520|15040|15172|1580|10840|18956|15012|25852|4000|20344|3956|3248|8348
2026-08-27T04:38:06.1285145-07:00,19,60,3158,24576,12.8,15.87,31.91,49.7,40,28.58,12.4,642.6,34.5,1880|3920|12496|25856|16008|16836|22812|26468|20388|21532|23968|21692|11520|15040|15172|1580|10840|18956|15012|25852|4000|20344|3956|3248|8348
2026-08-27T04:38:52.5015156-07:00,31,62,3159,24576,12.9,16.08,31.91,50.4,31,28.58,12.4,642.6,34.5,1880|3920|12496|25856|16008|16836|22812|26468|20388|21532|23968|21692|11520|15040|15172|1580|10840|18956|15012|25852|4000|20344|3956|3248|8348
2026-08-27T04:39:38.8555025-07:00,44,60,3169,24576,12.9,16.06,31.91,50.3,46,28.58,12.4,642.6,34.5,1880|3920|12496|25856|16008|16836|22812|26468|20388|21532|23968|21692|11520|15040|15172|1580|10840|18956|15012|25852|4000|20344|3956|3248|8348|12876
2026-08-27T04:40:25.2255946-07:00,26,59,3153,24576,12.8,15.87,31.91,49.7,38,28.58,12.4,642.6,34.5,1880|3920|12496|25856|16008|16836|22812|26468|20388|21532|23968|21692|11520|15040|15172|1580|10840|18956|15012|25852|4000|20344|3956|3248|8348
2026-08-27T04:41:11.5715507-07:00,21,61,3153,24576,12.8,15.91,31.91,49.9,38,28.58,12.4,642.6,34.5,1880|3920|12496|25856|16008|16836|22812|26468|20388|21532|23968|21692|11520|15040|15172|1580|10840|18956|15012|25852|4000|20344|3956|3248|8348
2026-08-27T04:41:57.9320436-07:00,18,61,3145,24576,12.8,15.71,31.91,49.2,36,28.57,12.3,642.6,34.5,1880|3920|12496|25856|16008|16836|22812|26468|20388|21532|23968|21692|11520|15040|15172|1580|10840|18956|15012|25852|4000|20344|3956|3248|8348
2026-08-27T04:42:44.2923193-07:00,24,60,3145,24576,12.8,15.74,31.91,49.3,57,28.57,12.3,642.6,34.5,1880|3920|12496|25856|16008|16836|22812|26468|20388|21532|23968|21692|11520|15040|15172|1580|10840|18956|15012|25852|4000|20344|3956|3248|8348
2026-08-27T04:43:30.7446879-07:00,20,60,3145,24576,12.8,15.67,31.91,49.1,39,28.57,12.3,642.6,34.5,1880|3920|12496|25856|16008|16836|22812|26468|20388|21532|23968|21692|11520|15040|15172|1580|10840|18956|15012|25852|4000|20344|3956|3248|8348
2026-08-27T04:44:17.1376454-07:00,20,60,3145,24576,12.8,15.75,31.91,49.4,20,28.57,12.3,642.6,34.5,1880|3920|12496|25856|16008|16836|22812|26468|20388|21532|23968|21692|11520|15040|15172|1580|10840|18956|15012|25852|4000|20344|3956|3248|8348
2026-08-27T04:45:03.5244087-07:00,45,60,3145,24576,12.8,15.65,31.91,49,24,28.57,12.3,642.6,34.5,1880|3920|12496|25856|16008|16836|22812|26468|20388|21532|23968|21692|11520|15040|15172|1580|10840|18956|15012|25852|4000|20344|3956|3248|8348
2026-08-27T04:45:49.8911082-07:00,28,61,3131,24576,12.7,15.97,31.91,50,30,28.56,12.3,642.6,34.5,1880|3920|12496|25856|16008|16836|22812|26468|20388|21532|23968|21692|11520|15040|15172|1580|10840|18956|15012|25852|4000|20344|3956|3248|8348
2026-08-27T04:46:36.3210074-07:00,48,59,3144,24576,12.8,15.96,31.91,50,32,28.56,12.3,642.6,34.5,1880|3920|12496|25856|16008|16836|22812|26468|20388|21532|23968|21692|11520|15040|15172|1580|10840|18956|15012|25852|4000|20344|3956|3248|8348
2026-08-27T04:47:22.7294019-07:00,26,60,3144,24576,12.8,15.78,31.91,49.5,49,28.57,12.4,642.6,34.5,1880|3920|12496|25856|16008|16836|22812|26468|20388|21532|23968|21692|11520|15040|15172|1580|10840|18956|15012|25852|4000|20344|3956|3248|8348
2026-08-27T04:48:09.1337477-07:00,19,61,3144,24576,12.8,15.77,31.91,49.4,31,28.6,12.4,642.6,34.5,1880|3920|12496|25856|16008|16836|22812|26468|20388|21532|23968|21692|11520|15040|15172|1580|10840|18956|15012|25852|4000|20344|3956|3248|8348
2026-08-27T04:48:55.5511310-07:00,48,60,3146,24576,12.8,15.94,31.91,50,34,28.6,12.4,642.6,34.5,1880|3920|12496|25856|16008|16836|22812|26468|20388|21532|23968|21692|11520|15040|15172|1580|10840|18956|15012|25852|4000|20344|3956|3248|8348
2026-08-27T04:49:41.9064507-07:00,22,60,3146,24576,12.8,16.12,31.91,50.5,27,28.59,12.4,642.6,34.5,1880|3920|12496|25856|16008|16836|22812|26468|20388|21532|23968|21692|11520|15040|15172|1580|10840|18956|15012|25852|4000|20344|3956|3248|8348
2026-08-27T04:50:28.2735319-07:00,21,60,3145,24576,12.8,16.02,31.91,50.2,49,28.58,12.4,642.6,34.5,1880|3920|12496|25856|16008|16836|22812|26468|20388|21532|23968|21692|11520|15040|15172|1580|10840|18956|15012|25852|4000|20344|3956|3248|8348
2026-08-27T04:51:14.6860778-07:00,20,61,3145,24576,12.8,16.12,31.91,50.5,51,28.58,12.4,642.6,34.5,1880|3920|12496|25856|16008|16836|22812|26468|20388|21532|23968|21692|11520|15040|15172|1580|10840|18956|15012|25852|4000|20344|3956|3248|8348
2026-08-27T04:52:01.0848131-07:00,46,60,3146,24576,12.8,16.14,31.91,50.6,40,28.58,12.4,642.6,34.5,1880|3920|12496|25856|16008|16836|22812|26468|20388|21532|23968|21692|11520|15040|15172|1580|10840|18956|15012|25852|4000|20344|3956|3248|8348
2026-08-27T04:52:47.4289928-07:00,20,60,3146,24576,12.8,15.63,31.91,49,37,28.58,12.4,642.6,34.5,1880|3920|12496|25856|16008|16836|22812|26468|20388|21532|23968|21692|11520|15040|15172|1580|10840|18956|15012|25852|4000|20344|3956|3248|8348
2026-08-27T04:53:33.8237161-07:00,20,61,3146,24576,12.8,15.66,31.91,49.1,28,28.58,12.4,642.6,34.5,1880|3920|12496|25856|16008|16836|22812|26468|20388|21532|23968|21692|11520|15040|15172|1580|10840|18956|15012|25852|4000|20344|3956|3248|8348
2026-08-27T04:54:20.1911020-07:00,48,60,3153,24576,12.8,15.8,31.91,49.5,31,28.58,12.4,642.6,34.5,1880|3920|12496|25856|16008|16836|22812|26468|20388|21532|23968|21692|11520|15040|15172|1580|10840|18956|15012|25852|4000|20344|3956|3248|8348
2026-08-27T04:55:06.5845873-07:00,20,59,3149,24576,12.8,15.64,31.91,49,39,28.57,12.3,642.6,34.5,1880|3920|12496|25856|16008|16836|22812|26468|20388|21532|23968|21692|11520|15040|15172|1580|10840|18956|15012|25852|4000|20344|3956|3248|8348
2026-08-27T04:55:52.9405800-07:00,46,59,3135,24576,12.8,15.95,31.91,50,37,28.57,12.3,642.6,34.5,1880|3920|12496|25856|16008|16836|22812|26468|20388|21532|23968|21692|11520|15040|15172|1580|10840|18956|15012|25852|4000|20344|3956|3248|8348
2026-08-27T04:56:39.3010421-07:00,31,62,3136,24576,12.8,15.78,31.91,49.5,32,28.57,12.3,642.6,34.5,1880|3920|12496|25856|16008|16836|22812|26468|20388|21532|23968|21692|11520|15040|15172|1580|10840|18956|15012|25852|4000|20344|3956|3248|8348
2026-08-27T04:57:25.6757732-07:00,20,60,3136,24576,12.8,15.71,31.91,49.2,41,28.57,12.3,642.6,34.5,1880|3920|12496|25856|16008|16836|22812|26468|20388|21532|23968|21692|11520|15040|15172|1580|10840|18956|15012|25852|4000|20344|3956|3248|8348
2026-08-27T04:58:12.0487354-07:00,45,60,3136,24576,12.8,15.61,31.91,48.9,40,28.57,12.3,642.6,34.5,1880|3920|12496|25856|16008|16836|22812|26468|20388|21532|23968|21692|11520|15040|15172|1580|10840|18956|15012|25852|4000|20344|3956|3248|8348
2026-08-27T04:58:58.3928680-07:00,44,60,3120,24576,12.7,15.9,31.91,49.8,33,28.57,12.3,642.6,34.5,1880|3920|12496|25856|16008|16836|22812|26468|20388|21532|23968|21692|11520|15040|15172|1580|10840|18956|15012|25852|4000|20344|3956|3248|8348
2026-08-27T04:59:44.7570222-07:00,49,61,3120,24576,12.7,15.8,31.91,49.5,40,28.57,12.3,642.6,34.5,1880|3920|12496|25856|16008|16836|22812|26468|20388|21532|23968|21692|11520|15040|15172|1580|10840|18956|15012|25852|4000|20344|3956|3248|8348
2026-08-27T05:00:31.1307184-07:00,26,60,3134,24576,12.8,15.93,31.91,49.9,32,28.57,12.3,642.6,34.5,1880|3920|12496|25856|16008|16836|22812|26468|20388|21532|23968|21692|11520|15040|15172|1580|10840|18956|15012|25852|4000|20344|3956|3248|8348
2026-08-27T05:01:17.4819129-07:00,47,59,3134,24576,12.8,16.16,31.91,50.6,38,28.56,12.3,642.6,34.5,1880|3920|12496|25856|16008|16836|22812|26468|20388|21532|23968|21692|11520|15040|15172|1580|10840|18956|15012|25852|4000|20344|3956|3248|8348
2026-08-27T05:02:03.8695040-07:00,26,61,3139,24576,12.8,15.65,31.91,49,27,28.56,12.3,642.6,34.5,1880|3920|12496|25856|16008|16836|22812|26468|20388|21532|23968|21692|11520|15040|15172|1580|10840|18956|15012|25852|4000|20344|3956|3248|8348
2026-08-27T05:02:50.2367550-07:00,42,61,3139,24576,12.8,15.63,31.91,49,38,28.56,12.3,642.6,34.5,1880|3920|12496|25856|16008|16836|22812|26468|20388|21532|23968|21692|11520|15040|15172|1580|10840|18956|15012|25852|4000|20344|3956|3248|8348
2026-08-27T05:03:36.6206003-07:00,20,60,3139,24576,12.8,15.66,31.91,49.1,34,28.54,12.3,642.6,34.5,1880|3920|12496|25856|16008|16836|22812|26468|20388|21532|23968|21692|11520|15040|15172|1580|10840|18956|15012|25852|4000|20344|3956|3248|8348
2026-08-27T05:04:23.0076162-07:00,17,60,3139,24576,12.8,15.95,31.91,50,62,28.53,12.3,642.61,34.5,1880|3920|12496|25856|16008|16836|22812|26468|20388|21532|23968|21692|11520|15040|15172|1580|10840|18956|15012|25852|4000|20344|3956|3248|8348
2026-08-27T05:05:09.4137151-07:00,18,61,3139,24576,12.8,15.74,31.91,49.3,49,28.53,12.3,642.6,34.5,1880|3920|12496|25856|16008|16836|22812|26468|20388|21532|23968|21692|11520|15040|15172|1580|10840|18956|15012|25852|4000|20344|3956|3248|8348
2026-08-27T05:05:55.8181252-07:00,20,59,3139,24576,12.8,15.93,31.91,49.9,47,28.53,12.3,642.6,34.5,1880|3920|12496|25856|16008|16836|22812|26468|20388|21532|23968|21692|11520|15040|15172|1580|10840|18956|15012|25852|4000|20344|3956|3248|8348
2026-08-27T05:06:42.1691052-07:00,20,59,3139,24576,12.8,15.95,31.91,50,46,28.52,12.3,642.6,34.5,1880|3920|12496|25856|16008|16836|22812|26468|20388|21532|23968|21692|11520|15040|15172|1580|10840|18956|15012|25852|4000|20344|3956|3248|8348
2026-08-27T05:07:28.5767948-07:00,22,62,3139,24576,12.8,15.74,31.91,49.3,30,28.52,12.3,642.6,34.5,1880|3920|12496|25856|16008|16836|22812|26468|20388|21532|23968|21692|11520|15040|15172|1580|10840|18956|15012|25852|4000|20344|3956|3248|8348
2026-08-27T05:08:14.9510349-07:00,3,60,1094,24576,4.5,13.36,31.91,41.9,13,28.49,12.3,642.6,34.5,1880|3920|12496|25856|16008|16836|22812|26468|20388|21532|23968|21692|11520|15040|15172|1580|18956|25852|4000|20344|2840
2026-08-27T05:09:01.2723396-07:00,2,59,1225,24576,5,13.16,31.91,41.2,12,28.48,12.3,642.6,34.5,1880|3920|12496|25856|16008|16836|22812|26468|20388|21532|23968|21692|11520|15040|15172|1580|18956|25852|4000|20344|2840
2026-08-27T05:09:47.5606230-07:00,15,59,1039,24576,4.2,12.96,31.91,40.6,12,28.47,12.3,642.6,34.5,1880|3920|12496|25856|16008|16836|22812|26468|20388|21532|23968|21692|11520|15040|15172|1580|18956|25852|4000|20344|2840
2026-08-27T05:10:33.8284168-07:00,16,59,1037,24576,4.2,13.01,31.91,40.8,7,28.47,12.3,642.6,34.5,1880|3920|12496|25856|16008|16836|22812|26468|20388|21532|23968|21692|11520|15040|15172|1580|18956|25852|4000|20344|2840
2026-08-27T05:11:20.1048730-07:00,15,62,1389,24576,5.7,15.32,31.91,48,64,28.47,12.3,642.6,34.5,1880|3920|12496|25856|16008|16836|22812|26468|20388|21532|23968|21692|11520|15040|15172|1580|25852|4000|20344|2840|23488|28160|13976|20536
2026-08-27T05:12:06.6456913-07:00,25,61,1420,24576,5.8,16.74,31.91,52.5,73,28.46,12.3,642.6,34.5,1880|3920|12496|25856|16008|16836|22812|26468|20388|21532|23968|21692|11520|15040|15172|1580|25852|4000|20344|2840|23488|28160|13976|7700
2026-08-27T05:12:53.0024188-07:00,31,59,1555,24576,6.3,15.59,31.91,48.9,43,28.45,12.3,642.6,34.5,1880|3920|12496|25856|16008|16836|22812|26468|20388|21532|23968|21692|11520|15040|15172|1580|25852|4000|20344|2840|23488|28160|13976|7700
2026-08-27T05:13:39.3606084-07:00,7,63,1808,24576,7.4,16.2,31.91,50.8,65,28.45,12.3,642.6,34.5,1880|3920|12496|25856|16008|16836|22812|26468|20388|21532|23968|21692|11520|15040|15172|1580|25852|4000|20344|2840|23488|28160|13976|7700|26960
2026-08-27T05:14:25.7781243-07:00,44,59,3276,24576,13.3,16.69,31.91,52.3,29,28.45,12.3,642.6,34.5,1880|3920|12496|25856|16008|16836|22812|26468|20388|21532|23968|21692|11520|15040|15172|1580|25852|4000|20344|2840|23488|28160|13976|7700|26960|24336|8348
2026-08-27T05:15:12.1509803-07:00,27,61,3252,24576,13.2,16.68,31.91,52.3,51,28.45,12.3,642.6,34.5,1880|3920|12496|25856|16008|16836|22812|26468|20388|21532|23968|21692|11520|15040|15172|1580|25852|4000|20344|2840|23488|28160|13976|7700|26960|24336|8348
2026-08-27T05:15:58.5407837-07:00,36,60,2929,24576,11.9,16.41,31.91,51.4,42,28.45,12.3,642.6,34.5,1880|3920|12496|25856|16008|16836|22812|26468|20388|21532|23968|21692|11520|15040|15172|1580|25852|4000|20344|2840|23488|28160|13976|7700|26960|8348|6364
2026-08-27T05:16:44.9331779-07:00,40,60,2904,24576,11.8,16.35,31.91,51.2,26,28.45,12.3,642.6,34.5,1880|3920|12496|25856|16008|16836|22812|26468|20388|21532|23968|21692|11520|15040|15172|1580|25852|4000|20344|2840|23488|28160|26960|8348|6364
2026-08-27T05:17:31.2993433-07:00,39,61,2907,24576,11.8,16.18,31.91,50.7,47,28.45,12.3,642.6,34.5,1880|3920|12496|25856|16008|16836|22812|26468|20388|21532|23968|21692|11520|15040|15172|1580|25852|4000|20344|2840|23488|28160|26960|8348|6364
2026-08-27T05:18:17.6546086-07:00,41,60,2907,24576,11.8,16.19,31.91,50.7,41,28.45,12.3,642.6,34.5,1880|3920|12496|25856|16008|16836|22812|26468|20388|21532|23968|21692|11520|15040|15172|1580|25852|4000|20344|2840|23488|28160|26960|8348|6364
2026-08-27T05:19:04.0217802-07:00,31,61,2903,24576,11.8,16.38,31.91,51.3,42,28.46,12.3,642.6,34.5,1880|3920|12496|25856|16008|16836|22812|26468|20388|21532|23968|21692|11520|15040|15172|1580|25852|4000|20344|2840|23488|28160|26960|8348|6364
2026-08-27T05:19:50.3973781-07:00,39,60,2903,24576,11.8,16.2,31.91,50.8,59,28.46,12.3,642.6,34.5,1880|3920|12496|25856|16008|16836|22812|26468|20388|21532|23968|21692|11520|15040|15172|1580|25852|4000|20344|2840|23488|28160|26960|8348|6364
2026-08-27T05:20:36.7502710-07:00,39,60,2914,24576,11.9,16.59,31.91,52,51,28.45,12.3,642.6,34.5,1880|3920|12496|25856|16008|16836|22812|26468|20388|21532|23968|21692|11520|15040|15172|1580|25852|4000|20344|2840|23488|28160|26960|8348|6364|11316
2026-08-27T05:21:23.1410373-07:00,34,61,2900,24576,11.8,16.25,31.91,50.9,32,28.48,12.3,642.6,34.5,1880|3920|12496|25856|16008|16836|22812|26468|20388|21532|23968|21692|11520|15040|15172|1580|25852|4000|2840|23488|28160|26960|8348|6364|4008
2026-08-27T05:22:09.4941519-07:00,34,60,2900,24576,11.8,16.12,31.91,50.5,28,28.48,12.3,642.6,34.5,1880|3920|12496|25856|16008|16836|22812|26468|20388|21532|23968|21692|11520|15040|15172|1580|25852|4000|2840|23488|28160|26960|8348|6364|4008
2026-08-27T05:22:55.8630804-07:00,37,61,2899,24576,11.8,16.12,31.91,50.5,40,28.48,12.3,642.6,34.5,1880|3920|12496|25856|16008|16836|22812|26468|20388|21532|23968|21692|11520|15040|15172|1580|25852|4000|2840|23488|28160|26960|8348|6364|4008
2026-08-27T05:23:42.2046741-07:00,38,60,2900,24576,11.8,16.3,31.91,51.1,42,28.48,12.3,642.6,34.5,1880|3920|12496|25856|16008|16836|22812|26468|20388|21532|23968|21692|11520|15040|15172|1580|25852|4000|2840|23488|28160|26960|8348|6364|4008
2026-08-27T05:24:28.5956233-07:00,37,60,2897,24576,11.8,16.1,31.91,50.5,43,28.48,12.3,642.6,34.5,1880|3920|12496|25856|16008|16836|22812|26468|20388|21532|23968|21692|11520|15040|15172|1580|25852|4000|2840|23488|28160|26960|8348|6364|4008
2026-08-27T05:25:14.9617848-07:00,39,60,2900,24576,11.8,15.86,31.91,49.7,37,28.48,12.3,642.6,34.5,1880|3920|12496|25856|16008|16836|22812|26468|20388|21532|23968|21692|11520|15040|15172|1580|25852|4000|2840|23488|28160|26960|8348|6364|4008
2026-08-27T05:26:01.3245236-07:00,33,61,2888,24576,11.8,16.07,31.91,50.4,33,28.47,12.3,642.6,34.5,1880|3920|12496|25856|16008|16836|22812|26468|20388|21532|23968|21692|11520|15040|15172|1580|25852|4000|2840|23488|28160|26960|8348|6364|4008
2026-08-27T05:26:47.6919902-07:00,35,60,2891,24576,11.8,15.87,31.91,49.7,35,28.47,12.3,642.6,34.5,1880|3920|12496|25856|16008|16836|22812|26468|20388|21532|23968|21692|11520|15040|15172|1580|25852|4000|2840|23488|28160|26960|8348|6364|4008
2026-08-27T05:27:34.0447311-07:00,36,61,2893,24576,11.8,15.93,31.91,49.9,43,28.47,12.3,642.6,34.5,1880|3920|12496|25856|16008|16836|22812|26468|20388|21532|23968|21692|11520|15040|15172|1580|25852|4000|2840|23488|28160|26960|8348|6364|4008
2026-08-27T05:28:20.3912814-07:00,39,60,2896,24576,11.8,15.88,31.91,49.8,38,28.47,12.3,642.6,34.5,1880|3920|12496|25856|16008|16836|22812|26468|20388|21532|23968|21692|11520|15040|15172|1580|25852|4000|2840|23488|28160|26960|8348|6364|4008
2026-08-27T05:29:06.7497638-07:00,27,61,2899,24576,11.8,16.07,31.91,50.4,48,28.47,12.3,642.6,34.5,1880|3920|12496|25856|16008|16836|22812|26468|20388|21532|23968|21692|11520|15040|15172|1580|25852|4000|2840|23488|28160|26960|8348|6364|4008
2026-08-27T05:29:53.1163351-07:00,37,60,2918,24576,11.9,15.94,31.91,50,30,28.47,12.3,642.6,34.5,1880|3920|12496|25856|16008|16836|22812|26468|20388|21532|23968|21692|11520|15040|15172|1580|25852|4000|2840|23488|28160|26960|8348|6364|4008
2026-08-27T05:30:39.4868633-07:00,33,60,2921,24576,11.9,16.14,31.91,50.6,24,28.47,12.3,642.6,34.5,1880|3920|12496|25856|16008|16836|22812|26468|20388|21532|23968|21692|11520|15040|15172|1580|25852|4000|2840|23488|28160|26960|8348|6364|4008
2026-08-27T05:31:25.8333840-07:00,31,60,2921,24576,11.9,16.07,31.91,50.4,48,28.47,12.3,642.6,34.5,1880|3920|12496|25856|16008|16836|22812|26468|20388|21532|23968|21692|11520|15040|15172|1580|25852|4000|2840|23488|28160|26960|8348|6364|4008
2026-08-27T05:32:12.2220400-07:00,34,60,2922,24576,11.9,15.95,31.91,50,31,28.47,12.3,642.6,34.5,1880|3920|12496|25856|16008|16836|22812|26468|20388|21532|23968|21692|11520|15040|15172|1580|25852|4000|2840|23488|28160|26960|8348|6364|4008
2026-08-27T05:32:58.5884251-07:00,40,60,2922,24576,11.9,15.93,31.91,49.9,31,28.47,12.3,642.6,34.5,1880|3920|12496|25856|16008|16836|22812|26468|20388|21532|23968|21692|11520|15040|15172|1580|25852|4000|2840|23488|28160|26960|8348|6364|4008
2026-08-27T05:33:44.9496054-07:00,10,57,1168,24576,4.8,12.93,31.91,40.5,42,28.46,12.3,642.6,34.5,1880|3920|12496|25856|16008|16836|22812|26468|20388|21532|23968|21692|11520|15040|15172|1580|25852|4000|2840|23488|4008
2026-08-27T05:34:31.2962918-07:00,2,61,1072,24576,4.4,12.97,31.91,40.6,9,28.46,12.3,642.6,34.5,1880|3920|12496|25856|16008|16836|22812|26468|20388|21532|23968|21692|11520|15040|15172|1580|25852|4000|2840|23488|4008
2026-08-27T05:35:17.6443679-07:00,0,58,1031,24576,4.2,12.72,31.91,39.9,14,28.46,12.3,642.6,34.5,1880|3920|12496|25856|16008|16836|22812|26468|20388|21532|23968|21692|11520|15040|15172|1580|25852|4000|2840|23488|4008
2026-08-27T05:36:03.9444754-07:00,10,59,1160,24576,4.7,13.34,31.91,41.8,15,28.45,12.3,642.6,34.5,1880|3920|12496|25856|16008|16836|22812|26468|20388|21532|23968|21692|11520|15040|15172|1580|25852|4000|2840|23488|4008
2026-08-27T05:36:50.2673432-07:00,23,59,1290,24576,5.2,13.26,31.91,41.6,9,28.44,12.3,642.6,34.5,1880|3920|12496|25856|16008|16836|22812|26468|20388|21532|23968|21692|11520|15040|15172|1580|25852|4000|2840|23488|4008
2026-08-27T05:37:36.5742375-07:00,6,58,1280,24576,5.2,13,31.91,40.7,16,28.43,12.3,642.6,34.5,1880|3920|12496|25856|16008|16836|22812|26468|20388|21532|23968|21692|11520|15040|15172|1580|25852|4000|2840|23488|4008
2026-08-27T05:38:22.8929829-07:00,10,58,1264,24576,5.1,13.06,31.91,40.9,15,28.43,12.3,642.6,34.5,1880|3920|12496|25856|16008|16836|22812|26468|20388|21532|23968|21692|11520|15040|15172|1580|25852|4000|2840|23488|4008
2026-08-27T05:39:09.1930236-07:00,46,58,1256,24576,5.1,13.16,31.91,41.2,20,28.42,12.3,642.6,34.5,1880|3920|12496|25856|16008|16836|22812|26468|20388|21532|23968|21692|11520|15040|15172|1580|25852|4000|2840|23488|4008
2026-08-27T05:39:55.4864781-07:00,6,58,1242,24576,5.1,13.08,31.91,41,9,28.42,12.3,642.6,34.5,1880|3920|12496|25856|16008|16836|22812|26468|20388|21532|23968|21692|11520|15040|15172|1580|25852|4000|2840|23488|4008
2026-08-27T05:40:41.7530281-07:00,29,58,1242,24576,5.1,13.08,31.91,41,15,28.42,12.3,642.6,34.5,1880|3920|12496|25856|16008|16836|22812|26468|20388|21532|23968|21692|11520|15040|15172|1580|25852|4000|2840|23488|4008
2026-08-27T05:41:28.0348393-07:00,6,58,1242,24576,5.1,13.85,31.91,43.4,21,28.42,12.3,642.6,34.5,1880|3920|12496|25856|16008|16836|22812|26468|20388|21532|23968|21692|11520|15040|15172|1580|25852|4000|2840|23488|4008
2026-08-27T05:42:14.2977721-07:00,5,59,1356,24576,5.5,13.32,31.91,41.7,5,28.39,12.3,642.6,34.5,1880|3920|12496|25856|16008|16836|22812|26468|20388|21532|23968|21692|11520|15040|15172|1580|25852|4000|2840|23488|4008
2026-08-27T05:43:00.5813373-07:00,0,59,1358,24576,5.5,12.45,31.91,39,5,28.4,12.3,642.6,34.5,1880|3920|12496|25856|16008|16836|22812|26468|20388|21532|23968|21692|11520|15040|15172|1580|25852|4000|23488|4008
2026-08-27T05:43:46.8407578-07:00,4,59,1063,24576,4.3,12.38,31.91,38.8,14,28.4,12.3,642.6,34.5,1880|3920|12496|25856|16008|16836|22812|26468|20388|21532|23968|21692|11520|15040|15172|1580|25852|4000|23488|4008
2026-08-27T05:44:33.1256187-07:00,2,58,906,24576,3.7,10.91,31.91,34.2,4,28.36,12.3,642.39,34.5,1880|3920|12496|25856|16008|16836|22812|26468|20388|21532|23968|21692|11520|15040|15172|1580|23488|4008
2026-08-27T05:45:19.3700035-07:00,4,58,906,24576,3.7,10.83,31.91,33.9,0,28.36,12.3,642.39,34.5,1880|3920|12496|25856|16008|16836|22812|26468|20388|21532|23968|21692|11520|15040|15172|1580|23488|4008
2026-08-27T05:46:05.6725995-07:00,0,58,906,24576,3.7,10.77,31.91,33.8,3,28.35,12.3,642.39,34.5,1880|3920|12496|25856|16008|16836|22812|26468|20388|21532|23968|21692|11520|15040|15172|1580|23488|4008
2026-08-27T05:46:51.9212881-07:00,2,57,906,24576,3.7,10.98,31.91,34.4,5,28.34,12.2,642.39,34.5,1880|3920|12496|25856|16008|16836|22812|26468|20388|21532|23968|21692|11520|15040|15172|1580|23488|4008
2026-08-27T05:47:38.1988616-07:00,0,57,906,24576,3.7,10.98,31.91,34.4,9,28.34,12.2,642.39,34.5,1880|3920|12496|25856|16008|16836|22812|26468|20388|21532|23968|21692|11520|15040|15172|1580|23488|4008
2026-08-27T05:48:24.4822021-07:00,2,57,906,24576,3.7,10.91,31.91,34.2,4,28.29,12.2,642.39,34.5,1880|3920|12496|25856|16008|16836|22812|26468|20388|21532|23968|21692|11520|15040|15172|1580|23488|4008
2026-08-27T05:49:10.7700346-07:00,2,57,906,24576,3.7,10.91,31.91,34.2,5,28.36,12.3,642.39,34.5,1880|3920|12496|25856|16008|16836|22812|26468|20388|21532|23968|21692|11520|15040|15172|1580|23488|4008
2026-08-27T05:49:57.0268327-07:00,2,57,906,24576,3.7,10.83,31.91,33.9,7,28.32,12.2,642.39,34.5,1880|3920|12496|25856|16008|16836|22812|26468|20388|21532|23968|21692|11520|15040|15172|1580|23488|4008
2026-08-27T05:50:43.2824514-07:00,0,56,906,24576,3.7,10.75,31.91,33.7,2,28.32,12.2,642.39,34.5,1880|3920|12496|25856|16008|16836|22812|26468|20388|21532|23968|21692|11520|15040|15172|1580|23488|4008
2026-08-27T05:51:29.5290250-07:00,0,56,906,24576,3.7,10.68,31.91,33.5,0,28.32,12.2,642.39,34.5,1880|3920|12496|25856|16008|16836|22812|26468|20388|21532|23968|21692|11520|15040|15172|1580|23488|4008
2026-08-27T05:52:15.7786490-07:00,0,56,906,24576,3.7,10.66,31.91,33.4,4,28.32,12.2,642.39,34.5,1880|3920|12496|25856|16008|16836|22812|26468|20388|21532|23968|21692|11520|15040|15172|1580|23488|4008
2026-08-27T05:53:02.0191254-07:00,0,56,906,24576,3.7,10.66,31.91,33.4,6,28.32,12.2,642.39,34.5,1880|3920|12496|25856|16008|16836|22812|26468|20388|21532|23968|21692|11520|15040|15172|1580|23488|4008
2026-08-27T05:53:48.2848521-07:00,0,56,906,24576,3.7,10.65,31.91,33.4,4,28.32,12.2,642.39,34.5,1880|3920|12496|25856|16008|16836|22812|26468|20388|21532|23968|21692|11520|15040|15172|1580|23488|4008
2026-08-27T05:54:34.5117416-07:00,0,56,906,24576,3.7,10.68,31.91,33.5,1,28.31,12.2,642.39,34.5,1880|3920|12496|25856|16008|16836|22812|26468|20388|21532|23968|21692|11520|15040|15172|1580|23488|4008
2026-08-27T05:55:20.7630264-07:00,0,56,906,24576,3.7,10.66,31.91,33.4,6,28.31,12.2,642.39,34.5,1880|3920|12496|25856|16008|16836|22812|26468|20388|21532|23968|21692|11520|15040|15172|1580|23488|4008
2026-08-27T05:56:07.0020990-07:00,0,56,906,24576,3.7,10.65,31.91,33.4,7,28.31,12.2,642.39,34.5,1880|3920|12496|25856|16008|16836|22812|26468|20388|21532|23968|21692|11520|15040|15172|1580|23488|4008
2026-08-27T05:56:53.2592353-07:00,0,56,906,24576,3.7,10.64,31.91,33.3,1,28.31,12.2,642.39,34.5,1880|3920|12496|25856|16008|16836|22812|26468|20388|21532|23968|21692|11520|15040|15172|1580|23488|4008
2026-08-27T05:57:39.5066698-07:00,0,56,906,24576,3.7,10.65,31.91,33.4,4,28.31,12.2,642.39,34.5,1880|3920|12496|25856|16008|16836|22812|26468|20388|21532|23968|21692|11520|15040|15172|1580|23488|4008
2026-08-27T05:58:25.7644563-07:00,0,55,906,24576,3.7,10.64,31.91,33.3,1,28.31,12.2,642.39,34.5,1880|3920|12496|25856|16008|16836|22812|26468|20388|21532|23968|21692|11520|15040|15172|1580|23488|4008
2026-08-27T05:59:12.0077654-07:00,0,55,892,24576,3.6,10.76,31.91,33.7,8,28.31,12.2,642.39,34.5,1880|3920|12496|25856|16008|16836|22812|26468|20388|21532|23968|21692|11520|15040|15172|1580|23488|4008
2026-08-27T05:59:58.2582986-07:00,0,55,892,24576,3.6,10.64,31.91,33.3,1,28.31,12.2,642.39,34.5,1880|3920|12496|25856|16008|16836|22812|26468|20388|21532|23968|21692|11520|15040|15172|1580|23488|4008
2026-08-27T06:00:44.4873077-07:00,0,55,892,24576,3.6,10.62,31.91,33.3,2,28.31,12.2,642.39,34.5,1880|3920|12496|25856|16008|16836|22812|26468|20388|21532|23968|21692|11520|15040|15172|1580|23488|4008
2026-08-27T06:01:30.7534458-07:00,0,55,892,24576,3.6,10.61,31.91,33.2,5,28.31,12.2,642.39,34.5,1880|3920|12496|25856|16008|16836|22812|26468|20388|21532|23968|21692|11520|15040|15172|1580|23488|4008
2026-08-27T06:02:17.0155833-07:00,0,55,892,24576,3.6,10.64,31.91,33.3,0,28.31,12.2,642.39,34.5,1880|3920|12496|25856|16008|16836|22812|26468|20388|21532|23968|21692|11520|15040|15172|1580|23488|4008
2026-08-27T06:03:03.2750852-07:00,0,55,892,24576,3.6,10.64,31.91,33.3,1,28.31,12.2,642.39,34.5,1880|3920|12496|25856|16008|16836|22812|26468|20388|21532|23968|21692|11520|15040|15172|1580|23488|4008
2026-08-27T06:03:49.4968045-07:00,0,55,892,24576,3.6,10.62,31.91,33.3,7,28.31,12.2,642.39,34.5,1880|3920|12496|25856|16008|16836|22812|26468|20388|21532|23968|21692|11520|15040|15172|1580|23488|4008
2026-08-27T06:04:35.7467816-07:00,0,54,892,24576,3.6,10.65,31.91,33.4,4,28.31,12.2,642.39,34.5,1880|3920|12496|25856|16008|16836|22812|26468|20388|21532|23968|21692|11520|15040|15172|1580|23488|4008
2026-08-27T06:05:21.9856367-07:00,0,54,892,24576,3.6,10.63,31.91,33.3,2,28.31,12.2,642.39,34.5,1880|3920|12496|25856|16008|16836|22812|26468|20388|21532|23968|21692|11520|15040|15172|1580|23488|4008
2026-08-27T06:06:08.2346070-07:00,0,54,892,24576,3.6,10.63,31.91,33.3,1,28.31,12.2,642.39,34.5,1880|3920|12496|25856|16008|16836|22812|26468|20388|21532|23968|21692|11520|15040|15172|1580|23488|4008
2026-08-27T06:06:54.4770754-07:00,0,54,892,24576,3.6,10.62,31.91,33.3,1,28.31,12.2,642.39,34.5,1880|3920|12496|25856|16008|16836|22812|26468|20388|21532|23968|21692|11520|15040|15172|1580|23488|4008
2026-08-27T06:07:40.7039638-07:00,0,54,892,24576,3.6,10.62,31.91,33.3,0,28.31,12.2,642.39,34.5,1880|3920|12496|25856|16008|16836|22812|26468|20388|21532|23968|21692|11520|15040|15172|1580|23488|4008
2026-08-27T06:08:26.9628556-07:00,0,54,892,24576,3.6,10.61,31.91,33.2,2,28.31,12.2,642.39,34.5,1880|3920|12496|25856|16008|16836|22812|26468|20388|21532|23968|21692|11520|15040|15172|1580|23488|4008
2026-08-27T06:09:13.2137014-07:00,0,54,892,24576,3.6,10.61,31.91,33.2,3,28.31,12.2,642.39,34.5,1880|3920|12496|25856|16008|16836|22812|26468|20388|21532|23968|21692|11520|15040|15172|1580|23488|4008
2026-08-27T06:09:59.4553528-07:00,0,54,892,24576,3.6,10.61,31.91,33.2,1,28.31,12.2,642.39,34.5,1880|3920|12496|25856|16008|16836|22812|26468|20388|21532|23968|21692|11520|15040|15172|1580|23488|4008
2026-08-27T06:10:45.6760449-07:00,0,54,892,24576,3.6,10.61,31.91,33.2,4,28.31,12.2,642.39,34.5,1880|3920|12496|25856|16008|16836|22812|26468|20388|21532|23968|21692|11520|15040|15172|1580|23488|4008
2026-08-27T06:11:31.9242933-07:00,0,54,892,24576,3.6,10.62,31.91,33.3,3,28.31,12.2,642.39,34.5,1880|3920|12496|25856|16008|16836|22812|26468|20388|21532|23968|21692|11520|15040|15172|1580|23488|4008
2026-08-27T06:12:18.1621377-07:00,0,54,892,24576,3.6,10.61,31.91,33.2,1,28.31,12.2,642.39,34.5,1880|3920|12496|25856|16008|16836|22812|26468|20388|21532|23968|21692|11520|15040|15172|1580|23488|4008
2026-08-27T06:13:04.4058380-07:00,0,54,892,24576,3.6,10.61,31.91,33.2,2,28.31,12.2,642.39,34.5,1880|3920|12496|25856|16008|16836|22812|26468|20388|21532|23968|21692|11520|15040|15172|1580|23488|4008
2026-08-27T06:13:50.6354540-07:00,0,54,892,24576,3.6,10.6,31.91,33.2,3,28.31,12.2,642.39,34.5,1880|3920|12496|25856|16008|16836|22812|26468|20388|21532|23968|21692|11520|15040|15172|1580|23488|4008
2026-08-27T06:14:36.8882620-07:00,0,54,892,24576,3.6,10.61,31.91,33.2,15,28.31,12.2,642.39,34.5,1880|3920|12496|25856|16008|16836|22812|26468|20388|21532|23968|21692|11520|15040|15172|1580|23488|4008
2026-08-27T06:15:23.1216939-07:00,0,54,892,24576,3.6,10.64,31.91,33.3,3,28.31,12.2,642.39,34.5,1880|3920|12496|25856|16008|16836|22812|26468|20388|21532|23968|21692|11520|15040|15172|1580|23488|4008
2026-08-27T06:16:09.3706061-07:00,0,53,892,24576,3.6,10.62,31.91,33.3,2,28.31,12.2,642.39,34.5,1880|3920|12496|25856|16008|16836|22812|26468|20388|21532|23968|21692|11520|15040|15172|1580|23488|4008
2026-08-27T06:16:55.6075515-07:00,0,53,892,24576,3.6,10.61,31.91,33.2,0,28.31,12.2,642.39,34.5,1880|3920|12496|25856|16008|16836|22812|26468|20388|21532|23968|21692|11520|15040|15172|1580|23488|4008
2026-08-27T06:17:41.8577607-07:00,0,53,892,24576,3.6,10.63,31.91,33.3,1,28.31,12.2,642.39,34.5,1880|3920|12496|25856|16008|16836|22812|26468|20388|21532|23968|21692|11520|15040|15172|1580|23488|4008
2026-08-27T06:18:28.0901839-07:00,0,53,892,24576,3.6,10.62,31.91,33.3,2,28.31,12.2,642.39,34.5,1880|3920|12496|25856|16008|16836|22812|26468|20388|21532|23968|21692|11520|15040|15172|1580|23488|4008
2026-08-27T06:19:14.3224973-07:00,0,53,892,24576,3.6,10.62,31.91,33.3,3,28.31,12.2,642.39,34.5,1880|3920|12496|25856|16008|16836|22812|26468|20388|21532|23968|21692|11520|15040|15172|1580|23488|4008
2026-08-27T06:20:00.5719209-07:00,0,53,892,24576,3.6,10.63,31.91,33.3,0,28.31,12.2,642.39,34.5,1880|3920|12496|25856|16008|16836|22812|26468|20388|21532|23968|21692|11520|15040|15172|1580|23488|4008
2026-08-27T06:20:46.8113786-07:00,0,53,892,24576,3.6,10.61,31.91,33.2,0,28.31,12.2,642.39,34.5,1880|3920|12496|25856|16008|16836|22812|26468|20388|21532|23968|21692|11520|15040|15172|1580|23488|4008
2026-08-27T06:21:33.0610282-07:00,0,53,892,24576,3.6,10.61,31.91,33.2,3,28.31,12.2,642.39,34.5,1880|3920|12496|25856|16008|16836|22812|26468|20388|21532|23968|21692|11520|15040|15172|1580|23488|4008
2026-08-27T06:22:19.3028102-07:00,0,53,892,24576,3.6,10.61,31.91,33.2,3,28.31,12.2,642.39,34.5,1880|3920|12496|25856|16008|16836|22812|26468|20388|21532|23968|21692|11520|15040|15172|1580|23488|4008
2026-08-27T06:23:05.5385923-07:00,0,53,892,24576,3.6,10.6,31.91,33.2,3,28.31,12.2,642.39,34.5,1880|3920|12496|25856|16008|16836|22812|26468|20388|21532|23968|21692|11520|15040|15172|1580|23488|4008
2026-08-27T06:23:51.8054582-07:00,0,53,892,24576,3.6,10.61,31.91,33.2,1,28.31,12.2,642.39,34.5,1880|3920|12496|25856|16008|16836|22812|26468|20388|21532|23968|21692|11520|15040|15172|1580|23488|4008
2026-08-27T06:24:38.0377052-07:00,0,53,892,24576,3.6,10.61,31.91,33.2,1,28.31,12.2,642.39,34.5,1880|3920|12496|25856|16008|16836|22812|26468|20388|21532|23968|21692|11520|15040|15172|1580|23488|4008
2026-08-27T06:25:24.2921627-07:00,0,53,892,24576,3.6,10.61,31.91,33.2,0,28.31,12.2,642.39,34.5,1880|3920|12496|25856|16008|16836|22812|26468|20388|21532|23968|21692|11520|15040|15172|1580|23488|4008
2026-08-27T06:26:10.5314154-07:00,0,53,892,24576,3.6,10.61,31.91,33.2,2,28.31,12.2,642.39,34.5,1880|3920|12496|25856|16008|16836|22812|26468|20388|21532|23968|21692|11520|15040|15172|1580|23488|4008
2026-08-27T06:26:56.7703385-07:00,0,53,892,24576,3.6,10.61,31.91,33.2,1,28.31,12.2,642.39,34.5,1880|3920|12496|25856|16008|16836|22812|26468|20388|21532|23968|21692|11520|15040|15172|1580|23488|4008
2026-08-27T06:27:42.9917875-07:00,0,53,892,24576,3.6,10.61,31.91,33.2,3,28.31,12.2,642.39,34.5,1880|3920|12496|25856|16008|16836|22812|26468|20388|21532|23968|21692|11520|15040|15172|1580|23488|4008
2026-08-27T06:28:29.2477068-07:00,0,53,892,24576,3.6,10.62,31.91,33.3,4,28.31,12.2,642.39,34.5,1880|3920|12496|25856|16008|16836|22812|26468|20388|21532|23968|21692|11520|15040|15172|1580|23488|4008
2026-08-27T06:29:15.4824058-07:00,0,53,892,24576,3.6,10.62,31.91,33.3,1,28.31,12.2,642.39,34.5,1880|3920|12496|25856|16008|16836|22812|26468|20388|21532|23968|21692|11520|15040|15172|1580|23488|4008
2026-08-27T06:30:01.7212335-07:00,0,53,892,24576,3.6,10.62,31.91,33.3,1,28.31,12.2,642.39,34.5,1880|3920|12496|25856|16008|16836|22812|26468|20388|21532|23968|21692|11520|15040|15172|1580|23488|4008
2026-08-27T06:30:47.9594678-07:00,0,53,892,24576,3.6,10.62,31.91,33.3,1,28.31,12.2,642.39,34.5,1880|3920|12496|25856|16008|16836|22812|26468|20388|21532|23968|21692|11520|15040|15172|1580|23488|4008
2026-08-27T06:31:34.1973693-07:00,0,53,892,24576,3.6,10.6,31.91,33.2,4,28.31,12.2,642.39,34.5,1880|3920|12496|25856|16008|16836|22812|26468|20388|21532|23968|21692|11520|15040|15172|1580|23488|4008
2026-08-27T06:32:20.4238310-07:00,0,53,892,24576,3.6,10.61,31.91,33.2,2,28.31,12.2,642.39,34.5,1880|3920|12496|25856|16008|16836|22812|26468|20388|21532|23968|21692|11520|15040|15172|1580|23488|4008
2026-08-27T06:33:06.6795781-07:00,0,53,892,24576,3.6,10.66,31.91,33.4,2,28.31,12.2,642.39,34.5,1880|3920|12496|25856|16008|16836|22812|26468|20388|21532|23968|21692|11520|15040|15172|1580|23488|4008
2026-08-27T06:33:52.9306427-07:00,0,53,892,24576,3.6,10.62,31.91,33.3,2,28.31,12.2,642.39,34.5,1880|3920|12496|25856|16008|16836|22812|26468|20388|21532|23968|21692|11520|15040|15172|1580|23488|4008
2026-08-27T06:34:39.1840654-07:00,0,53,892,24576,3.6,10.62,31.91,33.3,8,28.31,12.2,642.39,34.5,1880|3920|12496|25856|16008|16836|22812|26468|20388|21532|23968|21692|11520|15040|15172|1580|23488|4008
2026-08-27T06:35:25.4259361-07:00,0,53,892,24576,3.6,10.62,31.91,33.3,2,28.31,12.2,642.39,34.5,1880|3920|12496|25856|16008|16836|22812|26468|20388|21532|23968|21692|11520|15040|15172|1580|23488|4008
2026-08-27T06:36:11.6887266-07:00,0,53,892,24576,3.6,10.62,31.91,33.3,2,28.31,12.2,642.39,34.5,1880|3920|12496|25856|16008|16836|22812|26468|20388|21532|23968|21692|11520|15040|15172|1580|23488|4008
2026-08-27T06:36:57.9432381-07:00,0,53,892,24576,3.6,10.62,31.91,33.3,2,28.31,12.2,642.39,34.5,1880|3920|12496|25856|16008|16836|22812|26468|20388|21532|23968|21692|11520|15040|15172|1580|23488|4008
2026-08-27T06:37:44.1865856-07:00,0,53,892,24576,3.6,10.63,31.91,33.3,1,28.31,12.2,642.39,34.5,1880|3920|12496|25856|16008|16836|22812|26468|20388|21532|23968|21692|11520|15040|15172|1580|23488|4008
2026-08-27T06:38:30.4183285-07:00,0,53,892,24576,3.6,10.62,31.91,33.3,1,28.31,12.2,642.39,34.5,1880|3920|12496|25856|16008|16836|22812|26468|20388|21532|23968|21692|11520|15040|15172|1580|23488|4008
2026-08-27T06:39:16.6628998-07:00,0,53,892,24576,3.6,10.65,31.91,33.4,1,28.24,12.2,642.39,34.5,1880|3920|12496|25856|16008|16836|22812|26468|20388|21532|23968|21692|11520|15040|15172|1580|23488|4008
2026-08-27T06:40:02.8909805-07:00,0,53,892,24576,3.6,10.78,31.91,33.8,7,27.83,12,642.39,34.5,1880|3920|12496|25856|16008|16836|22812|26468|20388|21532|23968|21692|11520|15040|15172|1580|23488|4008
2026-08-27T06:40:49.1352533-07:00,0,53,885,24576,3.6,10.82,31.91,33.9,2,27.53,11.9,642.39,34.5,1880|3920|12496|25856|16008|16836|22812|26468|20388|21532|23968|21692|11520|15040|15172|1580|23488|4008
2026-08-27T06:41:35.3758071-07:00,0,53,885,24576,3.6,10.66,31.91,33.4,1,27.53,11.9,642.39,34.5,1880|3920|12496|25856|16008|16836|22812|26468|20388|21532|23968|21692|11520|15040|15172|1580|23488|4008
2026-08-27T06:42:21.6256865-07:00,0,53,885,24576,3.6,10.65,31.91,33.4,2,27.53,11.9,642.39,34.5,1880|3920|12496|25856|16008|16836|22812|26468|20388|21532|23968|21692|11520|15040|15172|1580|23488|4008
2026-08-27T06:43:07.8754113-07:00,0,53,885,24576,3.6,10.66,31.91,33.4,0,27.53,11.9,642.39,34.5,1880|3920|12496|25856|16008|16836|22812|26468|20388|21532|23968|21692|11520|15040|15172|1580|23488|4008
2026-08-27T06:43:54.1175544-07:00,0,52,885,24576,3.6,10.64,31.91,33.3,1,27.53,11.9,642.39,34.5,1880|3920|12496|25856|16008|16836|22812|26468|20388|21532|23968|21692|11520|15040|15172|1580|23488|4008
2026-08-27T06:44:40.3516547-07:00,0,52,885,24576,3.6,10.65,31.91,33.4,5,27.53,11.9,642.39,34.5,1880|3920|12496|25856|16008|16836|22812|26468|20388|21532|23968|21692|11520|15040|15172|1580|23488|4008
2026-08-27T06:45:26.6124181-07:00,0,53,885,24576,3.6,10.65,31.91,33.4,1,27.53,11.9,642.39,34.5,1880|3920|12496|25856|16008|16836|22812|26468|20388|21532|23968|21692|11520|15040|15172|1580|23488|4008
2026-08-27T06:46:12.8535876-07:00,0,53,885,24576,3.6,10.67,31.91,33.4,0,27.53,11.9,642.39,34.5,1880|3920|12496|25856|16008|16836|22812|26468|20388|21532|23968|21692|11520|15040|15172|1580|23488|4008
2026-08-27T06:46:59.0869868-07:00,0,52,885,24576,3.6,10.65,31.91,33.4,0,27.53,11.9,642.39,34.5,1880|3920|12496|25856|16008|16836|22812|26468|20388|21532|23968|21692|11520|15040|15172|1580|23488|4008
2026-08-27T06:47:45.3542094-07:00,0,52,885,24576,3.6,10.65,31.91,33.4,2,27.53,11.9,642.39,34.5,1880|3920|12496|25856|16008|16836|22812|26468|20388|21532|23968|21692|11520|15040|15172|1580|23488|4008
2026-08-27T06:48:31.6018822-07:00,0,53,885,24576,3.6,10.64,31.91,33.3,2,27.53,11.9,642.39,34.5,1880|3920|12496|25856|16008|16836|22812|26468|20388|21532|23968|21692|11520|15040|15172|1580|23488|4008
2026-08-27T06:49:17.8514811-07:00,0,53,885,24576,3.6,10.66,31.91,33.4,0,27.53,11.9,642.39,34.5,1880|3920|12496|25856|16008|16836|22812|26468|20388|21532|23968|21692|11520|15040|15172|1580|23488|4008
2026-08-27T06:50:04.0928447-07:00,0,52,885,24576,3.6,10.74,31.91,33.7,0,27.53,11.9,642.39,34.5,1880|3920|12496|25856|16008|16836|22812|26468|20388|21532|23968|21692|11520|15040|15172|1580|23488|4008
2026-08-27T06:50:50.3660477-07:00,0,52,885,24576,3.6,10.7,31.91,33.5,1,27.53,11.9,642.39,34.5,1880|3920|12496|25856|16008|16836|22812|26468|20388|21532|23968|21692|11520|15040|15172|1580|23488|4008
2026-08-27T06:51:36.6153340-07:00,0,52,885,24576,3.6,10.7,31.91,33.5,2,27.53,11.9,642.39,34.5,1880|3920|12496|25856|16008|16836|22812|26468|20388|21532|23968|21692|11520|15040|15172|1580|23488|4008
2026-08-27T06:52:22.8548107-07:00,0,52,885,24576,3.6,10.7,31.91,33.5,0,27.53,11.9,642.39,34.5,1880|3920|12496|25856|16008|16836|22812|26468|20388|21532|23968|21692|11520|15040|15172|1580|23488|4008
2026-08-27T06:53:09.1092086-07:00,0,52,885,24576,3.6,10.69,31.91,33.5,3,27.53,11.9,642.39,34.5,1880|3920|12496|25856|16008|16836|22812|26468|20388|21532|23968|21692|11520|15040|15172|1580|23488|4008
2026-08-27T06:53:55.3510498-07:00,0,52,885,24576,3.6,10.69,31.91,33.5,0,27.53,11.9,642.39,34.5,1880|3920|12496|25856|16008|16836|22812|26468|20388|21532|23968|21692|11520|15040|15172|1580|23488|4008
2026-08-27T06:54:41.5871347-07:00,0,52,885,24576,3.6,10.69,31.91,33.5,4,27.53,11.9,642.39,34.5,1880|3920|12496|25856|16008|16836|22812|26468|20388|21532|23968|21692|11520|15040|15172|1580|23488|4008
2026-08-27T06:55:27.8365786-07:00,0,52,885,24576,3.6,10.71,31.91,33.6,2,27.53,11.9,642.39,34.5,1880|3920|12496|25856|16008|16836|22812|26468|20388|21532|23968|21692|11520|15040|15172|1580|23488|4008
2026-08-27T06:56:14.0974682-07:00,0,52,885,24576,3.6,10.66,31.91,33.4,1,27.53,11.9,642.39,34.5,1880|3920|12496|25856|16008|16836|22812|26468|20388|21532|23968|21692|11520|15040|15172|1580|23488|4008
2026-08-27T06:57:00.3545076-07:00,0,52,885,24576,3.6,10.66,31.91,33.4,2,27.53,11.9,642.39,34.5,1880|3920|12496|25856|16008|16836|22812|26468|20388|21532|23968|21692|11520|15040|15172|1580|23488|4008
2026-08-27T06:57:46.5908771-07:00,0,52,885,24576,3.6,10.67,31.91,33.4,1,27.53,11.9,642.39,34.5,1880|3920|12496|25856|16008|16836|22812|26468|20388|21532|23968|21692|11520|15040|15172|1580|23488|4008
2026-08-27T06:58:32.8451415-07:00,0,52,885,24576,3.6,10.66,31.91,33.4,2,27.53,11.9,642.39,34.5,1880|3920|12496|25856|16008|16836|22812|26468|20388|21532|23968|21692|11520|15040|15172|1580|23488|4008
2026-08-27T06:59:19.0797160-07:00,0,52,885,24576,3.6,10.67,31.91,33.4,0,27.53,11.9,642.39,34.5,1880|3920|12496|25856|16008|16836|22812|26468|20388|21532|23968|21692|11520|15040|15172|1580|23488|4008
2026-08-27T07:00:05.3259067-07:00,0,52,885,24576,3.6,10.67,31.91,33.4,3,27.53,11.9,642.39,34.5,1880|3920|12496|25856|16008|16836|22812|26468|20388|21532|23968|21692|11520|15040|15172|1580|23488|4008
2026-08-27T07:00:51.5618827-07:00,0,52,885,24576,3.6,10.69,31.91,33.5,1,27.53,11.9,642.39,34.5,1880|3920|12496|25856|16008|16836|22812|26468|20388|21532|23968|21692|11520|15040|15172|1580|23488|4008
2026-08-27T07:01:37.7986276-07:00,0,52,885,24576,3.6,10.68,31.91,33.5,4,27.53,11.9,642.39,34.5,1880|3920|12496|25856|16008|16836|22812|26468|20388|21532|23968|21692|11520|15040|15172|1580|23488|4008
2026-08-27T07:02:24.0475566-07:00,0,52,885,24576,3.6,10.68,31.91,33.5,0,27.53,11.9,642.39,34.5,1880|3920|12496|25856|16008|16836|22812|26468|20388|21532|23968|21692|11520|15040|15172|1580|23488|4008
2026-08-27T07:03:10.2928249-07:00,0,52,885,24576,3.6,10.68,31.91,33.5,3,27.53,11.9,642.39,34.5,1880|3920|12496|25856|16008|16836|22812|26468|20388|21532|23968|21692|11520|15040|15172|1580|23488|4008
2026-08-27T07:03:56.5203456-07:00,0,52,885,24576,3.6,10.68,31.91,33.5,2,27.53,11.9,642.39,34.5,1880|3920|12496|25856|16008|16836|22812|26468|20388|21532|23968|21692|11520|15040|15172|1580|23488|4008
2026-08-27T07:04:42.7677548-07:00,0,52,885,24576,3.6,10.68,31.91,33.5,2,27.53,11.9,642.39,34.5,1880|3920|12496|25856|16008|16836|22812|26468|20388|21532|23968|21692|11520|15040|15172|1580|23488|4008
2026-08-27T07:05:29.0110991-07:00,0,52,885,24576,3.6,10.67,31.91,33.4,2,27.53,11.9,642.39,34.5,1880|3920|12496|25856|16008|16836|22812|26468|20388|21532|23968|21692|11520|15040|15172|1580|23488|4008
2026-08-27T07:06:15.2540378-07:00,0,52,885,24576,3.6,10.66,31.91,33.4,1,27.53,11.9,642.39,34.5,1880|3920|12496|25856|16008|16836|22812|26468|20388|21532|23968|21692|11520|15040|15172|1580|23488|4008
2026-08-27T07:07:01.4887498-07:00,0,52,885,24576,3.6,10.66,31.91,33.4,4,27.53,11.9,642.39,34.5,1880|3920|12496|25856|16008|16836|22812|26468|20388|21532|23968|21692|11520|15040|15172|1580|23488|4008
2026-08-27T07:07:47.7413372-07:00,0,53,885,24576,3.6,10.65,31.91,33.4,2,27.53,11.9,642.39,34.5,1880|3920|12496|25856|16008|16836|22812|26468|20388|21532|23968|21692|11520|15040|15172|1580|23488|4008
2026-08-27T07:08:33.9716150-07:00,0,52,885,24576,3.6,10.65,31.91,33.4,1,27.53,11.9,642.39,34.5,1880|3920|12496|25856|16008|16836|22812|26468|20388|21532|23968|21692|11520|15040|15172|1580|23488|4008
2026-08-27T07:09:20.2084494-07:00,0,53,885,24576,3.6,10.65,31.91,33.4,2,27.53,11.9,642.39,34.5,1880|3920|12496|25856|16008|16836|22812|26468|20388|21532|23968|21692|11520|15040|15172|1580|23488|4008
2026-08-27T07:10:06.4439303-07:00,0,53,885,24576,3.6,10.66,31.91,33.4,1,27.53,11.9,642.39,34.5,1880|3920|12496|25856|16008|16836|22812|26468|20388|21532|23968|21692|11520|15040|15172|1580|23488|4008
2026-08-27T07:10:52.7018672-07:00,0,53,885,24576,3.6,10.67,31.91,33.4,2,27.53,11.9,642.39,34.5,1880|3920|12496|25856|16008|16836|22812|26468|20388|21532|23968|21692|11520|15040|15172|1580|23488|4008
2026-08-27T07:11:38.9432504-07:00,0,52,885,24576,3.6,10.66,31.91,33.4,4,27.53,11.9,642.39,34.5,1880|3920|12496|25856|16008|16836|22812|26468|20388|21532|23968|21692|11520|15040|15172|1580|23488|4008
2026-08-27T07:12:25.1902629-07:00,0,53,885,24576,3.6,10.66,31.91,33.4,4,27.53,11.9,642.39,34.5,1880|3920|12496|25856|16008|16836|22812|26468|20388|21532|23968|21692|11520|15040|15172|1580|23488|4008
2026-08-27T07:13:11.4230835-07:00,0,53,885,24576,3.6,10.66,31.91,33.4,2,27.53,11.9,642.39,34.5,1880|3920|12496|25856|16008|16836|22812|26468|20388|21532|23968|21692|11520|15040|15172|1580|23488|4008
2026-08-27T07:13:57.6611828-07:00,0,53,885,24576,3.6,10.66,31.91,33.4,0,27.53,11.9,642.39,34.5,1880|3920|12496|25856|16008|16836|22812|26468|20388|21532|23968|21692|11520|15040|15172|1580|23488|4008
2026-08-27T07:14:43.8919194-07:00,0,53,885,24576,3.6,10.67,31.91,33.4,1,27.53,11.9,642.39,34.5,1880|3920|12496|25856|16008|16836|22812|26468|20388|21532|23968|21692|11520|15040|15172|1580|23488|4008
2026-08-27T07:15:30.1341151-07:00,0,53,885,24576,3.6,10.67,31.91,33.4,0,27.53,11.9,642.39,34.5,1880|3920|12496|25856|16008|16836|22812|26468|20388|21532|23968|21692|11520|15040|15172|1580|23488|4008
2026-08-27T07:16:16.3609781-07:00,0,53,885,24576,3.6,10.67,31.91,33.4,0,27.53,11.9,642.39,34.5,1880|3920|12496|25856|16008|16836|22812|26468|20388|21532|23968|21692|11520|15040|15172|1580|23488|4008
2026-08-27T07:17:02.6178869-07:00,0,53,885,24576,3.6,10.66,31.91,33.4,2,27.53,11.9,642.39,34.5,1880|3920|12496|25856|16008|16836|22812|26468|20388|21532|23968|21692|11520|15040|15172|1580|23488|4008
2026-08-27T07:17:48.8610832-07:00,0,53,885,24576,3.6,10.7,31.91,33.5,1,27.53,11.9,642.39,34.5,1880|3920|12496|25856|16008|16836|22812|26468|20388|21532|23968|21692|11520|15040|15172|1580|23488|4008
2026-08-27T07:18:35.1188920-07:00,0,52,885,24576,3.6,10.68,31.91,33.5,1,27.53,11.9,642.39,34.5,1880|3920|12496|25856|16008|16836|22812|26468|20388|21532|23968|21692|11520|15040|15172|1580|23488|4008
2026-08-27T07:19:21.3635578-07:00,0,51,885,24576,3.6,10.68,31.91,33.5,1,27.53,11.9,642.39,34.5,1880|3920|12496|25856|16008|16836|22812|26468|20388|21532|23968|21692|11520|15040|15172|1580|23488|4008
2026-08-27T07:20:07.5882643-07:00,0,51,885,24576,3.6,10.72,31.91,33.6,1,27.53,11.9,642.39,34.5,1880|3920|12496|25856|16008|16836|22812|26468|20388|21532|23968|21692|11520|15040|15172|1580|23488|4008
2026-08-27T07:20:53.8467354-07:00,0,50,885,24576,3.6,10.69,31.91,33.5,0,27.53,11.9,642.39,34.5,1880|3920|12496|25856|16008|16836|22812|26468|20388|21532|23968|21692|11520|15040|15172|1580|23488|4008
2026-08-27T07:21:40.1194174-07:00,0,50,885,24576,3.6,10.68,31.91,33.5,2,27.53,11.9,642.39,34.5,1880|3920|12496|25856|16008|16836|22812|26468|20388|21532|23968|21692|11520|15040|15172|1580|23488|4008
2026-08-27T07:22:26.3711925-07:00,0,50,885,24576,3.6,10.68,31.91,33.5,2,27.53,11.9,642.39,34.5,1880|3920|12496|25856|16008|16836|22812|26468|20388|21532|23968|21692|11520|15040|15172|1580|23488|4008
2026-08-27T07:23:12.6144685-07:00,0,49,885,24576,3.6,10.68,31.91,33.5,2,27.53,11.9,642.39,34.5,1880|3920|12496|25856|16008|16836|22812|26468|20388|21532|23968|21692|11520|15040|15172|1580|23488|4008
2026-08-27T07:23:58.8575933-07:00,0,49,885,24576,3.6,10.68,31.91,33.5,5,27.53,11.9,642.39,34.5,1880|3920|12496|25856|16008|16836|22812|26468|20388|21532|23968|21692|11520|15040|15172|1580|23488|4008
2026-08-27T07:24:45.1007014-07:00,0,49,885,24576,3.6,10.68,31.91,33.5,1,27.53,11.9,642.39,34.5,1880|3920|12496|25856|16008|16836|22812|26468|20388|21532|23968|21692|11520|15040|15172|1580|23488|4008
2026-08-27T07:25:31.3627146-07:00,0,48,885,24576,3.6,10.71,31.91,33.6,1,27.53,11.9,642.39,34.5,1880|3920|12496|25856|16008|16836|22812|26468|20388|21532|23968|21692|11520|15040|15172|1580|23488|4008
2026-08-27T07:26:17.6020848-07:00,0,48,885,24576,3.6,10.68,31.91,33.5,0,27.53,11.9,642.39,34.5,1880|3920|12496|25856|16008|16836|22812|26468|20388|21532|23968|21692|11520|15040|15172|1580|23488|4008
2026-08-27T07:27:03.8565642-07:00,0,48,885,24576,3.6,10.69,31.91,33.5,0,27.53,11.9,642.39,34.5,1880|3920|12496|25856|16008|16836|22812|26468|20388|21532|23968|21692|11520|15040|15172|1580|23488|4008
2026-08-27T07:27:50.1012656-07:00,0,48,885,24576,3.6,10.67,31.91,33.4,3,27.53,11.9,642.39,34.5,1880|3920|12496|25856|16008|16836|22812|26468|20388|21532|23968|21692|11520|15040|15172|1580|23488|4008
2026-08-27T07:28:36.3523182-07:00,0,47,885,24576,3.6,10.72,31.91,33.6,0,27.53,11.9,642.39,34.5,1880|3920|12496|25856|16008|16836|22812|26468|20388|21532|23968|21692|11520|15040|15172|1580|23488|4008
2026-08-27T07:29:22.6072930-07:00,0,47,885,24576,3.6,10.71,31.91,33.6,3,27.53,11.9,642.39,34.5,1880|3920|12496|25856|16008|16836|22812|26468|20388|21532|23968|21692|11520|15040|15172|1580|23488|4008
2026-08-27T07:30:08.8692032-07:00,0,47,885,24576,3.6,10.69,31.91,33.5,3,27.53,11.9,642.39,34.5,1880|3920|12496|25856|16008|16836|22812|26468|20388|21532|23968|21692|11520|15040|15172|1580|23488|4008
2026-08-27T07:30:55.1084041-07:00,0,47,885,24576,3.6,10.68,31.91,33.5,0,27.53,11.9,642.39,34.5,1880|3920|12496|25856|16008|16836|22812|26468|20388|21532|23968|21692|11520|15040|15172|1580|23488|4008
2026-08-27T07:31:41.3570515-07:00,0,47,885,24576,3.6,10.67,31.91,33.4,1,27.53,11.9,642.39,34.5,1880|3920|12496|25856|16008|16836|22812|26468|20388|21532|23968|21692|11520|15040|15172|1580|23488|4008
2026-08-27T07:32:27.6027041-07:00,0,47,885,24576,3.6,10.68,31.91,33.5,2,27.53,11.9,642.39,34.5,1880|3920|12496|25856|16008|16836|22812|26468|20388|21532|23968|21692|11520|15040|15172|1580|23488|4008
2026-08-27T07:33:13.8588385-07:00,0,46,885,24576,3.6,10.68,31.91,33.5,2,27.53,11.9,642.39,34.5,1880|3920|12496|25856|16008|16836|22812|26468|20388|21532|23968|21692|11520|15040|15172|1580|23488|4008
2026-08-27T07:34:00.0855728-07:00,0,46,885,24576,3.6,10.68,31.91,33.5,3,27.53,11.9,642.39,34.5,1880|3920|12496|25856|16008|16836|22812|26468|20388|21532|23968|21692|11520|15040|15172|1580|23488|4008
2026-08-27T07:34:46.3288895-07:00,0,46,885,24576,3.6,10.67,31.91,33.4,0,27.53,11.9,642.39,34.5,1880|3920|12496|25856|16008|16836|22812|26468|20388|21532|23968|21692|11520|15040|15172|1580|23488|4008
2026-08-27T07:35:32.5885101-07:00,0,46,885,24576,3.6,10.66,31.91,33.4,2,27.53,11.9,642.39,34.5,1880|3920|12496|25856|16008|16836|22812|26468|20388|21532|23968|21692|11520|15040|15172|1580|23488|4008
2026-08-27T07:36:18.8286459-07:00,0,46,885,24576,3.6,10.65,31.91,33.4,0,27.53,11.9,642.39,34.5,1880|3920|12496|25856|16008|16836|22812|26468|20388|21532|23968|21692|11520|15040|15172|1580|23488|4008
2026-08-27T07:37:05.0916806-07:00,0,46,885,24576,3.6,10.65,31.91,33.4,1,27.53,11.9,642.39,34.5,1880|3920|12496|25856|16008|16836|22812|26468|20388|21532|23968|21692|11520|15040|15172|1580|23488|4008
2026-08-27T07:37:51.3180936-07:00,0,46,885,24576,3.6,10.66,31.91,33.4,3,27.53,11.9,642.39,34.5,1880|3920|12496|25856|16008|16836|22812|26468|20388|21532|23968|21692|11520|15040|15172|1580|23488|4008
2026-08-27T07:38:37.5534319-07:00,0,45,885,24576,3.6,10.66,31.91,33.4,1,27.53,11.9,642.39,34.5,1880|3920|12496|25856|16008|16836|22812|26468|20388|21532|23968|21692|11520|15040|15172|1580|23488|4008
2026-08-27T07:39:23.7840015-07:00,0,45,885,24576,3.6,10.65,31.91,33.4,1,27.53,11.9,642.39,34.5,1880|3920|12496|25856|16008|16836|22812|26468|20388|21532|23968|21692|11520|15040|15172|1580|23488|4008
2026-08-27T07:40:10.0274133-07:00,0,45,885,24576,3.6,10.65,31.91,33.4,0,27.53,11.9,642.39,34.5,1880|3920|12496|25856|16008|16836|22812|26468|20388|21532|23968|21692|11520|15040|15172|1580|23488|4008
2026-08-27T07:40:56.2566368-07:00,0,45,885,24576,3.6,10.65,31.91,33.4,2,27.53,11.9,642.39,34.5,1880|3920|12496|25856|16008|16836|22812|26468|20388|21532|23968|21692|11520|15040|15172|1580|23488|4008
2026-08-27T07:41:42.5210344-07:00,0,45,885,24576,3.6,10.65,31.91,33.4,2,27.53,11.9,642.39,34.5,1880|3920|12496|25856|16008|16836|22812|26468|20388|21532|23968|21692|11520|15040|15172|1580|23488|4008
2026-08-27T07:42:28.7542675-07:00,0,45,885,24576,3.6,10.65,31.91,33.4,3,27.53,11.9,642.39,34.5,1880|3920|12496|25856|16008|16836|22812|26468|20388|21532|23968|21692|11520|15040|15172|1580|23488|4008
2026-08-27T07:43:14.9901417-07:00,0,45,885,24576,3.6,10.64,31.91,33.3,0,27.53,11.9,642.39,34.5,1880|3920|12496|25856|16008|16836|22812|26468|20388|21532|23968|21692|11520|15040|15172|1580|23488|4008
2026-08-27T07:44:01.2479631-07:00,0,45,885,24576,3.6,10.65,31.91,33.4,2,27.53,11.9,642.39,34.5,1880|3920|12496|25856|16008|16836|22812|26468|20388|21532|23968|21692|11520|15040|15172|1580|23488|4008
2026-08-27T07:44:47.4999086-07:00,0,45,885,24576,3.6,10.65,31.91,33.4,3,27.53,11.9,642.39,34.5,1880|3920|12496|25856|16008|16836|22812|26468|20388|21532|23968|21692|11520|15040|15172|1580|23488|4008
2026-08-27T07:45:33.7331515-07:00,0,45,885,24576,3.6,10.65,31.91,33.4,4,27.53,11.9,642.39,34.5,1880|3920|12496|25856|16008|16836|22812|26468|20388|21532|23968|21692|11520|15040|15172|1580|23488|4008
2026-08-27T07:46:19.9732545-07:00,0,45,885,24576,3.6,10.65,31.91,33.4,0,27.53,11.9,642.39,34.5,1880|3920|12496|25856|16008|16836|22812|26468|20388|21532|23968|21692|11520|15040|15172|1580|23488|4008
2026-08-27T07:47:06.2182844-07:00,0,45,885,24576,3.6,10.65,31.91,33.4,0,27.53,11.9,642.39,34.5,1880|3920|12496|25856|16008|16836|22812|26468|20388|21532|23968|21692|11520|15040|15172|1580|23488|4008
2026-08-27T07:47:52.4560102-07:00,0,45,885,24576,3.6,10.65,31.91,33.4,1,27.53,11.9,642.39,34.5,1880|3920|12496|25856|16008|16836|22812|26468|20388|21532|23968|21692|11520|15040|15172|1580|23488|4008
2026-08-27T07:48:38.7039831-07:00,0,45,885,24576,3.6,10.65,31.91,33.4,1,27.53,11.9,642.39,34.5,1880|3920|12496|25856|16008|16836|22812|26468|20388|21532|23968|21692|11520|15040|15172|1580|23488|4008
2026-08-27T07:49:24.9548309-07:00,0,45,885,24576,3.6,10.66,31.91,33.4,3,27.53,11.9,642.39,34.5,1880|3920|12496|25856|16008|16836|22812|26468|20388|21532|23968|21692|11520|15040|15172|1580|23488|4008
2026-08-27T07:50:11.2050884-07:00,0,45,885,24576,3.6,10.69,31.91,33.5,4,27.53,11.9,642.39,34.5,1880|3920|12496|25856|16008|16836|22812|26468|20388|21532|23968|21692|11520|15040|15172|1580|23488|4008
2026-08-27T07:50:57.4648541-07:00,0,45,885,24576,3.6,10.67,31.91,33.4,3,27.53,11.9,642.39,34.5,1880|3920|12496|25856|16008|16836|22812|26468|20388|21532|23968|21692|11520|15040|15172|1580|23488|4008
2026-08-27T07:51:43.7377455-07:00,0,45,885,24576,3.6,10.67,31.91,33.4,0,27.53,11.9,642.39,34.5,1880|3920|12496|25856|16008|16836|22812|26468|20388|21532|23968|21692|11520|15040|15172|1580|23488|4008
2026-08-27T07:52:29.9913903-07:00,0,45,885,24576,3.6,10.67,31.91,33.4,2,27.53,11.9,642.39,34.5,1880|3920|12496|25856|16008|16836|22812|26468|20388|21532|23968|21692|11520|15040|15172|1580|23488|4008
2026-08-27T07:53:16.2330094-07:00,0,45,885,24576,3.6,10.67,31.91,33.4,1,27.53,11.9,642.39,34.5,1880|3920|12496|25856|16008|16836|22812|26468|20388|21532|23968|21692|11520|15040|15172|1580|23488|4008
2026-08-27T07:54:02.4909023-07:00,0,45,885,24576,3.6,10.67,31.91,33.4,2,27.53,11.9,642.39,34.5,1880|3920|12496|25856|16008|16836|22812|26468|20388|21532|23968|21692|11520|15040|15172|1580|23488|4008
2026-08-27T07:54:48.7268767-07:00,0,45,885,24576,3.6,10.67,31.91,33.4,2,27.53,11.9,642.39,34.5,1880|3920|12496|25856|16008|16836|22812|26468|20388|21532|23968|21692|11520|15040|15172|1580|23488|4008
2026-08-27T07:55:34.9771202-07:00,0,45,885,24576,3.6,10.67,31.91,33.4,6,27.53,11.9,642.39,34.5,1880|3920|12496|25856|16008|16836|22812|26468|20388|21532|23968|21692|11520|15040|15172|1580|23488|4008
2026-08-27T07:56:21.2189024-07:00,0,45,885,24576,3.6,10.66,31.91,33.4,1,27.53,11.9,642.39,34.5,1880|3920|12496|25856|16008|16836|22812|26468|20388|21532|23968|21692|11520|15040|15172|1580|23488|4008
2026-08-27T07:57:07.4668552-07:00,0,45,885,24576,3.6,10.65,31.91,33.4,0,27.53,11.9,642.39,34.5,1880|3920|12496|25856|16008|16836|22812|26468|20388|21532|23968|21692|11520|15040|15172|1580|23488|4008
2026-08-27T07:57:53.7113039-07:00,0,44,885,24576,3.6,10.65,31.91,33.4,0,27.53,11.9,642.39,34.5,1880|3920|12496|25856|16008|16836|22812|26468|20388|21532|23968|21692|11520|15040|15172|1580|23488|4008
2026-08-27T07:58:39.9719250-07:00,0,45,885,24576,3.6,10.65,31.91,33.4,2,27.53,11.9,642.39,34.5,1880|3920|12496|25856|16008|16836|22812|26468|20388|21532|23968|21692|11520|15040|15172|1580|23488|4008
2026-08-27T07:59:26.2297596-07:00,0,44,885,24576,3.6,10.65,31.91,33.4,3,27.53,11.9,642.39,34.5,1880|3920|12496|25856|16008|16836|22812|26468|20388|21532|23968|21692|11520|15040|15172|1580|23488|4008
2026-08-27T08:00:12.4910559-07:00,0,44,885,24576,3.6,10.65,31.91,33.4,3,27.53,11.9,642.39,34.5,1880|3920|12496|25856|16008|16836|22812|26468|20388|21532|23968|21692|11520|15040|15172|1580|23488|4008
2026-08-27T08:00:58.7458191-07:00,0,44,885,24576,3.6,10.65,31.91,33.4,1,27.53,11.9,642.39,34.5,1880|3920|12496|25856|16008|16836|22812|26468|20388|21532|23968|21692|11520|15040|15172|1580|23488|4008
2026-08-27T08:01:44.9794169-07:00,0,44,885,24576,3.6,10.65,31.91,33.4,1,27.53,11.9,642.39,34.5,1880|3920|12496|25856|16008|16836|22812|26468|20388|21532|23968|21692|11520|15040|15172|1580|23488|4008
2026-08-27T08:02:31.2110787-07:00,0,44,885,24576,3.6,10.75,31.91,33.7,4,27.53,11.9,642.39,34.5,1880|3920|12496|25856|16008|16836|22812|26468|20388|21532|23968|21692|11520|15040|15172|1580|23488|4008
2026-08-27T08:03:17.4658874-07:00,0,44,885,24576,3.6,10.7,31.91,33.5,3,27.53,11.9,642.39,34.5,1880|3920|12496|25856|16008|16836|22812|26468|20388|21532|23968|21692|11520|15040|15172|1580|23488|4008
2026-08-27T08:04:03.7190320-07:00,0,44,885,24576,3.6,10.69,31.91,33.5,3,27.53,11.9,642.39,34.5,1880|3920|12496|25856|16008|16836|22812|26468|20388|21532|23968|21692|11520|15040|15172|1580|23488|4008
2026-08-27T08:04:49.9609858-07:00,0,44,885,24576,3.6,10.73,31.91,33.6,1,27.53,11.9,642.39,34.5,1880|3920|12496|25856|16008|16836|22812|26468|20388|21532|23968|21692|11520|15040|15172|1580|23488|4008
2026-08-27T08:05:36.2140747-07:00,0,44,885,24576,3.6,10.71,31.91,33.6,2,27.53,11.9,642.39,34.5,1880|3920|12496|25856|16008|16836|22812|26468|20388|21532|23968|21692|11520|15040|15172|1580|23488|4008
2026-08-27T08:06:22.4825492-07:00,0,44,885,24576,3.6,10.71,31.91,33.6,2,27.53,11.9,642.39,34.5,1880|3920|12496|25856|16008|16836|22812|26468|20388|21532|23968|21692|11520|15040|15172|1580|23488|4008
2026-08-27T08:07:08.7103010-07:00,0,44,885,24576,3.6,10.71,31.91,33.6,2,27.53,11.9,642.39,34.5,1880|3920|12496|25856|16008|16836|22812|26468|20388|21532|23968|21692|11520|15040|15172|1580|23488|4008
2026-08-27T08:07:54.9702655-07:00,0,44,885,24576,3.6,10.67,31.91,33.4,3,27.53,11.9,642.39,34.5,1880|3920|12496|25856|16008|16836|22812|26468|20388|21532|23968|21692|11520|15040|15172|1580|23488|4008
2026-08-27T08:08:41.2001342-07:00,0,44,885,24576,3.6,10.67,31.91,33.4,3,27.53,11.9,642.39,34.5,1880|3920|12496|25856|16008|16836|22812|26468|20388|21532|23968|21692|11520|15040|15172|1580|23488|4008
2026-08-27T08:09:27.4548472-07:00,0,44,885,24576,3.6,10.67,31.91,33.4,2,27.53,11.9,642.39,34.5,1880|3920|12496|25856|16008|16836|22812|26468|20388|21532|23968|21692|11520|15040|15172|1580|23488|4008
2026-08-27T08:10:13.6970829-07:00,0,44,885,24576,3.6,10.67,31.91,33.4,1,27.53,11.9,642.39,34.5,1880|3920|12496|25856|16008|16836|22812|26468|20388|21532|23968|21692|11520|15040|15172|1580|23488|4008
2026-08-27T08:10:59.9361936-07:00,0,44,885,24576,3.6,10.73,31.91,33.6,1,27.53,11.9,642.39,34.5,1880|3920|12496|25856|16008|16836|22812|26468|20388|21532|23968|21692|11520|15040|15172|1580|23488|4008
2026-08-27T08:11:46.1921746-07:00,0,44,885,24576,3.6,10.69,31.91,33.5,2,27.53,11.9,642.39,34.5,1880|3920|12496|25856|16008|16836|22812|26468|20388|21532|23968|21692|11520|15040|15172|1580|23488|4008
2026-08-27T08:12:32.4489915-07:00,0,44,885,24576,3.6,10.68,31.91,33.5,1,27.53,11.9,642.39,34.5,1880|3920|12496|25856|16008|16836|22812|26468|20388|21532|23968|21692|11520|15040|15172|1580|23488|4008
2026-08-27T08:13:18.7101758-07:00,0,44,885,24576,3.6,10.7,31.91,33.5,6,27.53,11.9,642.39,34.5,1880|3920|12496|25856|16008|16836|22812|26468|20388|21532|23968|21692|11520|15040|15172|1580|23488|4008
2026-08-27T08:14:04.9540034-07:00,0,44,885,24576,3.6,10.7,31.91,33.5,3,27.53,11.9,642.39,34.5,1880|3920|12496|25856|16008|16836|22812|26468|20388|21532|23968|21692|11520|15040|15172|1580|23488|4008
2026-08-27T08:14:51.2264173-07:00,0,44,885,24576,3.6,10.69,31.91,33.5,0,27.53,11.9,642.39,34.5,1880|3920|12496|25856|16008|16836|22812|26468|20388|21532|23968|21692|11520|15040|15172|1580|23488|4008
2026-08-27T08:15:37.4536556-07:00,0,44,885,24576,3.6,10.7,31.91,33.5,0,27.53,11.9,642.39,34.5,1880|3920|12496|25856|16008|16836|22812|26468|20388|21532|23968|21692|11520|15040|15172|1580|23488|4008
2026-08-27T08:16:23.7115533-07:00,0,44,885,24576,3.6,10.67,31.91,33.4,0,27.53,11.9,642.39,34.5,1880|3920|12496|25856|16008|16836|22812|26468|20388|21532|23968|21692|11520|15040|15172|1580|23488|4008
2026-08-27T08:17:09.9474522-07:00,0,45,885,24576,3.6,10.67,31.91,33.4,3,27.53,11.9,642.39,34.5,1880|3920|12496|25856|16008|16836|22812|26468|20388|21532|23968|21692|11520|15040|15172|1580|23488|4008
2026-08-27T08:17:56.1975215-07:00,0,45,885,24576,3.6,10.67,31.91,33.4,4,27.53,11.9,642.39,34.5,1880|3920|12496|25856|16008|16836|22812|26468|20388|21532|23968|21692|11520|15040|15172|1580|23488|4008
2026-08-27T08:18:42.4338098-07:00,0,45,885,24576,3.6,10.66,31.91,33.4,3,27.53,11.9,642.39,34.5,1880|3920|12496|25856|16008|16836|22812|26468|20388|21532|23968|21692|11520|15040|15172|1580|23488|4008
2026-08-27T08:19:28.6906831-07:00,0,45,885,24576,3.6,10.68,31.91,33.5,3,27.53,11.9,642.39,34.5,1880|3920|12496|25856|16008|16836|22812|26468|20388|21532|23968|21692|11520|15040|15172|1580|23488|4008
2026-08-27T08:20:14.9293655-07:00,0,44,885,24576,3.6,10.7,31.91,33.5,3,27.53,11.9,642.39,34.5,1880|3920|12496|25856|16008|16836|22812|26468|20388|21532|23968|21692|11520|15040|15172|1580|23488|4008
2026-08-27T08:21:01.1720391-07:00,0,44,885,24576,3.6,10.69,31.91,33.5,0,27.53,11.9,642.39,34.5,1880|3920|12496|25856|16008|16836|22812|26468|20388|21532|23968|21692|11520|15040|15172|1580|23488|4008
2026-08-27T08:21:47.4434562-07:00,0,44,885,24576,3.6,10.67,31.91,33.4,5,27.53,11.9,642.39,34.5,1880|3920|12496|25856|16008|16836|22812|26468|20388|21532|23968|21692|11520|15040|15172|1580|23488|4008
2026-08-27T08:22:33.6901838-07:00,0,44,885,24576,3.6,10.68,31.91,33.5,0,27.53,11.9,642.39,34.5,1880|3920|12496|25856|16008|16836|22812|26468|20388|21532|23968|21692|11520|15040|15172|1580|23488|4008
2026-08-27T08:23:19.9280126-07:00,0,44,885,24576,3.6,10.68,31.91,33.5,3,27.53,11.9,642.39,34.5,1880|3920|12496|25856|16008|16836|22812|26468|20388|21532|23968|21692|11520|15040|15172|1580|23488|4008
2026-08-27T08:24:06.1780455-07:00,0,44,885,24576,3.6,10.66,31.91,33.4,0,27.53,11.9,642.39,34.5,1880|3920|12496|25856|16008|16836|22812|26468|20388|21532|23968|21692|11520|15040|15172|1580|23488|4008
2026-08-27T08:24:52.4080037-07:00,0,44,885,24576,3.6,10.67,31.91,33.4,2,27.53,11.9,642.39,34.5,1880|3920|12496|25856|16008|16836|22812|26468|20388|21532|23968|21692|11520|15040|15172|1580|23488|4008
2026-08-27T08:25:38.6491339-07:00,0,44,885,24576,3.6,10.69,31.91,33.5,1,27.53,11.9,642.39,34.5,1880|3920|12496|25856|16008|16836|22812|26468|20388|21532|23968|21692|11520|15040|15172|1580|23488|4008
2026-08-27T08:26:24.9037713-07:00,0,44,885,24576,3.6,10.68,31.91,33.5,1,27.53,11.9,642.39,34.5,1880|3920|12496|25856|16008|16836|22812|26468|20388|21532|23968|21692|11520|15040|15172|1580|23488|4008
2026-08-27T08:27:11.1527495-07:00,0,44,885,24576,3.6,10.68,31.91,33.5,1,27.53,11.9,642.39,34.5,1880|3920|12496|25856|16008|16836|22812|26468|20388|21532|23968|21692|11520|15040|15172|1580|23488|4008
2026-08-27T08:27:57.3993277-07:00,0,44,885,24576,3.6,10.68,31.91,33.5,1,27.53,11.9,642.39,34.5,1880|3920|12496|25856|16008|16836|22812|26468|20388|21532|23968|21692|11520|15040|15172|1580|23488|4008
2026-08-27T08:28:43.6434046-07:00,0,44,885,24576,3.6,10.67,31.91,33.4,2,27.53,11.9,642.39,34.5,1880|3920|12496|25856|16008|16836|22812|26468|20388|21532|23968|21692|11520|15040|15172|1580|23488|4008
2026-08-27T08:29:29.8855510-07:00,0,44,885,24576,3.6,10.69,31.91,33.5,1,27.53,11.9,642.39,34.5,1880|3920|12496|25856|16008|16836|22812|26468|20388|21532|23968|21692|11520|15040|15172|1580|23488|4008
2026-08-27T08:30:16.1249821-07:00,0,44,885,24576,3.6,10.67,31.91,33.4,2,27.53,11.9,642.39,34.5,1880|3920|12496|25856|16008|16836|22812|26468|20388|21532|23968|21692|11520|15040|15172|1580|23488|4008
2026-08-27T08:31:02.3615239-07:00,0,44,885,24576,3.6,10.65,31.91,33.4,0,27.53,11.9,642.39,34.5,1880|3920|12496|25856|16008|16836|22812|26468|20388|21532|23968|21692|11520|15040|15172|1580|23488|4008
2026-08-27T08:31:48.5968575-07:00,0,44,885,24576,3.6,10.71,31.91,33.6,4,27.53,11.9,642.39,34.5,1880|3920|12496|25856|16008|16836|22812|26468|20388|21532|23968|21692|11520|15040|15172|1580|23488|4008
2026-08-27T08:32:34.8268821-07:00,0,44,885,24576,3.6,10.7,31.91,33.5,2,27.53,11.9,642.39,34.5,1880|3920|12496|25856|16008|16836|22812|26468|20388|21532|23968|21692|11520|15040|15172|1580|23488|4008
2026-08-27T08:33:21.0888207-07:00,0,44,885,24576,3.6,10.69,31.91,33.5,0,27.53,11.9,642.39,34.5,1880|3920|12496|25856|16008|16836|22812|26468|20388|21532|23968|21692|11520|15040|15172|1580|23488|4008
2026-08-27T08:34:07.3388854-07:00,0,44,885,24576,3.6,10.69,31.91,33.5,0,27.53,11.9,642.39,34.5,1880|3920|12496|25856|16008|16836|22812|26468|20388|21532|23968|21692|11520|15040|15172|1580|23488|4008
2026-08-27T08:34:53.5902964-07:00,0,44,885,24576,3.6,10.7,31.91,33.5,2,27.53,11.9,642.39,34.5,1880|3920|12496|25856|16008|16836|22812|26468|20388|21532|23968|21692|11520|15040|15172|1580|23488|4008
2026-08-27T08:35:39.8266276-07:00,0,44,885,24576,3.6,10.7,31.91,33.5,2,27.53,11.9,642.39,34.5,1880|3920|12496|25856|16008|16836|22812|26468|20388|21532|23968|21692|11520|15040|15172|1580|23488|4008
2026-08-27T08:36:26.0841571-07:00,0,44,885,24576,3.6,10.69,31.91,33.5,1,27.53,11.9,642.39,34.5,1880|3920|12496|25856|16008|16836|22812|26468|20388|21532|23968|21692|11520|15040|15172|1580|23488|4008
2026-08-27T08:37:12.3192680-07:00,0,44,885,24576,3.6,10.67,31.91,33.4,2,27.53,11.9,642.39,34.5,1880|3920|12496|25856|16008|16836|22812|26468|20388|21532|23968|21692|11520|15040|15172|1580|23488|4008
2026-08-27T08:37:58.5608021-07:00,0,44,885,24576,3.6,10.68,31.91,33.5,1,27.53,11.9,642.39,34.5,1880|3920|12496|25856|16008|16836|22812|26468|20388|21532|23968|21692|11520|15040|15172|1580|23488|4008
2026-08-27T08:38:44.8118650-07:00,0,44,885,24576,3.6,10.68,31.91,33.5,3,27.53,11.9,642.39,34.5,1880|3920|12496|25856|16008|16836|22812|26468|20388|21532|23968|21692|11520|15040|15172|1580|23488|4008
2026-08-27T08:39:31.0531068-07:00,0,44,885,24576,3.6,10.68,31.91,33.5,4,27.53,11.9,642.39,34.5,1880|3920|12496|25856|16008|16836|22812|26468|20388|21532|23968|21692|11520|15040|15172|1580|23488|4008
2026-08-27T08:40:17.2777139-07:00,0,44,885,24576,3.6,10.68,31.91,33.5,3,27.53,11.9,642.39,34.5,1880|3920|12496|25856|16008|16836|22812|26468|20388|21532|23968|21692|11520|15040|15172|1580|23488|4008
2026-08-27T08:41:03.5328311-07:00,0,44,885,24576,3.6,10.68,31.91,33.5,3,27.53,11.9,642.39,34.5,1880|3920|12496|25856|16008|16836|22812|26468|20388|21532|23968|21692|11520|15040|15172|1580|23488|4008
2026-08-27T08:41:49.7659932-07:00,0,44,885,24576,3.6,10.68,31.91,33.5,0,27.53,11.9,642.39,34.5,1880|3920|12496|25856|16008|16836|22812|26468|20388|21532|23968|21692|11520|15040|15172|1580|23488|4008
2026-08-27T08:42:36.0215111-07:00,0,44,885,24576,3.6,10.68,31.91,33.5,2,27.53,11.9,642.39,34.5,1880|3920|12496|25856|16008|16836|22812|26468|20388|21532|23968|21692|11520|15040|15172|1580|23488|4008
2026-08-27T08:43:22.2636172-07:00,0,44,885,24576,3.6,10.66,31.91,33.4,1,27.53,11.9,642.39,34.5,1880|3920|12496|25856|16008|16836|22812|26468|20388|21532|23968|21692|11520|15040|15172|1580|23488|4008
2026-08-27T08:44:08.5092255-07:00,0,44,885,24576,3.6,10.66,31.91,33.4,0,27.53,11.9,642.39,34.5,1880|3920|12496|25856|16008|16836|22812|26468|20388|21532|23968|21692|11520|15040|15172|1580|23488|4008
2026-08-27T08:44:54.7478556-07:00,0,44,885,24576,3.6,10.71,31.91,33.6,1,27.53,11.9,642.39,34.5,1880|3920|12496|25856|16008|16836|22812|26468|20388|21532|23968|21692|11520|15040|15172|1580|23488|4008
2026-08-27T08:45:41.0037644-07:00,0,44,885,24576,3.6,10.69,31.91,33.5,3,27.53,11.9,642.39,34.5,1880|3920|12496|25856|16008|16836|22812|26468|20388|21532|23968|21692|11520|15040|15172|1580|23488|4008
2026-08-27T08:46:27.2534397-07:00,0,44,885,24576,3.6,10.7,31.91,33.5,2,27.53,11.9,642.39,34.5,1880|3920|12496|25856|16008|16836|22812|26468|20388|21532|23968|21692|11520|15040|15172|1580|23488|4008
2026-08-27T08:47:13.4958450-07:00,0,44,885,24576,3.6,10.68,31.91,33.5,1,27.53,11.9,642.39,34.5,1880|3920|12496|25856|16008|16836|22812|26468|20388|21532|23968|21692|11520|15040|15172|1580|23488|4008
2026-08-27T08:47:59.7308567-07:00,0,44,885,24576,3.6,10.68,31.91,33.5,1,27.53,11.9,642.39,34.5,1880|3920|12496|25856|16008|16836|22812|26468|20388|21532|23968|21692|11520|15040|15172|1580|23488|4008
2026-08-27T08:48:45.9748212-07:00,0,44,885,24576,3.6,10.68,31.91,33.5,3,27.53,11.9,642.39,34.5,1880|3920|12496|25856|16008|16836|22812|26468|20388|21532|23968|21692|11520|15040|15172|1580|23488|4008
2026-08-27T08:49:32.2170687-07:00,0,44,885,24576,3.6,10.69,31.91,33.5,0,27.53,11.9,642.39,34.5,1880|3920|12496|25856|16008|16836|22812|26468|20388|21532|23968|21692|11520|15040|15172|1580|23488|4008
2026-08-27T08:50:18.4780212-07:00,0,44,885,24576,3.6,10.67,31.91,33.4,2,27.53,11.9,642.39,34.5,1880|3920|12496|25856|16008|16836|22812|26468|20388|21532|23968|21692|11520|15040|15172|1580|23488|4008
2026-08-27T08:51:04.7123705-07:00,0,44,885,24576,3.6,10.66,31.91,33.4,1,27.53,11.9,642.39,34.5,1880|3920|12496|25856|16008|16836|22812|26468|20388|21532|23968|21692|11520|15040|15172|1580|23488|4008
2026-08-27T08:51:50.9668289-07:00,0,44,885,24576,3.6,10.7,31.91,33.5,2,27.53,11.9,642.39,34.5,1880|3920|12496|25856|16008|16836|22812|26468|20388|21532|23968|21692|11520|15040|15172|1580|23488|4008
2026-08-27T08:52:37.2093512-07:00,0,44,885,24576,3.6,10.69,31.91,33.5,4,27.53,11.9,642.39,34.5,1880|3920|12496|25856|16008|16836|22812|26468|20388|21532|23968|21692|11520|15040|15172|1580|23488|4008
2026-08-27T08:53:23.4502928-07:00,0,44,885,24576,3.6,10.68,31.91,33.5,2,27.53,11.9,642.39,34.5,1880|3920|12496|25856|16008|16836|22812|26468|20388|21532|23968|21692|11520|15040|15172|1580|23488|4008
2026-08-27T08:54:09.6952154-07:00,0,44,885,24576,3.6,10.68,31.91,33.5,3,27.53,11.9,642.39,34.5,1880|3920|12496|25856|16008|16836|22812|26468|20388|21532|23968|21692|11520|15040|15172|1580|23488|4008
2026-08-27T08:54:55.9426298-07:00,0,44,885,24576,3.6,10.68,31.91,33.5,4,27.53,11.9,642.39,34.5,1880|3920|12496|25856|16008|16836|22812|26468|20388|21532|23968|21692|11520|15040|15172|1580|23488|4008
2026-08-27T08:55:42.1785350-07:00,0,44,885,24576,3.6,10.69,31.91,33.5,4,27.53,11.9,642.39,34.5,1880|3920|12496|25856|16008|16836|22812|26468|20388|21532|23968|21692|11520|15040|15172|1580|23488|4008
2026-08-27T08:56:28.4328652-07:00,0,44,885,24576,3.6,10.68,31.91,33.5,0,27.53,11.9,642.39,34.5,1880|3920|12496|25856|16008|16836|22812|26468|20388|21532|23968|21692|11520|15040|15172|1580|23488|4008
2026-08-27T08:57:14.6780024-07:00,0,44,885,24576,3.6,10.7,31.91,33.5,0,27.53,11.9,642.39,34.5,1880|3920|12496|25856|16008|16836|22812|26468|20388|21532|23968|21692|11520|15040|15172|1580|23488|4008
2026-08-27T08:58:00.9527369-07:00,0,44,885,24576,3.6,10.71,31.91,33.6,3,27.53,11.9,642.39,34.5,1880|3920|12496|25856|16008|16836|22812|26468|20388|21532|23968|21692|11520|15040|15172|1580|23488|4008
2026-08-27T08:58:47.2027540-07:00,0,44,885,24576,3.6,10.72,31.91,33.6,2,27.53,11.9,642.39,34.5,1880|3920|12496|25856|16008|16836|22812|26468|20388|21532|23968|21692|11520|15040|15172|1580|23488|4008
2026-08-27T08:59:33.4675088-07:00,0,44,885,24576,3.6,10.69,31.91,33.5,0,27.53,11.9,642.39,34.5,1880|3920|12496|25856|16008|16836|22812|26468|20388|21532|23968|21692|11520|15040|15172|1580|23488|4008
2026-08-27T09:00:19.7073898-07:00,0,44,885,24576,3.6,10.68,31.91,33.5,0,27.53,11.9,642.39,34.5,1880|3920|12496|25856|16008|16836|22812|26468|20388|21532|23968|21692|11520|15040|15172|1580|23488|4008
2026-08-27T09:01:05.9661878-07:00,0,44,885,24576,3.6,10.69,31.91,33.5,1,27.53,11.9,642.39,34.5,1880|3920|12496|25856|16008|16836|22812|26468|20388|21532|23968|21692|11520|15040|15172|1580|23488|4008
2026-08-27T09:01:52.1972094-07:00,0,44,885,24576,3.6,10.71,31.91,33.6,1,27.53,11.9,642.39,34.5,1880|3920|12496|25856|16008|16836|22812|26468|20388|21532|23968|21692|11520|15040|15172|1580|23488|4008
2026-08-27T09:02:38.4432653-07:00,0,44,885,24576,3.6,10.68,31.91,33.5,0,27.53,11.9,642.39,34.5,1880|3920|12496|25856|16008|16836|22812|26468|20388|21532|23968|21692|11520|15040|15172|1580|23488|4008
2026-08-27T09:03:24.6747460-07:00,0,44,885,24576,3.6,10.69,31.91,33.5,0,27.53,11.9,642.39,34.5,1880|3920|12496|25856|16008|16836|22812|26468|20388|21532|23968|21692|11520|15040|15172|1580|23488|4008
2026-08-27T09:04:10.9410462-07:00,0,44,885,24576,3.6,10.69,31.91,33.5,1,27.53,11.9,642.39,34.5,1880|3920|12496|25856|16008|16836|22812|26468|20388|21532|23968|21692|11520|15040|15172|1580|23488|4008
2026-08-27T09:04:57.1812782-07:00,0,44,885,24576,3.6,10.7,31.91,33.5,1,27.53,11.9,642.39,34.5,1880|3920|12496|25856|16008|16836|22812|26468|20388|21532|23968|21692|11520|15040|15172|1580|23488|4008
2026-08-27T09:05:43.4178646-07:00,0,44,885,24576,3.6,10.68,31.91,33.5,1,27.53,11.9,642.39,34.5,1880|3920|12496|25856|16008|16836|22812|26468|20388|21532|23968|21692|11520|15040|15172|1580|23488|4008
2026-08-27T09:06:29.6500761-07:00,0,44,885,24576,3.6,10.68,31.91,33.5,1,27.53,11.9,642.39,34.5,1880|3920|12496|25856|16008|16836|22812|26468|20388|21532|23968|21692|11520|15040|15172|1580|23488|4008
2026-08-27T09:07:15.8902904-07:00,0,44,885,24576,3.6,10.69,31.91,33.5,1,27.53,11.9,642.39,34.5,1880|3920|12496|25856|16008|16836|22812|26468|20388|21532|23968|21692|11520|15040|15172|1580|23488|4008
2026-08-27T09:08:02.1246270-07:00,0,44,885,24576,3.6,10.67,31.91,33.4,1,27.53,11.9,642.39,34.5,1880|3920|12496|25856|16008|16836|22812|26468|20388|21532|23968|21692|11520|15040|15172|1580|23488|4008
2026-08-27T09:08:48.3692941-07:00,0,44,885,24576,3.6,10.66,31.91,33.4,0,27.53,11.9,642.39,34.5,1880|3920|12496|25856|16008|16836|22812|26468|20388|21532|23968|21692|11520|15040|15172|1580|23488|4008
2026-08-27T09:09:34.6050015-07:00,0,44,885,24576,3.6,10.66,31.91,33.4,1,27.53,11.9,642.39,34.5,1880|3920|12496|25856|16008|16836|22812|26468|20388|21532|23968|21692|11520|15040|15172|1580|23488|4008
2026-08-27T09:10:20.8531711-07:00,0,44,885,24576,3.6,10.74,31.91,33.7,0,27.53,11.9,642.39,34.5,1880|3920|12496|25856|16008|16836|22812|26468|20388|21532|23968|21692|11520|15040|15172|1580|23488|4008
2026-08-27T09:11:07.0871991-07:00,0,44,885,24576,3.6,10.72,31.91,33.6,2,27.53,11.9,642.39,34.5,1880|3920|12496|25856|16008|16836|22812|26468|20388|21532|23968|21692|11520|15040|15172|1580|23488|4008
2026-08-27T09:11:53.3479416-07:00,0,44,885,24576,3.6,10.72,31.91,33.6,2,27.53,11.9,642.39,34.5,1880|3920|12496|25856|16008|16836|22812|26468|20388|21532|23968|21692|11520|15040|15172|1580|23488|4008
2026-08-27T09:12:39.5888158-07:00,0,44,885,24576,3.6,10.7,31.91,33.5,2,27.53,11.9,642.39,34.5,1880|3920|12496|25856|16008|16836|22812|26468|20388|21532|23968|21692|11520|15040|15172|1580|23488|4008
2026-08-27T09:13:25.8489604-07:00,0,44,885,24576,3.6,10.77,31.91,33.8,1,27.53,11.9,642.39,34.5,1880|3920|12496|25856|16008|16836|22812|26468|20388|21532|23968|21692|11520|15040|15172|1580|23488|4008
2026-08-27T09:14:12.0878489-07:00,0,44,885,24576,3.6,10.77,31.91,33.8,1,27.53,11.9,642.39,34.5,1880|3920|12496|25856|16008|16836|22812|26468|20388|21532|23968|21692|11520|15040|15172|1580|23488|4008
2026-08-27T09:14:58.3453321-07:00,0,45,885,24576,3.6,10.73,31.91,33.6,0,27.53,11.9,642.39,34.5,1880|3920|12496|25856|16008|16836|22812|26468|20388|21532|23968|21692|11520|15040|15172|1580|23488|4008
2026-08-27T09:15:44.5855575-07:00,0,45,885,24576,3.6,10.72,31.91,33.6,2,27.53,11.9,642.39,34.5,1880|3920|12496|25856|16008|16836|22812|26468|20388|21532|23968|21692|11520|15040|15172|1580|23488|4008
2026-08-27T09:16:30.8146921-07:00,0,45,885,24576,3.6,10.72,31.91,33.6,1,27.53,11.9,642.39,34.5,1880|3920|12496|25856|16008|16836|22812|26468|20388|21532|23968|21692|11520|15040|15172|1580|23488|4008
2026-08-27T09:17:17.0644551-07:00,0,45,885,24576,3.6,10.72,31.91,33.6,0,27.53,11.9,642.39,34.5,1880|3920|12496|25856|16008|16836|22812|26468|20388|21532|23968|21692|11520|15040|15172|1580|23488|4008
2026-08-27T09:18:03.3015606-07:00,0,45,885,24576,3.6,10.72,31.91,33.6,3,27.53,11.9,642.39,34.5,1880|3920|12496|25856|16008|16836|22812|26468|20388|21532|23968|21692|11520|15040|15172|1580|23488|4008
2026-08-27T09:18:49.5400220-07:00,0,45,885,24576,3.6,10.72,31.91,33.6,3,27.53,11.9,642.39,34.5,1880|3920|12496|25856|16008|16836|22812|26468|20388|21532|23968|21692|11520|15040|15172|1580|23488|4008
2026-08-27T09:19:35.7848758-07:00,0,45,885,24576,3.6,10.71,31.91,33.6,0,27.53,11.9,642.39,34.5,1880|3920|12496|25856|16008|16836|22812|26468|20388|21532|23968|21692|11520|15040|15172|1580|23488|4008
2026-08-27T09:20:22.0357959-07:00,0,45,885,24576,3.6,10.7,31.91,33.5,3,27.53,11.9,642.39,34.5,1880|3920|12496|25856|16008|16836|22812|26468|20388|21532|23968|21692|11520|15040|15172|1580|23488|4008
2026-08-27T09:21:08.2958171-07:00,0,45,885,24576,3.6,10.69,31.91,33.5,2,27.53,11.9,642.39,34.5,1880|3920|12496|25856|16008|16836|22812|26468|20388|21532|23968|21692|11520|15040|15172|1580|23488|4008
2026-08-27T09:21:54.5397061-07:00,0,45,885,24576,3.6,10.68,31.91,33.5,1,27.53,11.9,642.39,34.5,1880|3920|12496|25856|16008|16836|22812|26468|20388|21532|23968|21692|11520|15040|15172|1580|23488|4008
2026-08-27T09:22:40.7938868-07:00,0,45,885,24576,3.6,10.67,31.91,33.4,2,27.53,11.9,642.39,34.5,1880|3920|12496|25856|16008|16836|22812|26468|20388|21532|23968|21692|11520|15040|15172|1580|23488|4008
2026-08-27T09:23:27.0371432-07:00,0,45,885,24576,3.6,10.67,31.91,33.4,4,27.53,11.9,642.39,34.5,1880|3920|12496|25856|16008|16836|22812|26468|20388|21532|23968|21692|11520|15040|15172|1580|23488|4008
2026-08-27T09:24:13.2779224-07:00,0,45,885,24576,3.6,10.67,31.91,33.4,4,27.53,11.9,642.39,34.5,1880|3920|12496|25856|16008|16836|22812|26468|20388|21532|23968|21692|11520|15040|15172|1580|23488|4008
2026-08-27T09:24:59.5160679-07:00,0,45,885,24576,3.6,10.68,31.91,33.5,0,27.53,11.9,642.39,34.5,1880|3920|12496|25856|16008|16836|22812|26468|20388|21532|23968|21692|11520|15040|15172|1580|23488|4008
2026-08-27T09:25:45.7647778-07:00,0,45,885,24576,3.6,10.68,31.91,33.5,3,27.53,11.9,642.39,34.5,1880|3920|12496|25856|16008|16836|22812|26468|20388|21532|23968|21692|11520|15040|15172|1580|23488|4008
2026-08-27T09:26:32.0113834-07:00,0,45,885,24576,3.6,10.68,31.91,33.5,2,27.53,11.9,642.39,34.5,1880|3920|12496|25856|16008|16836|22812|26468|20388|21532|23968|21692|11520|15040|15172|1580|23488|4008
2026-08-27T09:27:18.2627659-07:00,0,45,885,24576,3.6,10.7,31.91,33.5,1,27.53,11.9,642.39,34.5,1880|3920|12496|25856|16008|16836|22812|26468|20388|21532|23968|21692|11520|15040|15172|1580|23488|4008
2026-08-27T09:28:04.5890031-07:00,0,45,885,24576,3.6,10.68,31.91,33.5,0,27.53,11.9,642.39,34.5,1880|3920|12496|25856|16008|16836|22812|26468|20388|21532|23968|21692|11520|15040|15172|1580|23488|4008
2026-08-27T09:28:50.8435447-07:00,0,45,885,24576,3.6,10.68,31.91,33.5,1,27.53,11.9,642.39,34.5,1880|3920|12496|25856|16008|16836|22812|26468|20388|21532|23968|21692|11520|15040|15172|1580|23488|4008
2026-08-27T09:29:37.0686264-07:00,0,45,885,24576,3.6,10.68,31.91,33.5,1,27.53,11.9,642.39,34.5,1880|3920|12496|25856|16008|16836|22812|26468|20388|21532|23968|21692|11520|15040|15172|1580|23488|4008
2026-08-27T09:30:23.3012468-07:00,0,45,885,24576,3.6,10.68,31.91,33.5,1,27.53,11.9,642.39,34.5,1880|3920|12496|25856|16008|16836|22812|26468|20388|21532|23968|21692|11520|15040|15172|1580|23488|4008
2026-08-27T09:31:09.5485579-07:00,0,44,885,24576,3.6,10.68,31.91,33.5,5,27.53,11.9,642.39,34.5,1880|3920|12496|25856|16008|16836|22812|26468|20388|21532|23968|21692|11520|15040|15172|1580|23488|4008
2026-08-27T09:31:55.7861617-07:00,0,44,885,24576,3.6,10.68,31.91,33.5,3,27.53,11.9,642.39,34.5,1880|3920|12496|25856|16008|16836|22812|26468|20388|21532|23968|21692|11520|15040|15172|1580|23488|4008
2026-08-27T09:32:42.0315715-07:00,0,45,885,24576,3.6,10.68,31.91,33.5,2,27.53,11.9,642.39,34.5,1880|3920|12496|25856|16008|16836|22812|26468|20388|21532|23968|21692|11520|15040|15172|1580|23488|4008
2026-08-27T09:33:28.2636754-07:00,0,44,885,24576,3.6,10.67,31.91,33.4,4,27.53,11.9,642.39,34.5,1880|3920|12496|25856|16008|16836|22812|26468|20388|21532|23968|21692|11520|15040|15172|1580|23488|4008
2026-08-27T09:34:14.4869535-07:00,0,44,885,24576,3.6,10.67,31.91,33.4,0,27.53,11.9,642.39,34.5,1880|3920|12496|25856|16008|16836|22812|26468|20388|21532|23968|21692|11520|15040|15172|1580|23488|4008
2026-08-27T09:35:00.7468323-07:00,0,44,885,24576,3.6,10.75,31.91,33.7,1,27.53,11.9,642.39,34.5,1880|3920|12496|25856|16008|16836|22812|26468|20388|21532|23968|21692|11520|15040|15172|1580|23488|4008
2026-08-27T09:35:47.0043242-07:00,0,44,885,24576,3.6,10.69,31.91,33.5,1,27.53,11.9,642.39,34.5,1880|3920|12496|25856|16008|16836|22812|26468|20388|21532|23968|21692|11520|15040|15172|1580|23488|4008
2026-08-27T09:36:33.2509503-07:00,0,44,885,24576,3.6,10.69,31.91,33.5,5,27.53,11.9,642.39,34.5,1880|3920|12496|25856|16008|16836|22812|26468|20388|21532|23968|21692|11520|15040|15172|1580|23488|4008
2026-08-27T09:37:19.5038508-07:00,0,44,885,24576,3.6,10.69,31.91,33.5,4,27.53,11.9,642.39,34.5,1880|3920|12496|25856|16008|16836|22812|26468|20388|21532|23968|21692|11520|15040|15172|1580|23488|4008
2026-08-27T09:38:05.7598062-07:00,0,44,885,24576,3.6,10.69,31.91,33.5,1,27.53,11.9,642.39,34.5,1880|3920|12496|25856|16008|16836|22812|26468|20388|21532|23968|21692|11520|15040|15172|1580|23488|4008
2026-08-27T09:38:51.9937525-07:00,0,44,885,24576,3.6,10.68,31.91,33.5,1,27.53,11.9,642.39,34.5,1880|3920|12496|25856|16008|16836|22812|26468|20388|21532|23968|21692|11520|15040|15172|1580|23488|4008
2026-08-27T09:39:38.2481942-07:00,0,44,885,24576,3.6,10.68,31.91,33.5,6,27.53,11.9,642.39,34.5,1880|3920|12496|25856|16008|16836|22812|26468|20388|21532|23968|21692|11520|15040|15172|1580|23488|4008
2026-08-27T09:40:24.4961707-07:00,0,44,885,24576,3.6,10.68,31.91,33.5,1,27.53,11.9,642.39,34.5,1880|3920|12496|25856|16008|16836|22812|26468|20388|21532|23968|21692|11520|15040|15172|1580|23488|4008
2026-08-27T09:41:10.7398365-07:00,0,44,885,24576,3.6,10.68,31.91,33.5,1,27.53,11.9,642.39,34.5,1880|3920|12496|25856|16008|16836|22812|26468|20388|21532|23968|21692|11520|15040|15172|1580|23488|4008
2026-08-27T09:41:56.9802774-07:00,0,44,885,24576,3.6,10.68,31.91,33.5,3,27.53,11.9,642.39,34.5,1880|3920|12496|25856|16008|16836|22812|26468|20388|21532|23968|21692|11520|15040|15172|1580|23488|4008
2026-08-27T09:42:43.2333905-07:00,0,44,885,24576,3.6,10.68,31.91,33.5,1,27.53,11.9,642.39,34.5,1880|3920|12496|25856|16008|16836|22812|26468|20388|21532|23968|21692|11520|15040|15172|1580|23488|4008
2026-08-27T09:43:29.4628681-07:00,0,44,885,24576,3.6,10.68,31.91,33.5,3,27.53,11.9,642.39,34.5,1880|3920|12496|25856|16008|16836|22812|26468|20388|21532|23968|21692|11520|15040|15172|1580|23488|4008
2026-08-27T09:44:15.6955744-07:00,0,44,885,24576,3.6,10.69,31.91,33.5,3,27.53,11.9,642.39,34.5,1880|3920|12496|25856|16008|16836|22812|26468|20388|21532|23968|21692|11520|15040|15172|1580|23488|4008
2026-08-27T09:45:01.9416287-07:00,0,44,885,24576,3.6,10.68,31.91,33.5,1,27.53,11.9,642.39,34.5,1880|3920|12496|25856|16008|16836|22812|26468|20388|21532|23968|21692|11520|15040|15172|1580|23488|4008
2026-08-27T09:45:48.1938019-07:00,0,44,885,24576,3.6,10.68,31.91,33.5,3,27.53,11.9,642.39,34.5,1880|3920|12496|25856|16008|16836|22812|26468|20388|21532|23968|21692|11520|15040|15172|1580|23488|4008
2026-08-27T09:46:34.4327917-07:00,0,44,885,24576,3.6,10.67,31.91,33.4,3,27.53,11.9,642.39,34.5,1880|3920|12496|25856|16008|16836|22812|26468|20388|21532|23968|21692|11520|15040|15172|1580|23488|4008
2026-08-27T09:47:20.6726897-07:00,0,44,885,24576,3.6,10.68,31.91,33.5,2,27.53,11.9,642.39,34.5,1880|3920|12496|25856|16008|16836|22812|26468|20388|21532|23968|21692|11520|15040|15172|1580|23488|4008
2026-08-27T09:48:06.9312504-07:00,0,44,885,24576,3.6,10.71,31.91,33.6,2,27.53,11.9,642.39,34.5,1880|3920|12496|25856|16008|16836|22812|26468|20388|21532|23968|21692|11520|15040|15172|1580|23488|4008
2026-08-27T09:48:53.1770361-07:00,0,44,885,24576,3.6,10.69,31.91,33.5,2,27.53,11.9,642.39,34.5,1880|3920|12496|25856|16008|16836|22812|26468|20388|21532|23968|21692|11520|15040|15172|1580|23488|4008
2026-08-27T09:49:39.4086736-07:00,0,44,885,24576,3.6,10.72,31.91,33.6,1,27.53,11.9,642.39,34.5,1880|3920|12496|25856|16008|16836|22812|26468|20388|21532|23968|21692|11520|15040|15172|1580|23488|4008
2026-08-27T09:50:25.6563047-07:00,0,44,885,24576,3.6,10.71,31.91,33.6,3,27.53,11.9,642.39,34.5,1880|3920|12496|25856|16008|16836|22812|26468|20388|21532|23968|21692|11520|15040|15172|1580|23488|4008
2026-08-27T09:51:11.8945595-07:00,0,44,885,24576,3.6,10.7,31.91,33.5,2,27.53,11.9,642.39,34.5,1880|3920|12496|25856|16008|16836|22812|26468|20388|21532|23968|21692|11520|15040|15172|1580|23488|4008
2026-08-27T09:51:58.1577294-07:00,0,44,885,24576,3.6,10.7,31.91,33.5,3,27.53,11.9,642.39,34.5,1880|3920|12496|25856|16008|16836|22812|26468|20388|21532|23968|21692|11520|15040|15172|1580|23488|4008
2026-08-27T09:52:44.4023864-07:00,0,44,885,24576,3.6,10.7,31.91,33.5,5,27.53,11.9,642.39,34.5,1880|3920|12496|25856|16008|16836|22812|26468|20388|21532|23968|21692|11520|15040|15172|1580|23488|4008
2026-08-27T09:53:30.6621555-07:00,0,44,885,24576,3.6,10.7,31.91,33.5,1,27.53,11.9,642.39,34.5,1880|3920|12496|25856|16008|16836|22812|26468|20388|21532|23968|21692|11520|15040|15172|1580|23488|4008
2026-08-27T09:54:16.9149264-07:00,0,44,885,24576,3.6,10.69,31.91,33.5,2,27.53,11.9,642.39,34.5,1880|3920|12496|25856|16008|16836|22812|26468|20388|21532|23968|21692|11520|15040|15172|1580|23488|4008
2026-08-27T09:55:03.1562636-07:00,0,44,885,24576,3.6,10.69,31.91,33.5,1,27.53,11.9,642.39,34.5,1880|3920|12496|25856|16008|16836|22812|26468|20388|21532|23968|21692|11520|15040|15172|1580|23488|4008
2026-08-27T09:55:49.3902409-07:00,0,44,885,24576,3.6,10.69,31.91,33.5,1,27.53,11.9,642.39,34.5,1880|3920|12496|25856|16008|16836|22812|26468|20388|21532|23968|21692|11520|15040|15172|1580|23488|4008
2026-08-27T09:56:35.6353353-07:00,0,44,885,24576,3.6,10.69,31.91,33.5,2,27.53,11.9,642.39,34.5,1880|3920|12496|25856|16008|16836|22812|26468|20388|21532|23968|21692|11520|15040|15172|1580|23488|4008
2026-08-27T09:57:21.8743264-07:00,0,44,885,24576,3.6,10.68,31.91,33.5,3,27.53,11.9,642.39,34.5,1880|3920|12496|25856|16008|16836|22812|26468|20388|21532|23968|21692|11520|15040|15172|1580|23488|4008
2026-08-27T09:58:08.1309683-07:00,0,44,885,24576,3.6,10.68,31.91,33.5,2,27.53,11.9,642.39,34.5,1880|3920|12496|25856|16008|16836|22812|26468|20388|21532|23968|21692|11520|15040|15172|1580|23488|4008
2026-08-27T09:58:54.3730711-07:00,0,44,885,24576,3.6,10.67,31.91,33.4,2,27.53,11.9,642.39,34.5,1880|3920|12496|25856|16008|16836|22812|26468|20388|21532|23968|21692|11520|15040|15172|1580|23488|4008
2026-08-27T09:59:40.6247132-07:00,0,45,885,24576,3.6,10.67,31.91,33.4,1,27.53,11.9,642.39,34.5,1880|3920|12496|25856|16008|16836|22812|26468|20388|21532|23968|21692|11520|15040|15172|1580|23488|4008
2026-08-27T10:00:26.8558693-07:00,0,45,885,24576,3.6,10.68,31.91,33.5,0,27.53,11.9,642.39,34.5,1880|3920|12496|25856|16008|16836|22812|26468|20388|21532|23968|21692|11520|15040|15172|1580|23488|4008
2026-08-27T10:01:13.1070124-07:00,0,45,885,24576,3.6,10.67,31.91,33.4,1,27.53,11.9,642.39,34.5,1880|3920|12496|25856|16008|16836|22812|26468|20388|21532|23968|21692|11520|15040|15172|1580|23488|4008
2026-08-27T10:01:59.3492822-07:00,0,45,885,24576,3.6,10.71,31.91,33.6,3,27.53,11.9,642.39,34.5,1880|3920|12496|25856|16008|16836|22812|26468|20388|21532|23968|21692|11520|15040|15172|1580|23488|4008
2026-08-27T10:02:45.5820305-07:00,0,45,885,24576,3.6,10.7,31.91,33.5,1,27.53,11.9,642.39,34.5,1880|3920|12496|25856|16008|16836|22812|26468|20388|21532|23968|21692|11520|15040|15172|1580|23488|4008
2026-08-27T10:03:31.8266915-07:00,0,44,885,24576,3.6,10.7,31.91,33.5,0,27.53,11.9,642.39,34.5,1880|3920|12496|25856|16008|16836|22812|26468|20388|21532|23968|21692|11520|15040|15172|1580|23488|4008
2026-08-27T10:04:18.0672329-07:00,0,44,885,24576,3.6,10.7,31.91,33.5,0,27.53,11.9,642.39,34.5,1880|3920|12496|25856|16008|16836|22812|26468|20388|21532|23968|21692|11520|15040|15172|1580|23488|4008
2026-08-27T10:05:04.3260117-07:00,0,44,885,24576,3.6,10.7,31.91,33.5,0,27.53,11.9,642.39,34.5,1880|3920|12496|25856|16008|16836|22812|26468|20388|21532|23968|21692|11520|15040|15172|1580|23488|4008
2026-08-27T10:05:50.5813347-07:00,0,44,885,24576,3.6,10.7,31.91,33.5,2,27.53,11.9,642.39,34.5,1880|3920|12496|25856|16008|16836|22812|26468|20388|21532|23968|21692|11520|15040|15172|1580|23488|4008
2026-08-27T10:06:36.8025080-07:00,0,44,885,24576,3.6,10.69,31.91,33.5,3,27.53,11.9,642.39,34.5,1880|3920|12496|25856|16008|16836|22812|26468|20388|21532|23968|21692|11520|15040|15172|1580|23488|4008
2026-08-27T10:07:23.0578507-07:00,0,44,885,24576,3.6,10.69,31.91,33.5,1,27.53,11.9,642.39,34.5,1880|3920|12496|25856|16008|16836|22812|26468|20388|21532|23968|21692|11520|15040|15172|1580|23488|4008
2026-08-27T10:08:09.2844292-07:00,0,44,885,24576,3.6,10.68,31.91,33.5,0,27.53,11.9,642.39,34.5,1880|3920|12496|25856|16008|16836|22812|26468|20388|21532|23968|21692|11520|15040|15172|1580|23488|4008
2026-08-27T10:08:55.5450219-07:00,0,45,885,24576,3.6,10.68,31.91,33.5,2,27.53,11.9,642.39,34.5,1880|3920|12496|25856|16008|16836|22812|26468|20388|21532|23968|21692|11520|15040|15172|1580|23488|4008
2026-08-27T10:09:41.7774778-07:00,0,45,885,24576,3.6,10.68,31.91,33.5,1,27.53,11.9,642.39,34.5,1880|3920|12496|25856|16008|16836|22812|26468|20388|21532|23968|21692|11520|15040|15172|1580|23488|4008
2026-08-27T10:10:28.0241236-07:00,0,45,885,24576,3.6,10.69,31.91,33.5,1,27.53,11.9,642.39,34.5,1880|3920|12496|25856|16008|16836|22812|26468|20388|21532|23968|21692|11520|15040|15172|1580|23488|4008
2026-08-27T10:11:14.2624225-07:00,0,45,885,24576,3.6,10.69,31.91,33.5,3,27.53,11.9,642.39,34.5,1880|3920|12496|25856|16008|16836|22812|26468|20388|21532|23968|21692|11520|15040|15172|1580|23488|4008
2026-08-27T10:12:00.5034821-07:00,0,45,885,24576,3.6,10.7,31.91,33.5,2,27.53,11.9,642.39,34.5,1880|3920|12496|25856|16008|16836|22812|26468|20388|21532|23968|21692|11520|15040|15172|1580|23488|4008
2026-08-27T10:12:46.7565151-07:00,0,45,885,24576,3.6,10.69,31.91,33.5,1,27.53,11.9,642.39,34.5,1880|3920|12496|25856|16008|16836|22812|26468|20388|21532|23968|21692|11520|15040|15172|1580|23488|4008
2026-08-27T10:13:32.9850182-07:00,0,45,885,24576,3.6,10.68,31.91,33.5,2,27.53,11.9,642.39,34.5,1880|3920|12496|25856|16008|16836|22812|26468|20388|21532|23968|21692|11520|15040|15172|1580|23488|4008
2026-08-27T10:14:19.2325759-07:00,0,45,885,24576,3.6,10.68,31.91,33.5,2,27.53,11.9,642.39,34.5,1880|3920|12496|25856|16008|16836|22812|26468|20388|21532|23968|21692|11520|15040|15172|1580|23488|4008
2026-08-27T10:15:05.4733655-07:00,0,45,885,24576,3.6,10.68,31.91,33.5,1,27.53,11.9,642.39,34.5,1880|3920|12496|25856|16008|16836|22812|26468|20388|21532|23968|21692|11520|15040|15172|1580|23488|4008
2026-08-27T10:15:51.7119213-07:00,0,45,885,24576,3.6,10.76,31.91,33.7,1,27.53,11.9,642.39,34.5,1880|3920|12496|25856|16008|16836|22812|26468|20388|21532|23968|21692|11520|15040|15172|1580|23488|4008
2026-08-27T10:16:37.9798934-07:00,0,45,885,24576,3.6,10.75,31.91,33.7,0,27.53,11.9,642.39,34.5,1880|3920|12496|25856|16008|16836|22812|26468|20388|21532|23968|21692|11520|15040|15172|1580|23488|4008
2026-08-27T10:17:24.2292519-07:00,0,45,885,24576,3.6,10.71,31.91,33.6,0,27.53,11.9,642.39,34.5,1880|3920|12496|25856|16008|16836|22812|26468|20388|21532|23968|21692|11520|15040|15172|1580|23488|4008
2026-08-27T10:18:10.4781740-07:00,0,45,885,24576,3.6,10.71,31.91,33.6,2,27.53,11.9,642.39,34.5,1880|3920|12496|25856|16008|16836|22812|26468|20388|21532|23968|21692|11520|15040|15172|1580|23488|4008
2026-08-27T10:18:56.7018731-07:00,0,45,885,24576,3.6,10.71,31.91,33.6,0,27.53,11.9,642.39,34.5,1880|3920|12496|25856|16008|16836|22812|26468|20388|21532|23968|21692|11520|15040|15172|1580|23488|4008
2026-08-27T10:19:42.9488780-07:00,0,45,885,24576,3.6,10.72,31.91,33.6,0,27.53,11.9,642.39,34.5,1880|3920|12496|25856|16008|16836|22812|26468|20388|21532|23968|21692|11520|15040|15172|1580|23488|4008
2026-08-27T10:20:29.1856114-07:00,0,45,885,24576,3.6,10.72,31.91,33.6,2,27.53,11.9,642.39,34.5,1880|3920|12496|25856|16008|16836|22812|26468|20388|21532|23968|21692|11520|15040|15172|1580|23488|4008
2026-08-27T10:21:15.4265296-07:00,0,45,885,24576,3.6,10.72,31.91,33.6,5,27.53,11.9,642.39,34.5,1880|3920|12496|25856|16008|16836|22812|26468|20388|21532|23968|21692|11520|15040|15172|1580|23488|4008
2026-08-27T10:22:01.6879132-07:00,0,45,885,24576,3.6,10.68,31.91,33.5,1,27.53,11.9,642.39,34.5,1880|3920|12496|25856|16008|16836|22812|26468|20388|21532|23968|21692|11520|15040|15172|1580|23488|4008
2026-08-27T10:22:47.9376711-07:00,0,45,885,24576,3.6,10.68,31.91,33.5,3,27.53,11.9,642.39,34.5,1880|3920|12496|25856|16008|16836|22812|26468|20388|21532|23968|21692|11520|15040|15172|1580|23488|4008
2026-08-27T10:23:34.1806716-07:00,0,45,885,24576,3.6,10.68,31.91,33.5,4,27.53,11.9,642.39,34.5,1880|3920|12496|25856|16008|16836|22812|26468|20388|21532|23968|21692|11520|15040|15172|1580|23488|4008
2026-08-27T10:24:20.4231541-07:00,0,45,885,24576,3.6,10.69,31.91,33.5,0,27.53,11.9,642.39,34.5,1880|3920|12496|25856|16008|16836|22812|26468|20388|21532|23968|21692|11520|15040|15172|1580|23488|4008
2026-08-27T10:25:06.6598049-07:00,0,45,885,24576,3.6,10.69,31.91,33.5,1,27.53,11.9,642.39,34.5,1880|3920|12496|25856|16008|16836|22812|26468|20388|21532|23968|21692|11520|15040|15172|1580|23488|4008
2026-08-27T10:25:52.9143559-07:00,0,45,885,24576,3.6,10.69,31.91,33.5,2,27.53,11.9,642.39,34.5,1880|3920|12496|25856|16008|16836|22812|26468|20388|21532|23968|21692|11520|15040|15172|1580|23488|4008
2026-08-27T10:26:39.1455369-07:00,0,45,885,24576,3.6,10.69,31.91,33.5,3,27.53,11.9,642.39,34.5,1880|3920|12496|25856|16008|16836|22812|26468|20388|21532|23968|21692|11520|15040|15172|1580|23488|4008
2026-08-27T10:27:25.3905571-07:00,0,45,885,24576,3.6,10.69,31.91,33.5,0,27.53,11.9,642.39,34.5,1880|3920|12496|25856|16008|16836|22812|26468|20388|21532|23968|21692|11520|15040|15172|1580|23488|4008
2026-08-27T10:28:11.6405790-07:00,0,45,885,24576,3.6,10.69,31.91,33.5,0,27.53,11.9,642.39,34.5,1880|3920|12496|25856|16008|16836|22812|26468|20388|21532|23968|21692|11520|15040|15172|1580|23488|4008
2026-08-27T10:28:57.8969652-07:00,0,45,885,24576,3.6,10.7,31.91,33.5,2,27.53,11.9,642.39,34.5,1880|3920|12496|25856|16008|16836|22812|26468|20388|21532|23968|21692|11520|15040|15172|1580|23488|4008
2026-08-27T10:29:44.1494784-07:00,0,45,885,24576,3.6,10.69,31.91,33.5,6,27.53,11.9,642.39,34.5,1880|3920|12496|25856|16008|16836|22812|26468|20388|21532|23968|21692|11520|15040|15172|1580|23488|4008
2026-08-27T10:30:30.3951694-07:00,0,45,885,24576,3.6,10.69,31.91,33.5,2,27.53,11.9,642.39,34.5,1880|3920|12496|25856|16008|16836|22812|26468|20388|21532|23968|21692|11520|15040|15172|1580|23488|4008
2026-08-27T10:31:16.6305301-07:00,0,45,885,24576,3.6,10.69,31.91,33.5,1,27.53,11.9,642.39,34.5,1880|3920|12496|25856|16008|16836|22812|26468|20388|21532|23968|21692|11520|15040|15172|1580|23488|4008
2026-08-27T10:32:02.8677838-07:00,0,45,885,24576,3.6,10.69,31.91,33.5,0,27.53,11.9,642.39,34.5,1880|3920|12496|25856|16008|16836|22812|26468|20388|21532|23968|21692|11520|15040|15172|1580|23488|4008
2026-08-27T10:32:49.1037331-07:00,0,45,885,24576,3.6,10.68,31.91,33.5,0,27.53,11.9,642.39,34.5,1880|3920|12496|25856|16008|16836|22812|26468|20388|21532|23968|21692|11520|15040|15172|1580|23488|4008
2026-08-27T10:33:35.3594077-07:00,0,45,885,24576,3.6,10.68,31.91,33.5,3,27.53,11.9,642.39,34.5,1880|3920|12496|25856|16008|16836|22812|26468|20388|21532|23968|21692|11520|15040|15172|1580|23488|4008
2026-08-27T10:34:21.6078777-07:00,0,45,885,24576,3.6,10.68,31.91,33.5,0,27.53,11.9,642.39,34.5,1880|3920|12496|25856|16008|16836|22812|26468|20388|21532|23968|21692|11520|15040|15172|1580|23488|4008
2026-08-27T10:35:07.8686103-07:00,0,45,885,24576,3.6,10.75,31.91,33.7,2,27.53,11.9,642.39,34.5,1880|3920|12496|25856|16008|16836|22812|26468|20388|21532|23968|21692|11520|15040|15172|1580|23488|4008
2026-08-27T10:35:54.1108947-07:00,0,45,885,24576,3.6,10.7,31.91,33.5,0,27.53,11.9,642.39,34.5,1880|3920|12496|25856|16008|16836|22812|26468|20388|21532|23968|21692|11520|15040|15172|1580|23488|4008
2026-08-27T10:36:40.3812024-07:00,0,45,885,24576,3.6,10.69,31.91,33.5,2,27.53,11.9,642.39,34.5,1880|3920|12496|25856|16008|16836|22812|26468|20388|21532|23968|21692|11520|15040|15172|1580|23488|4008
2026-08-27T10:37:26.6122406-07:00,0,45,885,24576,3.6,10.7,31.91,33.5,3,27.53,11.9,642.39,34.5,1880|3920|12496|25856|16008|16836|22812|26468|20388|21532|23968|21692|11520|15040|15172|1580|23488|4008
2026-08-27T10:38:12.8485463-07:00,0,45,885,24576,3.6,10.7,31.91,33.5,2,27.53,11.9,642.39,34.5,1880|3920|12496|25856|16008|16836|22812|26468|20388|21532|23968|21692|11520|15040|15172|1580|23488|4008
2026-08-27T10:38:59.0963984-07:00,0,45,885,24576,3.6,10.69,31.91,33.5,1,27.53,11.9,642.39,34.5,1880|3920|12496|25856|16008|16836|22812|26468|20388|21532|23968|21692|11520|15040|15172|1580|23488|4008
2026-08-27T10:39:45.3464657-07:00,0,45,885,24576,3.6,10.69,31.91,33.5,5,27.53,11.9,642.39,34.5,1880|3920|12496|25856|16008|16836|22812|26468|20388|21532|23968|21692|11520|15040|15172|1580|23488|4008
2026-08-27T10:40:31.6024926-07:00,0,45,885,24576,3.6,10.7,31.91,33.5,1,27.53,11.9,642.39,34.5,1880|3920|12496|25856|16008|16836|22812|26468|20388|21532|23968|21692|11520|15040|15172|1580|23488|4008
2026-08-27T10:41:17.8585745-07:00,0,45,885,24576,3.6,10.7,31.91,33.5,1,27.53,11.9,642.39,34.5,1880|3920|12496|25856|16008|16836|22812|26468|20388|21532|23968|21692|11520|15040|15172|1580|23488|4008
2026-08-27T10:42:04.1028178-07:00,0,45,885,24576,3.6,10.7,31.91,33.5,2,27.53,11.9,642.39,34.5,1880|3920|12496|25856|16008|16836|22812|26468|20388|21532|23968|21692|11520|15040|15172|1580|23488|4008
2026-08-27T10:42:50.3321071-07:00,0,45,885,24576,3.6,10.71,31.91,33.6,1,27.53,11.9,642.39,34.5,1880|3920|12496|25856|16008|16836|22812|26468|20388|21532|23968|21692|11520|15040|15172|1580|23488|4008
2026-08-27T10:43:36.5777455-07:00,0,45,885,24576,3.6,10.72,31.91,33.6,1,27.53,11.9,642.39,34.5,1880|3920|12496|25856|16008|16836|22812|26468|20388|21532|23968|21692|11520|15040|15172|1580|23488|4008
2026-08-27T10:44:22.8128006-07:00,0,45,885,24576,3.6,10.72,31.91,33.6,3,27.53,11.9,642.39,34.5,1880|3920|12496|25856|16008|16836|22812|26468|20388|21532|23968|21692|11520|15040|15172|1580|23488|4008
2026-08-27T10:45:09.0472100-07:00,0,45,885,24576,3.6,10.71,31.91,33.6,0,27.53,11.9,642.39,34.5,1880|3920|12496|25856|16008|16836|22812|26468|20388|21532|23968|21692|11520|15040|15172|1580|23488|4008
2026-08-27T10:45:55.3132077-07:00,0,45,885,24576,3.6,10.7,31.91,33.5,2,27.53,11.9,642.39,34.5,1880|3920|12496|25856|16008|16836|22812|26468|20388|21532|23968|21692|11520|15040|15172|1580|23488|4008
2026-08-27T10:46:41.5510147-07:00,0,45,885,24576,3.6,10.7,31.91,33.5,1,27.53,11.9,642.39,34.5,1880|3920|12496|25856|16008|16836|22812|26468|20388|21532|23968|21692|11520|15040|15172|1580|23488|4008
2026-08-27T10:47:27.8012475-07:00,0,45,885,24576,3.6,10.7,31.91,33.5,2,27.53,11.9,642.39,34.5,1880|3920|12496|25856|16008|16836|22812|26468|20388|21532|23968|21692|11520|15040|15172|1580|23488|4008
2026-08-27T10:48:14.0197364-07:00,0,45,885,24576,3.6,10.7,31.91,33.5,1,27.53,11.9,642.39,34.5,1880|3920|12496|25856|16008|16836|22812|26468|20388|21532|23968|21692|11520|15040|15172|1580|23488|4008
2026-08-27T10:49:00.2648412-07:00,0,45,885,24576,3.6,10.71,31.91,33.6,3,27.53,11.9,642.39,34.5,1880|3920|12496|25856|16008|16836|22812|26468|20388|21532|23968|21692|11520|15040|15172|1580|23488|4008
2026-08-27T10:49:46.5231096-07:00,0,45,885,24576,3.6,10.73,31.91,33.6,3,27.53,11.9,642.39,34.5,1880|3920|12496|25856|16008|16836|22812|26468|20388|21532|23968|21692|11520|15040|15172|1580|23488|4008
2026-08-27T10:50:32.7952514-07:00,0,45,885,24576,3.6,10.71,31.91,33.6,0,27.53,11.9,642.39,34.5,1880|3920|12496|25856|16008|16836|22812|26468|20388|21532|23968|21692|11520|15040|15172|1580|23488|4008
2026-08-27T10:51:19.0632423-07:00,0,45,885,24576,3.6,10.69,31.91,33.5,3,27.53,11.9,642.39,34.5,1880|3920|12496|25856|16008|16836|22812|26468|20388|21532|23968|21692|11520|15040|15172|1580|23488|4008
2026-08-27T10:52:05.3239594-07:00,0,45,885,24576,3.6,10.68,31.91,33.5,1,27.53,11.9,642.39,34.5,1880|3920|12496|25856|16008|16836|22812|26468|20388|21532|23968|21692|11520|15040|15172|1580|23488|4008
2026-08-27T10:52:51.5728328-07:00,0,44,885,24576,3.6,10.67,31.91,33.4,0,27.53,11.9,642.39,34.5,1880|3920|12496|25856|16008|16836|22812|26468|20388|21532|23968|21692|11520|15040|15172|1580|23488|4008
2026-08-27T10:53:37.8255633-07:00,0,44,885,24576,3.6,10.67,31.91,33.4,0,27.53,11.9,642.39,34.5,1880|3920|12496|25856|16008|16836|22812|26468|20388|21532|23968|21692|11520|15040|15172|1580|23488|4008
2026-08-27T10:54:24.0863397-07:00,0,44,885,24576,3.6,10.67,31.91,33.4,0,27.53,11.9,642.39,34.5,1880|3920|12496|25856|16008|16836|22812|26468|20388|21532|23968|21692|11520|15040|15172|1580|23488|4008
2026-08-27T10:55:10.3268124-07:00,0,45,885,24576,3.6,10.66,31.91,33.4,0,27.53,11.9,642.39,34.5,1880|3920|12496|25856|16008|16836|22812|26468|20388|21532|23968|21692|11520|15040|15172|1580|23488|4008
2026-08-27T10:55:56.5796726-07:00,0,45,885,24576,3.6,10.66,31.91,33.4,2,27.53,11.9,642.39,34.5,1880|3920|12496|25856|16008|16836|22812|26468|20388|21532|23968|21692|11520|15040|15172|1580|23488|4008
2026-08-27T10:56:42.8315265-07:00,0,45,885,24576,3.6,10.67,31.91,33.4,1,27.53,11.9,642.39,34.5,1880|3920|12496|25856|16008|16836|22812|26468|20388|21532|23968|21692|11520|15040|15172|1580|23488|4008
2026-08-27T10:57:29.0890220-07:00,0,45,885,24576,3.6,10.65,31.91,33.4,3,27.53,11.9,642.39,34.5,1880|3920|12496|25856|16008|16836|22812|26468|20388|21532|23968|21692|11520|15040|15172|1580|23488|4008
2026-08-27T10:58:15.3159197-07:00,0,45,885,24576,3.6,10.65,31.91,33.4,2,27.53,11.9,642.39,34.5,1880|3920|12496|25856|16008|16836|22812|26468|20388|21532|23968|21692|11520|15040|15172|1580|23488|4008
2026-08-27T10:59:01.5737546-07:00,0,45,885,24576,3.6,10.65,31.91,33.4,1,27.53,11.9,642.39,34.5,1880|3920|12496|25856|16008|16836|22812|26468|20388|21532|23968|21692|11520|15040|15172|1580|23488|4008
2026-08-27T10:59:47.8032839-07:00,0,45,885,24576,3.6,10.62,31.91,33.3,1,27.53,11.9,642.39,34.5,1880|3920|12496|25856|16008|16836|22812|26468|20388|21532|23968|21692|11520|15040|15172|1580|23488|4008
2026-08-27T11:00:34.0585742-07:00,0,45,885,24576,3.6,10.63,31.91,33.3,2,27.53,11.9,642.39,34.5,1880|3920|12496|25856|16008|16836|22812|26468|20388|21532|23968|21692|11520|15040|15172|1580|23488|4008
2026-08-27T11:01:20.3078187-07:00,0,45,885,24576,3.6,10.63,31.91,33.3,0,27.53,11.9,642.39,34.5,1880|3920|12496|25856|16008|16836|22812|26468|20388|21532|23968|21692|11520|15040|15172|1580|23488|4008
2026-08-27T11:02:06.5698986-07:00,0,45,885,24576,3.6,10.66,31.91,33.4,3,27.53,11.9,642.39,34.5,1880|3920|12496|25856|16008|16836|22812|26468|20388|21532|23968|21692|11520|15040|15172|1580|23488|4008
2026-08-27T11:02:52.7995220-07:00,0,45,885,24576,3.6,10.66,31.91,33.4,0,27.53,11.9,642.39,34.5,1880|3920|12496|25856|16008|16836|22812|26468|20388|21532|23968|21692|11520|15040|15172|1580|23488|4008
2026-08-27T11:03:39.0462150-07:00,0,45,885,24576,3.6,10.65,31.91,33.4,1,27.53,11.9,642.39,34.5,1880|3920|12496|25856|16008|16836|22812|26468|20388|21532|23968|21692|11520|15040|15172|1580|23488|4008
2026-08-27T11:04:25.2715741-07:00,0,45,885,24576,3.6,10.65,31.91,33.4,1,27.53,11.9,642.39,34.5,1880|3920|12496|25856|16008|16836|22812|26468|20388|21532|23968|21692|11520|15040|15172|1580|23488|4008
2026-08-27T11:05:11.5348432-07:00,0,45,885,24576,3.6,10.67,31.91,33.4,1,27.53,11.9,642.39,34.5,1880|3920|12496|25856|16008|16836|22812|26468|20388|21532|23968|21692|11520|15040|15172|1580|23488|4008
2026-08-27T11:05:57.7789919-07:00,0,45,885,24576,3.6,10.65,31.91,33.4,0,27.53,11.9,642.39,34.5,1880|3920|12496|25856|16008|16836|22812|26468|20388|21532|23968|21692|11520|15040|15172|1580|23488|4008
2026-08-27T11:06:44.0159113-07:00,0,45,885,24576,3.6,10.66,31.91,33.4,2,27.53,11.9,642.39,34.5,1880|3920|12496|25856|16008|16836|22812|26468|20388|21532|23968|21692|11520|15040|15172|1580|23488|4008
2026-08-27T11:07:30.2409568-07:00,0,45,885,24576,3.6,10.65,31.91,33.4,4,27.53,11.9,642.39,34.5,1880|3920|12496|25856|16008|16836|22812|26468|20388|21532|23968|21692|11520|15040|15172|1580|23488|4008
2026-08-27T11:08:16.4855222-07:00,0,45,885,24576,3.6,10.64,31.91,33.3,3,27.53,11.9,642.39,34.5,1880|3920|12496|25856|16008|16836|22812|26468|20388|21532|23968|21692|11520|15040|15172|1580|23488|4008
2026-08-27T11:09:02.7285788-07:00,0,45,885,24576,3.6,10.64,31.91,33.3,5,27.53,11.9,642.39,34.5,1880|3920|12496|25856|16008|16836|22812|26468|20388|21532|23968|21692|11520|15040|15172|1580|23488|4008
2026-08-27T11:09:48.9827376-07:00,0,45,885,24576,3.6,10.64,31.91,33.3,2,27.53,11.9,642.39,34.5,1880|3920|12496|25856|16008|16836|22812|26468|20388|21532|23968|21692|11520|15040|15172|1580|23488|4008
2026-08-27T11:10:35.2325299-07:00,0,45,885,24576,3.6,10.64,31.91,33.3,1,27.53,11.9,642.39,34.5,1880|3920|12496|25856|16008|16836|22812|26468|20388|21532|23968|21692|11520|15040|15172|1580|23488|4008
2026-08-27T11:11:21.4827062-07:00,0,45,885,24576,3.6,10.65,31.91,33.4,0,27.53,11.9,642.39,34.5,1880|3920|12496|25856|16008|16836|22812|26468|20388|21532|23968|21692|11520|15040|15172|1580|23488|4008
2026-08-27T11:12:07.7399390-07:00,0,45,885,24576,3.6,10.65,31.91,33.4,3,27.53,11.9,642.39,34.5,1880|3920|12496|25856|16008|16836|22812|26468|20388|21532|23968|21692|11520|15040|15172|1580|23488|4008
2026-08-27T11:12:53.9771696-07:00,0,45,885,24576,3.6,10.65,31.91,33.4,0,27.53,11.9,642.39,34.5,1880|3920|12496|25856|16008|16836|22812|26468|20388|21532|23968|21692|11520|15040|15172|1580|23488|4008
2026-08-27T11:13:40.2007146-07:00,0,45,885,24576,3.6,10.65,31.91,33.4,1,27.53,11.9,642.39,34.5,1880|3920|12496|25856|16008|16836|22812|26468|20388|21532|23968|21692|11520|15040|15172|1580|23488|4008
2026-08-27T11:14:26.4316192-07:00,0,45,885,24576,3.6,10.65,31.91,33.4,0,27.53,11.9,642.39,34.5,1880|3920|12496|25856|16008|16836|22812|26468|20388|21532|23968|21692|11520|15040|15172|1580|23488|4008
2026-08-27T11:15:12.6806739-07:00,0,45,885,24576,3.6,10.65,31.91,33.4,4,27.53,11.9,642.39,34.5,1880|3920|12496|25856|16008|16836|22812|26468|20388|21532|23968|21692|11520|15040|15172|1580|23488|4008
2026-08-27T11:15:58.9367900-07:00,0,45,885,24576,3.6,10.65,31.91,33.4,2,27.53,11.9,642.39,34.5,1880|3920|12496|25856|16008|16836|22812|26468|20388|21532|23968|21692|11520|15040|15172|1580|23488|4008
2026-08-27T11:16:45.1878417-07:00,0,45,885,24576,3.6,10.65,31.91,33.4,1,27.53,11.9,642.39,34.5,1880|3920|12496|25856|16008|16836|22812|26468|20388|21532|23968|21692|11520|15040|15172|1580|23488|4008
2026-08-27T11:17:31.4326097-07:00,0,45,885,24576,3.6,10.66,31.91,33.4,0,27.53,11.9,642.39,34.5,1880|3920|12496|25856|16008|16836|22812|26468|20388|21532|23968|21692|11520|15040|15172|1580|23488|4008
2026-08-27T11:18:17.6722243-07:00,0,45,885,24576,3.6,10.66,31.91,33.4,0,27.53,11.9,642.39,34.5,1880|3920|12496|25856|16008|16836|22812|26468|20388|21532|23968|21692|11520|15040|15172|1580|23488|4008
2026-08-27T11:19:03.9095622-07:00,0,45,885,24576,3.6,10.66,31.91,33.4,2,27.53,11.9,642.39,34.5,1880|3920|12496|25856|16008|16836|22812|26468|20388|21532|23968|21692|11520|15040|15172|1580|23488|4008
2026-08-27T11:19:50.1592485-07:00,0,45,885,24576,3.6,10.77,31.91,33.8,2,27.53,11.9,642.39,34.5,1880|3920|12496|25856|16008|16836|22812|26468|20388|21532|23968|21692|11520|15040|15172|1580|23488|4008
2026-08-27T11:20:36.4297809-07:00,0,45,885,24576,3.6,10.75,31.91,33.7,0,27.53,11.9,642.39,34.5,1880|3920|12496|25856|16008|16836|22812|26468|20388|21532|23968|21692|11520|15040|15172|1580|23488|4008
2026-08-27T11:21:25.4226797-07:00,0,45,885,24576,3.6,10.71,31.91,33.6,2,27.53,11.9,642.39,34.5,1880|3920|12496|25856|16008|16836|22812|26468|20388|21532|23968|21692|11520|15040|15172|1580|23488|4008
2026-08-27T11:22:11.6666171-07:00,0,45,885,24576,3.6,10.73,31.91,33.6,1,27.53,11.9,642.39,34.5,1880|3920|12496|25856|16008|16836|22812|26468|20388|21532|23968|21692|11520|15040|15172|1580|23488|4008
2026-08-27T11:22:57.9193118-07:00,0,45,885,24576,3.6,10.71,31.91,33.6,3,27.53,11.9,642.39,34.5,1880|3920|12496|25856|16008|16836|22812|26468|20388|21532|23968|21692|11520|15040|15172|1580|23488|4008
2026-08-27T11:23:44.1542684-07:00,0,45,885,24576,3.6,10.71,31.91,33.6,4,27.53,11.9,642.39,34.5,1880|3920|12496|25856|16008|16836|22812|26468|20388|21532|23968|21692|11520|15040|15172|1580|23488|4008
2026-08-27T11:24:30.3801130-07:00,0,45,885,24576,3.6,10.71,31.91,33.6,2,27.53,11.9,642.39,34.5,1880|3920|12496|25856|16008|16836|22812|26468|20388|21532|23968|21692|11520|15040|15172|1580|23488|4008
2026-08-27T11:25:16.6213771-07:00,0,45,885,24576,3.6,10.71,31.91,33.6,2,27.53,11.9,642.39,34.5,1880|3920|12496|25856|16008|16836|22812|26468|20388|21532|23968|21692|11520|15040|15172|1580|23488|4008
2026-08-27T11:26:02.8732663-07:00,0,45,885,24576,3.6,10.67,31.91,33.4,1,27.53,11.9,642.39,34.5,1880|3920|12496|25856|16008|16836|22812|26468|20388|21532|23968|21692|11520|15040|15172|1580|23488|4008
2026-08-27T11:26:49.1151913-07:00,0,45,885,24576,3.6,10.67,31.91,33.4,0,27.53,11.9,642.39,34.5,1880|3920|12496|25856|16008|16836|22812|26468|20388|21532|23968|21692|11520|15040|15172|1580|23488|4008
2026-08-27T11:27:35.3668814-07:00,0,45,885,24576,3.6,10.67,31.91,33.4,0,27.53,11.9,642.39,34.5,1880|3920|12496|25856|16008|16836|22812|26468|20388|21532|23968|21692|11520|15040|15172|1580|23488|4008
2026-08-27T11:28:21.6083526-07:00,0,45,885,24576,3.6,10.66,31.91,33.4,2,27.53,11.9,642.39,34.5,1880|3920|12496|25856|16008|16836|22812|26468|20388|21532|23968|21692|11520|15040|15172|1580|23488|4008
2026-08-27T11:29:07.8385674-07:00,0,45,885,24576,3.6,10.67,31.91,33.4,0,27.53,11.9,642.39,34.5,1880|3920|12496|25856|16008|16836|22812|26468|20388|21532|23968|21692|11520|15040|15172|1580|23488|4008
2026-08-27T11:29:54.0890514-07:00,0,45,885,24576,3.6,10.67,31.91,33.4,1,27.53,11.9,642.39,34.5,1880|3920|12496|25856|16008|16836|22812|26468|20388|21532|23968|21692|11520|15040|15172|1580|23488|4008
2026-08-27T11:30:40.3295363-07:00,0,45,885,24576,3.6,10.67,31.91,33.4,1,27.53,11.9,642.39,34.5,1880|3920|12496|25856|16008|16836|22812|26468|20388|21532|23968|21692|11520|15040|15172|1580|23488|4008
2026-08-27T11:31:26.5778996-07:00,0,45,885,24576,3.6,10.67,31.91,33.4,2,27.53,11.9,642.39,34.5,1880|3920|12496|25856|16008|16836|22812|26468|20388|21532|23968|21692|11520|15040|15172|1580|23488|4008
2026-08-27T11:32:12.8127630-07:00,0,45,885,24576,3.6,10.66,31.91,33.4,3,27.53,11.9,642.39,34.5,1880|3920|12496|25856|16008|16836|22812|26468|20388|21532|23968|21692|11520|15040|15172|1580|23488|4008
2026-08-27T11:32:59.0593278-07:00,0,45,885,24576,3.6,10.67,31.91,33.4,2,27.53,11.9,642.39,34.5,1880|3920|12496|25856|16008|16836|22812|26468|20388|21532|23968|21692|11520|15040|15172|1580|23488|4008
2026-08-27T11:33:45.2977433-07:00,0,45,885,24576,3.6,10.72,31.91,33.6,1,27.53,11.9,642.39,34.5,1880|3920|12496|25856|16008|16836|22812|26468|20388|21532|23968|21692|11520|15040|15172|1580|23488|4008
2026-08-27T11:34:31.5461536-07:00,0,45,885,24576,3.6,10.73,31.91,33.6,0,27.53,11.9,642.39,34.5,1880|3920|12496|25856|16008|16836|22812|26468|20388|21532|23968|21692|11520|15040|15172|1580|23488|4008
2026-08-27T11:35:17.8025916-07:00,0,45,885,24576,3.6,10.71,31.91,33.6,4,27.53,11.9,642.39,34.5,1880|3920|12496|25856|16008|16836|22812|26468|20388|21532|23968|21692|11520|15040|15172|1580|23488|4008
2026-08-27T11:36:04.0289206-07:00,0,45,885,24576,3.6,10.7,31.91,33.5,1,27.53,11.9,642.39,34.5,1880|3920|12496|25856|16008|16836|22812|26468|20388|21532|23968|21692|11520|15040|15172|1580|23488|4008
2026-08-27T11:36:50.2705127-07:00,0,45,885,24576,3.6,10.69,31.91,33.5,1,27.53,11.9,642.39,34.5,1880|3920|12496|25856|16008|16836|22812|26468|20388|21532|23968|21692|11520|15040|15172|1580|23488|4008
2026-08-27T11:37:36.5237642-07:00,0,45,885,24576,3.6,10.7,31.91,33.5,1,27.53,11.9,642.39,34.5,1880|3920|12496|25856|16008|16836|22812|26468|20388|21532|23968|21692|11520|15040|15172|1580|23488|4008
2026-08-27T11:38:22.7610868-07:00,0,45,885,24576,3.6,10.69,31.91,33.5,0,27.53,11.9,642.39,34.5,1880|3920|12496|25856|16008|16836|22812|26468|20388|21532|23968|21692|11520|15040|15172|1580|23488|4008
2026-08-27T11:39:09.0043254-07:00,0,45,885,24576,3.6,10.7,31.91,33.5,2,27.53,11.9,642.39,34.5,1880|3920|12496|25856|16008|16836|22812|26468|20388|21532|23968|21692|11520|15040|15172|1580|23488|4008
2026-08-27T11:39:55.2504354-07:00,0,45,885,24576,3.6,10.68,31.91,33.5,1,27.53,11.9,642.39,34.5,1880|3920|12496|25856|16008|16836|22812|26468|20388|21532|23968|21692|11520|15040|15172|1580|23488|4008
2026-08-27T11:40:41.4896702-07:00,0,45,885,24576,3.6,10.68,31.91,33.5,0,27.53,11.9,642.39,34.5,1880|3920|12496|25856|16008|16836|22812|26468|20388|21532|23968|21692|11520|15040|15172|1580|23488|4008
2026-08-27T11:41:27.7298559-07:00,0,45,885,24576,3.6,10.69,31.91,33.5,2,27.53,11.9,642.39,34.5,1880|3920|12496|25856|16008|16836|22812|26468|20388|21532|23968|21692|11520|15040|15172|1580|23488|4008
2026-08-27T11:42:13.9720030-07:00,0,45,885,24576,3.6,10.68,31.91,33.5,1,27.53,11.9,642.39,34.5,1880|3920|12496|25856|16008|16836|22812|26468|20388|21532|23968|21692|11520|15040|15172|1580|23488|4008
2026-08-27T11:43:00.2019575-07:00,0,45,885,24576,3.6,10.69,31.91,33.5,2,27.53,11.9,642.39,34.5,1880|3920|12496|25856|16008|16836|22812|26468|20388|21532|23968|21692|11520|15040|15172|1580|23488|4008
2026-08-27T11:43:46.4528328-07:00,0,45,885,24576,3.6,10.69,31.91,33.5,2,27.53,11.9,642.39,34.5,1880|3920|12496|25856|16008|16836|22812|26468|20388|21532|23968|21692|11520|15040|15172|1580|23488|4008
2026-08-27T11:44:32.6810834-07:00,0,45,885,24576,3.6,10.68,31.91,33.5,3,27.53,11.9,642.39,34.5,1880|3920|12496|25856|16008|16836|22812|26468|20388|21532|23968|21692|11520|15040|15172|1580|23488|4008
2026-08-27T11:45:18.9336661-07:00,0,45,885,24576,3.6,10.69,31.91,33.5,0,27.53,11.9,642.39,34.5,1880|3920|12496|25856|16008|16836|22812|26468|20388|21532|23968|21692|11520|15040|15172|1580|23488|4008
2026-08-27T11:46:05.1745989-07:00,0,45,885,24576,3.6,10.68,31.91,33.5,1,27.53,11.9,642.39,34.5,1880|3920|12496|25856|16008|16836|22812|26468|20388|21532|23968|21692|11520|15040|15172|1580|23488|4008
2026-08-27T11:46:51.4200154-07:00,0,45,885,24576,3.6,10.68,31.91,33.5,0,27.53,11.9,642.39,34.5,1880|3920|12496|25856|16008|16836|22812|26468|20388|21532|23968|21692|11520|15040|15172|1580|23488|4008
2026-08-27T11:47:37.6715667-07:00,0,45,885,24576,3.6,10.69,31.91,33.5,2,27.53,11.9,642.39,34.5,1880|3920|12496|25856|16008|16836|22812|26468|20388|21532|23968|21692|11520|15040|15172|1580|23488|4008
2026-08-27T11:48:23.9274745-07:00,0,45,885,24576,3.6,10.68,31.91,33.5,0,27.53,11.9,642.39,34.5,1880|3920|12496|25856|16008|16836|22812|26468|20388|21532|23968|21692|11520|15040|15172|1580|23488|4008
2026-08-27T11:49:10.1742736-07:00,0,45,885,24576,3.6,10.73,31.91,33.6,0,27.53,11.9,642.39,34.5,1880|3920|12496|25856|16008|16836|22812|26468|20388|21532|23968|21692|11520|15040|15172|1580|23488|4008
2026-08-27T11:49:56.4140164-07:00,0,45,885,24576,3.6,10.72,31.91,33.6,3,27.53,11.9,642.39,34.5,1880|3920|12496|25856|16008|16836|22812|26468|20388|21532|23968|21692|11520|15040|15172|1580|23488|4008
2026-08-27T11:50:42.6664382-07:00,0,45,885,24576,3.6,10.69,31.91,33.5,3,27.53,11.9,642.39,34.5,1880|3920|12496|25856|16008|16836|22812|26468|20388|21532|23968|21692|11520|15040|15172|1580|23488|4008
2026-08-27T11:51:28.9112330-07:00,0,45,885,24576,3.6,10.68,31.91,33.5,0,27.53,11.9,642.39,34.5,1880|3920|12496|25856|16008|16836|22812|26468|20388|21532|23968|21692|11520|15040|15172|1580|23488|4008
2026-08-27T11:52:15.1746916-07:00,0,45,885,24576,3.6,10.69,31.91,33.5,2,27.53,11.9,642.39,34.5,1880|3920|12496|25856|16008|16836|22812|26468|20388|21532|23968|21692|11520|15040|15172|1580|23488|4008
2026-08-27T11:53:01.4374645-07:00,0,45,885,24576,3.6,10.69,31.91,33.5,5,27.53,11.9,642.39,34.5,1880|3920|12496|25856|16008|16836|22812|26468|20388|21532|23968|21692|11520|15040|15172|1580|23488|4008
2026-08-27T11:53:47.6611070-07:00,0,45,885,24576,3.6,10.7,31.91,33.5,0,27.53,11.9,642.39,34.5,1880|3920|12496|25856|16008|16836|22812|26468|20388|21532|23968|21692|11520|15040|15172|1580|23488|4008
2026-08-27T11:54:33.9058898-07:00,0,45,885,24576,3.6,10.67,31.91,33.4,2,27.53,11.9,642.39,34.5,1880|3920|12496|25856|16008|16836|22812|26468|20388|21532|23968|21692|11520|15040|15172|1580|23488|4008
2026-08-27T11:55:20.1556272-07:00,0,45,885,24576,3.6,10.68,31.91,33.5,4,27.53,11.9,642.39,34.5,1880|3920|12496|25856|16008|16836|22812|26468|20388|21532|23968|21692|11520|15040|15172|1580|23488|4008
2026-08-27T11:56:06.4170583-07:00,0,45,885,24576,3.6,10.68,31.91,33.5,3,27.53,11.9,642.39,34.5,1880|3920|12496|25856|16008|16836|22812|26468|20388|21532|23968|21692|11520|15040|15172|1580|23488|4008
2026-08-27T11:56:52.6674115-07:00,0,45,885,24576,3.6,10.68,31.91,33.5,0,27.53,11.9,642.39,34.5,1880|3920|12496|25856|16008|16836|22812|26468|20388|21532|23968|21692|11520|15040|15172|1580|23488|4008
2026-08-27T11:57:38.9214802-07:00,0,45,885,24576,3.6,10.67,31.91,33.4,3,27.53,11.9,642.39,34.5,1880|3920|12496|25856|16008|16836|22812|26468|20388|21532|23968|21692|11520|15040|15172|1580|23488|4008
2026-08-27T11:58:25.1676632-07:00,0,45,885,24576,3.6,10.67,31.91,33.4,0,27.53,11.9,642.39,34.5,1880|3920|12496|25856|16008|16836|22812|26468|20388|21532|23968|21692|11520|15040|15172|1580|23488|4008
2026-08-27T11:59:11.4244454-07:00,0,45,885,24576,3.6,10.67,31.91,33.4,1,27.53,11.9,642.39,34.5,1880|3920|12496|25856|16008|16836|22812|26468|20388|21532|23968|21692|11520|15040|15172|1580|23488|4008
2026-08-27T11:59:57.6688800-07:00,0,45,885,24576,3.6,10.67,31.91,33.4,0,27.53,11.9,642.39,34.5,1880|3920|12496|25856|16008|16836|22812|26468|20388|21532|23968|21692|11520|15040|15172|1580|23488|4008
2026-08-27T12:00:43.9207086-07:00,0,45,885,24576,3.6,10.67,31.91,33.4,1,27.53,11.9,642.39,34.5,1880|3920|12496|25856|16008|16836|22812|26468|20388|21532|23968|21692|11520|15040|15172|1580|23488|4008
2026-08-27T12:01:30.1565275-07:00,0,45,885,24576,3.6,10.69,31.91,33.5,4,27.53,11.9,642.39,34.5,1880|3920|12496|25856|16008|16836|22812|26468|20388|21532|23968|21692|11520|15040|15172|1580|23488|4008
2026-08-27T12:02:16.4061167-07:00,0,45,885,24576,3.6,10.71,31.91,33.6,3,27.53,11.9,642.39,34.5,1880|3920|12496|25856|16008|16836|22812|26468|20388|21532|23968|21692|11520|15040|15172|1580|23488|4008
2026-08-27T12:03:02.6560370-07:00,0,45,885,24576,3.6,10.71,31.91,33.6,2,27.53,11.9,642.39,34.5,1880|3920|12496|25856|16008|16836|22812|26468|20388|21532|23968|21692|11520|15040|15172|1580|23488|4008
2026-08-27T12:03:48.8923100-07:00,0,45,885,24576,3.6,10.7,31.91,33.5,1,27.53,11.9,642.39,34.5,1880|3920|12496|25856|16008|16836|22812|26468|20388|21532|23968|21692|11520|15040|15172|1580|23488|4008
2026-08-27T12:04:35.1155947-07:00,0,45,885,24576,3.6,10.7,31.91,33.5,1,27.53,11.9,642.39,34.5,1880|3920|12496|25856|16008|16836|22812|26468|20388|21532|23968|21692|11520|15040|15172|1580|23488|4008
2026-08-27T12:05:21.3712336-07:00,0,45,885,24576,3.6,10.71,31.91,33.6,1,27.53,11.9,642.39,34.5,1880|3920|12496|25856|16008|16836|22812|26468|20388|21532|23968|21692|11520|15040|15172|1580|23488|4008
2026-08-27T12:06:07.6229491-07:00,0,45,885,24576,3.6,10.71,31.91,33.6,3,27.53,11.9,642.39,34.5,1880|3920|12496|25856|16008|16836|22812|26468|20388|21532|23968|21692|11520|15040|15172|1580|23488|4008
2026-08-27T12:06:53.8761717-07:00,0,45,885,24576,3.6,10.7,31.91,33.5,0,27.53,11.9,642.39,34.5,1880|3920|12496|25856|16008|16836|22812|26468|20388|21532|23968|21692|11520|15040|15172|1580|23488|4008
2026-08-27T12:07:40.1097344-07:00,0,45,885,24576,3.6,10.7,31.91,33.5,3,27.53,11.9,642.39,34.5,1880|3920|12496|25856|16008|16836|22812|26468|20388|21532|23968|21692|11520|15040|15172|1580|23488|4008
2026-08-27T12:08:26.3648405-07:00,0,45,885,24576,3.6,10.69,31.91,33.5,1,27.53,11.9,642.39,34.5,1880|3920|12496|25856|16008|16836|22812|26468|20388|21532|23968|21692|11520|15040|15172|1580|23488|4008
2026-08-27T12:09:12.6026389-07:00,0,45,885,24576,3.6,10.7,31.91,33.5,4,27.53,11.9,642.39,34.5,1880|3920|12496|25856|16008|16836|22812|26468|20388|21532|23968|21692|11520|15040|15172|1580|23488|4008
2026-08-27T12:09:58.8448350-07:00,0,45,885,24576,3.6,10.7,31.91,33.5,2,27.53,11.9,642.39,34.5,1880|3920|12496|25856|16008|16836|22812|26468|20388|21532|23968|21692|11520|15040|15172|1580|23488|4008
2026-08-27T12:10:45.0782393-07:00,0,45,885,24576,3.6,10.7,31.91,33.5,0,27.53,11.9,642.39,34.5,1880|3920|12496|25856|16008|16836|22812|26468|20388|21532|23968|21692|11520|15040|15172|1580|23488|4008
2026-08-27T12:11:31.3352140-07:00,0,45,885,24576,3.6,10.7,31.91,33.5,1,27.53,11.9,642.39,34.5,1880|3920|12496|25856|16008|16836|22812|26468|20388|21532|23968|21692|11520|15040|15172|1580|23488|4008
2026-08-27T12:12:17.5651407-07:00,0,45,885,24576,3.6,10.7,31.91,33.5,3,27.53,11.9,642.39,34.5,1880|3920|12496|25856|16008|16836|22812|26468|20388|21532|23968|21692|11520|15040|15172|1580|23488|4008
2026-08-27T12:13:03.8150779-07:00,0,45,885,24576,3.6,10.7,31.91,33.5,1,27.53,11.9,642.39,34.5,1880|3920|12496|25856|16008|16836|22812|26468|20388|21532|23968|21692|11520|15040|15172|1580|23488|4008
2026-08-27T12:13:50.0527326-07:00,0,45,885,24576,3.6,10.7,31.91,33.5,1,27.53,11.9,642.39,34.5,1880|3920|12496|25856|16008|16836|22812|26468|20388|21532|23968|21692|11520|15040|15172|1580|23488|4008
2026-08-27T12:14:36.3168983-07:00,0,45,885,24576,3.6,10.7,31.91,33.5,3,27.53,11.9,642.39,34.5,1880|3920|12496|25856|16008|16836|22812|26468|20388|21532|23968|21692|11520|15040|15172|1580|23488|4008
2026-08-27T12:15:22.5443450-07:00,0,45,885,24576,3.6,10.71,31.91,33.6,1,27.53,11.9,642.39,34.5,1880|3920|12496|25856|16008|16836|22812|26468|20388|21532|23968|21692|11520|15040|15172|1580|23488|4008
2026-08-27T12:16:08.7912267-07:00,0,45,885,24576,3.6,10.7,31.91,33.5,1,27.53,11.9,642.39,34.5,1880|3920|12496|25856|16008|16836|22812|26468|20388|21532|23968|21692|11520|15040|15172|1580|23488|4008
2026-08-27T12:16:55.0162761-07:00,0,45,885,24576,3.6,10.7,31.91,33.5,3,27.53,11.9,642.39,34.5,1880|3920|12496|25856|16008|16836|22812|26468|20388|21532|23968|21692|11520|15040|15172|1580|23488|4008
2026-08-27T12:17:41.2553671-07:00,0,45,885,24576,3.6,10.69,31.91,33.5,2,27.53,11.9,642.39,34.5,1880|3920|12496|25856|16008|16836|22812|26468|20388|21532|23968|21692|11520|15040|15172|1580|23488|4008
2026-08-27T12:18:27.4959347-07:00,0,45,885,24576,3.6,10.69,31.91,33.5,1,27.53,11.9,642.39,34.5,1880|3920|12496|25856|16008|16836|22812|26468|20388|21532|23968|21692|11520|15040|15172|1580|23488|4008
2026-08-27T12:19:13.7272863-07:00,0,45,885,24576,3.6,10.7,31.91,33.5,2,27.53,11.9,642.39,34.5,1880|3920|12496|25856|16008|16836|22812|26468|20388|21532|23968|21692|11520|15040|15172|1580|23488|4008
2026-08-27T12:19:59.9775458-07:00,0,45,885,24576,3.6,10.71,31.91,33.6,1,27.53,11.9,642.39,34.5,1880|3920|12496|25856|16008|16836|22812|26468|20388|21532|23968|21692|11520|15040|15172|1580|23488|4008
2026-08-27T12:20:46.2229551-07:00,0,45,885,24576,3.6,10.69,31.91,33.5,2,27.53,11.9,642.39,34.5,1880|3920|12496|25856|16008|16836|22812|26468|20388|21532|23968|21692|11520|15040|15172|1580|23488|4008
2026-08-27T12:21:32.4649605-07:00,0,45,885,24576,3.6,10.68,31.91,33.5,2,27.53,11.9,642.39,34.5,1880|3920|12496|25856|16008|16836|22812|26468|20388|21532|23968|21692|11520|15040|15172|1580|23488|4008
2026-08-27T12:22:18.7287466-07:00,0,45,885,24576,3.6,10.69,31.91,33.5,1,27.53,11.9,642.39,34.5,1880|3920|12496|25856|16008|16836|22812|26468|20388|21532|23968|21692|11520|15040|15172|1580|23488|4008
2026-08-27T12:23:04.9553851-07:00,0,45,885,24576,3.6,10.69,31.91,33.5,3,27.53,11.9,642.39,34.5,1880|3920|12496|25856|16008|16836|22812|26468|20388|21532|23968|21692|11520|15040|15172|1580|23488|4008
2026-08-27T12:23:51.2176567-07:00,0,45,885,24576,3.6,10.69,31.91,33.5,0,27.53,11.9,642.39,34.5,1880|3920|12496|25856|16008|16836|22812|26468|20388|21532|23968|21692|11520|15040|15172|1580|23488|4008
2026-08-27T12:24:37.4510336-07:00,0,45,885,24576,3.6,10.69,31.91,33.5,3,27.53,11.9,642.39,34.5,1880|3920|12496|25856|16008|16836|22812|26468|20388|21532|23968|21692|11520|15040|15172|1580|23488|4008
2026-08-27T12:25:23.6989356-07:00,0,45,885,24576,3.6,10.69,31.91,33.5,3,27.53,11.9,642.39,34.5,1880|3920|12496|25856|16008|16836|22812|26468|20388|21532|23968|21692|11520|15040|15172|1580|23488|4008
2026-08-27T12:26:09.9400934-07:00,0,45,885,24576,3.6,10.69,31.91,33.5,3,27.53,11.9,642.39,34.5,1880|3920|12496|25856|16008|16836|22812|26468|20388|21532|23968|21692|11520|15040|15172|1580|23488|4008
2026-08-27T12:26:56.1820777-07:00,0,45,885,24576,3.6,10.69,31.91,33.5,3,27.53,11.9,642.39,34.5,1880|3920|12496|25856|16008|16836|22812|26468|20388|21532|23968|21692|11520|15040|15172|1580|23488|4008
2026-08-27T12:27:42.4188397-07:00,0,45,885,24576,3.6,10.69,31.91,33.5,0,27.53,11.9,642.39,34.5,1880|3920|12496|25856|16008|16836|22812|26468|20388|21532|23968|21692|11520|15040|15172|1580|23488|4008
2026-08-27T12:28:28.6789897-07:00,0,45,885,24576,3.6,10.7,31.91,33.5,3,27.53,11.9,642.39,34.5,1880|3920|12496|25856|16008|16836|22812|26468|20388|21532|23968|21692|11520|15040|15172|1580|23488|4008
2026-08-27T12:29:14.9295351-07:00,0,45,885,24576,3.6,10.69,31.91,33.5,1,27.53,11.9,642.39,34.5,1880|3920|12496|25856|16008|16836|22812|26468|20388|21532|23968|21692|11520|15040|15172|1580|23488|4008
2026-08-27T12:30:01.1728918-07:00,0,45,885,24576,3.6,10.7,31.91,33.5,1,27.53,11.9,642.39,34.5,1880|3920|12496|25856|16008|16836|22812|26468|20388|21532|23968|21692|11520|15040|15172|1580|23488|4008
2026-08-27T12:30:47.4060810-07:00,0,45,851,24576,3.5,10.44,31.91,32.7,44,27.53,11.9,642.39,34.5,1880|3920|12496|25856|16008|16836|22812|26468|20388|21532|23968|21692|11520|15040|15172|23488|4008
2026-08-27T12:31:38.6462342-07:00,0,46,625,24576,2.5,10.7,31.91,33.5,1,28.3,12.2,642.39,34.5,1880|3920|12496|25856|16008|16836|22812|26468|20388|21532|23968|21692|11520|15040|15172|23488|4008|18804
2026-08-27T12:32:24.8891300-07:00,0,46,625,24576,2.5,10.69,31.91,33.5,1,28.3,12.2,642.39,34.5,1880|3920|12496|25856|16008|16836|22812|26468|20388|21532|23968|21692|11520|15040|15172|23488|4008|18804
2026-08-27T12:33:11.1289329-07:00,0,46,625,24576,2.5,10.67,31.91,33.4,1,28.3,12.2,642.39,34.5,1880|3920|12496|25856|16008|16836|22812|26468|20388|21532|23968|21692|11520|15040|15172|23488|4008|18804
2026-08-27T12:33:57.3662728-07:00,0,46,625,24576,2.5,10.66,31.91,33.4,0,28.3,12.2,642.39,34.5,1880|3920|12496|25856|16008|16836|22812|26468|20388|21532|23968|21692|11520|15040|15172|23488|4008|18804
2026-08-27T12:34:43.6327817-07:00,0,46,625,24576,2.5,10.82,31.91,33.9,5,28.3,12.2,642.39,34.5,1880|3920|12496|25856|16008|16836|22812|26468|20388|21532|23968|21692|11520|15040|15172|23488|4008|18804
2026-08-27T12:35:29.8923753-07:00,0,46,625,24576,2.5,10.79,31.91,33.8,5,28.3,12.2,642.39,34.5,1880|3920|12496|25856|16008|16836|22812|26468|20388|21532|23968|21692|11520|15040|15172|23488|4008|18804
2026-08-27T12:36:16.1543604-07:00,0,46,625,24576,2.5,10.75,31.91,33.7,0,28.3,12.2,642.39,34.5,1880|3920|12496|25856|16008|16836|22812|26468|20388|21532|23968|21692|11520|15040|15172|23488|4008|18804
2026-08-27T12:37:02.3928715-07:00,0,46,625,24576,2.5,10.73,31.91,33.6,1,28.3,12.2,642.39,34.5,1880|3920|12496|25856|16008|16836|22812|26468|20388|21532|23968|21692|11520|15040|15172|23488|4008|18804
2026-08-27T12:37:48.6374997-07:00,0,46,625,24576,2.5,10.74,31.91,33.7,2,28.3,12.2,642.39,34.5,1880|3920|12496|25856|16008|16836|22812|26468|20388|21532|23968|21692|11520|15040|15172|23488|4008|18804
2026-08-27T12:38:34.8812129-07:00,0,46,625,24576,2.5,10.73,31.91,33.6,3,28.3,12.2,642.39,34.5,1880|3920|12496|25856|16008|16836|22812|26468|20388|21532|23968|21692|11520|15040|15172|23488|4008|18804
2026-08-27T12:39:21.1411785-07:00,0,46,625,24576,2.5,10.74,31.91,33.7,3,28.3,12.2,642.39,34.5,1880|3920|12496|25856|16008|16836|22812|26468|20388|21532|23968|21692|11520|15040|15172|23488|4008|18804
2026-08-27T12:40:07.3972974-07:00,0,45,625,24576,2.5,10.73,31.91,33.6,1,28.3,12.2,642.39,34.5,1880|3920|12496|25856|16008|16836|22812|26468|20388|21532|23968|21692|11520|15040|15172|23488|4008|18804
2026-08-27T12:40:53.6395333-07:00,0,45,625,24576,2.5,10.69,31.91,33.5,0,28.3,12.2,642.39,34.5,1880|3920|12496|25856|16008|16836|22812|26468|20388|21532|23968|21692|11520|15040|15172|23488|4008|18804
2026-08-27T12:41:39.8847503-07:00,0,45,625,24576,2.5,10.68,31.91,33.5,3,28.3,12.2,642.39,34.5,1880|3920|12496|25856|16008|16836|22812|26468|20388|21532|23968|21692|11520|15040|15172|23488|4008|18804
2026-08-27T12:42:26.1392375-07:00,0,45,625,24576,2.5,10.68,31.91,33.5,1,28.3,12.2,642.39,34.5,1880|3920|12496|25856|16008|16836|22812|26468|20388|21532|23968|21692|11520|15040|15172|23488|4008|18804
2026-08-27T12:43:12.3786993-07:00,0,45,625,24576,2.5,10.68,31.91,33.5,1,28.3,12.2,642.39,34.5,1880|3920|12496|25856|16008|16836|22812|26468|20388|21532|23968|21692|11520|15040|15172|23488|4008|18804
2026-08-27T12:43:58.6260466-07:00,0,45,625,24576,2.5,10.69,31.91,33.5,2,28.3,12.2,642.39,34.5,1880|3920|12496|25856|16008|16836|22812|26468|20388|21532|23968|21692|11520|15040|15172|23488|4008|18804
2026-08-27T12:44:44.8658656-07:00,0,45,625,24576,2.5,10.68,31.91,33.5,0,28.3,12.2,642.39,34.5,1880|3920|12496|25856|16008|16836|22812|26468|20388|21532|23968|21692|11520|15040|15172|23488|4008|18804
2026-08-27T12:45:31.1106335-07:00,0,45,625,24576,2.5,10.68,31.91,33.5,0,28.3,12.2,642.39,34.5,1880|3920|12496|25856|16008|16836|22812|26468|20388|21532|23968|21692|11520|15040|15172|23488|4008|18804
2026-08-27T12:46:17.3377780-07:00,0,45,625,24576,2.5,10.68,31.91,33.5,1,28.3,12.2,642.39,34.5,1880|3920|12496|25856|16008|16836|22812|26468|20388|21532|23968|21692|11520|15040|15172|23488|4008|18804
2026-08-27T12:47:03.5789667-07:00,0,45,625,24576,2.5,10.68,31.91,33.5,2,28.3,12.2,642.39,34.5,1880|3920|12496|25856|16008|16836|22812|26468|20388|21532|23968|21692|11520|15040|15172|23488|4008|18804
2026-08-27T12:47:49.8011903-07:00,0,45,625,24576,2.5,10.68,31.91,33.5,1,28.3,12.2,642.39,34.5,1880|3920|12496|25856|16008|16836|22812|26468|20388|21532|23968|21692|11520|15040|15172|23488|4008|18804
2026-08-27T12:48:36.0472841-07:00,0,45,625,24576,2.5,10.66,31.91,33.4,1,28.3,12.2,642.39,34.5,1880|3920|12496|25856|16008|16836|22812|26468|20388|21532|23968|21692|11520|15040|15172|23488|4008|18804
2026-08-27T12:49:22.2799162-07:00,0,45,625,24576,2.5,10.67,31.91,33.4,0,28.3,12.2,642.39,34.5,1880|3920|12496|25856|16008|16836|22812|26468|20388|21532|23968|21692|11520|15040|15172|23488|4008|18804
2026-08-27T12:50:08.5312469-07:00,0,45,625,24576,2.5,10.72,31.91,33.6,0,28.3,12.2,642.39,34.5,1880|3920|12496|25856|16008|16836|22812|26468|20388|21532|23968|21692|11520|15040|15172|23488|4008|18804
2026-08-27T12:50:54.7758819-07:00,0,45,625,24576,2.5,10.69,31.91,33.5,2,28.3,12.2,642.39,34.5,1880|3920|12496|25856|16008|16836|22812|26468|20388|21532|23968|21692|11520|15040|15172|23488|4008|18804
2026-08-27T12:51:41.0175386-07:00,0,45,625,24576,2.5,10.68,31.91,33.5,1,28.3,12.2,642.39,34.5,1880|3920|12496|25856|16008|16836|22812|26468|20388|21532|23968|21692|11520|15040|15172|23488|4008|18804
2026-08-27T12:52:27.2593430-07:00,0,45,625,24576,2.5,10.68,31.91,33.5,1,28.3,12.2,642.39,34.5,1880|3920|12496|25856|16008|16836|22812|26468|20388|21532|23968|21692|11520|15040|15172|23488|4008|18804
2026-08-27T12:53:13.4844686-07:00,0,45,625,24576,2.5,10.68,31.91,33.5,3,28.3,12.2,642.39,34.5,1880|3920|12496|25856|16008|16836|22812|26468|20388|21532|23968|21692|11520|15040|15172|23488|4008|18804
2026-08-27T12:53:59.7074096-07:00,0,45,625,24576,2.5,10.68,31.91,33.5,3,28.3,12.2,642.39,34.5,1880|3920|12496|25856|16008|16836|22812|26468|20388|21532|23968|21692|11520|15040|15172|23488|4008|18804
2026-08-27T12:54:45.9704933-07:00,0,45,625,24576,2.5,10.68,31.91,33.5,1,28.3,12.2,642.39,34.5,1880|3920|12496|25856|16008|16836|22812|26468|20388|21532|23968|21692|11520|15040|15172|23488|4008|18804
2026-08-27T12:55:32.2008998-07:00,0,45,625,24576,2.5,10.68,31.91,33.5,2,28.3,12.2,642.39,34.5,1880|3920|12496|25856|16008|16836|22812|26468|20388|21532|23968|21692|11520|15040|15172|23488|4008|18804
2026-08-27T12:56:18.4530452-07:00,0,45,625,24576,2.5,10.67,31.91,33.4,2,28.3,12.2,642.39,34.5,1880|3920|12496|25856|16008|16836|22812|26468|20388|21532|23968|21692|11520|15040|15172|23488|4008|18804
2026-08-27T12:57:04.6906915-07:00,0,45,625,24576,2.5,10.67,31.91,33.4,2,28.3,12.2,642.39,34.5,1880|3920|12496|25856|16008|16836|22812|26468|20388|21532|23968|21692|11520|15040|15172|23488|4008|18804
2026-08-27T12:57:50.9331312-07:00,0,45,625,24576,2.5,10.66,31.91,33.4,2,28.3,12.2,642.39,34.5,1880|3920|12496|25856|16008|16836|22812|26468|20388|21532|23968|21692|11520|15040|15172|23488|4008|18804
2026-08-27T12:58:37.1627264-07:00,0,45,625,24576,2.5,10.66,31.91,33.4,1,28.3,12.2,642.39,34.5,1880|3920|12496|25856|16008|16836|22812|26468|20388|21532|23968|21692|11520|15040|15172|23488|4008|18804
2026-08-27T12:59:23.4125150-07:00,0,45,625,24576,2.5,10.66,31.91,33.4,0,28.3,12.2,642.39,34.5,1880|3920|12496|25856|16008|16836|22812|26468|20388|21532|23968|21692|11520|15040|15172|23488|4008|18804
2026-08-27T13:00:09.6521076-07:00,0,45,625,24576,2.5,10.68,31.91,33.5,0,28.3,12.2,642.39,34.5,1880|3920|12496|25856|16008|16836|22812|26468|20388|21532|23968|21692|11520|15040|15172|23488|4008|18804
2026-08-27T13:00:55.9044340-07:00,0,45,625,24576,2.5,10.67,31.91,33.4,2,28.3,12.2,642.39,34.5,1880|3920|12496|25856|16008|16836|22812|26468|20388|21532|23968|21692|11520|15040|15172|23488|4008|18804
2026-08-27T13:01:42.1341835-07:00,0,45,625,24576,2.5,10.66,31.91,33.4,2,28.3,12.2,642.39,34.5,1880|3920|12496|25856|16008|16836|22812|26468|20388|21532|23968|21692|11520|15040|15172|23488|4008|18804
2026-08-27T13:02:28.3919252-07:00,0,45,625,24576,2.5,10.7,31.91,33.5,1,28.3,12.2,642.39,34.5,1880|3920|12496|25856|16008|16836|22812|26468|20388|21532|23968|21692|11520|15040|15172|23488|4008|18804
2026-08-27T13:03:14.6278796-07:00,0,45,625,24576,2.5,10.7,31.91,33.5,1,28.3,12.2,642.39,34.5,1880|3920|12496|25856|16008|16836|22812|26468|20388|21532|23968|21692|11520|15040|15172|23488|4008|18804
2026-08-27T13:04:00.8627031-07:00,0,45,625,24576,2.5,10.69,31.91,33.5,1,28.3,12.2,642.39,34.5,1880|3920|12496|25856|16008|16836|22812|26468|20388|21532|23968|21692|11520|15040|15172|23488|4008|18804
2026-08-27T13:04:47.1050055-07:00,0,45,625,24576,2.5,10.69,31.91,33.5,0,28.3,12.2,642.39,34.5,1880|3920|12496|25856|16008|16836|22812|26468|20388|21532|23968|21692|11520|15040|15172|23488|4008|18804
2026-08-27T13:05:33.3593673-07:00,0,45,625,24576,2.5,10.69,31.91,33.5,2,28.3,12.2,642.39,34.5,1880|3920|12496|25856|16008|16836|22812|26468|20388|21532|23968|21692|11520|15040|15172|23488|4008|18804
2026-08-27T13:06:19.6069106-07:00,0,45,625,24576,2.5,10.69,31.91,33.5,0,28.3,12.2,642.39,34.5,1880|3920|12496|25856|16008|16836|22812|26468|20388|21532|23968|21692|11520|15040|15172|23488|4008|18804
2026-08-27T13:07:05.8659021-07:00,0,45,625,24576,2.5,10.68,31.91,33.5,5,28.3,12.2,642.39,34.5,1880|3920|12496|25856|16008|16836|22812|26468|20388|21532|23968|21692|11520|15040|15172|23488|4008|18804
2026-08-27T13:07:52.1058234-07:00,0,45,625,24576,2.5,10.68,31.91,33.5,1,28.3,12.2,642.39,34.5,1880|3920|12496|25856|16008|16836|22812|26468|20388|21532|23968|21692|11520|15040|15172|23488|4008|18804
2026-08-27T13:08:38.3540833-07:00,0,45,625,24576,2.5,10.69,31.91,33.5,1,28.3,12.2,642.39,34.5,1880|3920|12496|25856|16008|16836|22812|26468|20388|21532|23968|21692|11520|15040|15172|23488|4008|18804
2026-08-27T13:09:24.5790357-07:00,0,45,625,24576,2.5,10.69,31.91,33.5,1,28.3,12.2,642.39,34.5,1880|3920|12496|25856|16008|16836|22812|26468|20388|21532|23968|21692|11520|15040|15172|23488|4008|18804
2026-08-27T13:10:10.8102928-07:00,0,45,625,24576,2.5,10.69,31.91,33.5,4,28.3,12.2,642.39,34.5,1880|3920|12496|25856|16008|16836|22812|26468|20388|21532|23968|21692|11520|15040|15172|23488|4008|18804
2026-08-27T13:10:57.0417927-07:00,0,45,625,24576,2.5,10.69,31.91,33.5,0,28.3,12.2,642.39,34.5,1880|3920|12496|25856|16008|16836|22812|26468|20388|21532|23968|21692|11520|15040|15172|23488|4008|18804
2026-08-27T13:11:43.2920093-07:00,0,45,625,24576,2.5,10.69,31.91,33.5,2,28.3,12.2,642.39,34.5,1880|3920|12496|25856|16008|16836|22812|26468|20388|21532|23968|21692|11520|15040|15172|23488|4008|18804
2026-08-27T13:12:29.5316900-07:00,0,45,625,24576,2.5,10.67,31.91,33.4,1,28.3,12.2,642.39,34.5,1880|3920|12496|25856|16008|16836|22812|26468|20388|21532|23968|21692|11520|15040|15172|23488|4008|18804
2026-08-27T13:13:15.7750416-07:00,0,45,625,24576,2.5,10.67,31.91,33.4,2,28.3,12.2,642.39,34.5,1880|3920|12496|25856|16008|16836|22812|26468|20388|21532|23968|21692|11520|15040|15172|23488|4008|18804
2026-08-27T13:14:02.0123063-07:00,0,45,625,24576,2.5,10.68,31.91,33.5,2,28.3,12.2,642.39,34.5,1880|3920|12496|25856|16008|16836|22812|26468|20388|21532|23968|21692|11520|15040|15172|23488|4008|18804
2026-08-27T13:14:48.2563869-07:00,0,45,625,24576,2.5,10.68,31.91,33.5,0,28.3,12.2,642.39,34.5,1880|3920|12496|25856|16008|16836|22812|26468|20388|21532|23968|21692|11520|15040|15172|23488|4008|18804
2026-08-27T13:15:34.4892477-07:00,0,45,625,24576,2.5,10.69,31.91,33.5,1,28.3,12.2,642.39,34.5,1880|3920|12496|25856|16008|16836|22812|26468|20388|21532|23968|21692|11520|15040|15172|23488|4008|18804
2026-08-27T13:16:20.7458358-07:00,0,45,625,24576,2.5,10.68,31.91,33.5,4,28.3,12.2,642.39,34.5,1880|3920|12496|25856|16008|16836|22812|26468|20388|21532|23968|21692|11520|15040|15172|23488|4008|18804
2026-08-27T13:17:06.9833923-07:00,0,45,625,24576,2.5,10.68,31.91,33.5,1,28.3,12.2,642.39,34.5,1880|3920|12496|25856|16008|16836|22812|26468|20388|21532|23968|21692|11520|15040|15172|23488|4008|18804
2026-08-27T13:17:53.2423425-07:00,0,45,625,24576,2.5,10.68,31.91,33.5,0,28.3,12.2,642.39,34.5,1880|3920|12496|25856|16008|16836|22812|26468|20388|21532|23968|21692|11520|15040|15172|23488|4008|18804
2026-08-27T13:18:39.4713675-07:00,0,45,625,24576,2.5,10.68,31.91,33.5,3,28.3,12.2,642.39,34.5,1880|3920|12496|25856|16008|16836|22812|26468|20388|21532|23968|21692|11520|15040|15172|23488|4008|18804
2026-08-27T13:19:25.7322314-07:00,0,45,625,24576,2.5,10.68,31.91,33.5,5,28.3,12.2,642.39,34.5,1880|3920|12496|25856|16008|16836|22812|26468|20388|21532|23968|21692|11520|15040|15172|23488|4008|18804
2026-08-27T13:20:11.9586732-07:00,0,45,625,24576,2.5,10.72,31.91,33.6,1,28.3,12.2,642.39,34.5,1880|3920|12496|25856|16008|16836|22812|26468|20388|21532|23968|21692|11520|15040|15172|23488|4008|18804
2026-08-27T13:20:58.2149173-07:00,0,45,625,24576,2.5,10.7,31.91,33.5,6,28.3,12.2,642.39,34.5,1880|3920|12496|25856|16008|16836|22812|26468|20388|21532|23968|21692|11520|15040|15172|23488|4008|18804
2026-08-27T13:21:44.4543040-07:00,0,46,639,24576,2.6,10.72,31.91,33.6,2,28.3,12.2,642.39,34.5,1880|3920|12496|25856|16008|16836|22812|26468|20388|21532|23968|21692|11520|15040|15172|23488|4008|18804
2026-08-27T13:22:30.7347930-07:00,0,47,639,24576,2.6,10.65,31.91,33.4,0,28.3,12.2,642.39,34.5,1880|3920|12496|25856|16008|16836|22812|26468|20388|21532|23968|21692|11520|15040|15172|23488|4008|18804
2026-08-27T13:23:16.9696956-07:00,0,48,639,24576,2.6,10.65,31.91,33.4,4,28.3,12.2,642.39,34.5,1880|3920|12496|25856|16008|16836|22812|26468|20388|21532|23968|21692|11520|15040|15172|23488|4008|18804
2026-08-27T13:24:03.2324116-07:00,0,49,639,24576,2.6,10.63,31.91,33.3,3,28.3,12.2,642.39,34.5,1880|3920|12496|25856|16008|16836|22812|26468|20388|21532|23968|21692|11520|15040|15172|23488|4008|18804
2026-08-27T13:24:49.4635055-07:00,0,49,639,24576,2.6,10.62,31.91,33.3,1,28.3,12.2,642.39,34.5,1880|3920|12496|25856|16008|16836|22812|26468|20388|21532|23968|21692|11520|15040|15172|23488|4008|18804
2026-08-27T13:25:35.7046820-07:00,0,49,639,24576,2.6,10.62,31.91,33.3,2,28.3,12.2,642.39,34.5,1880|3920|12496|25856|16008|16836|22812|26468|20388|21532|23968|21692|11520|15040|15172|23488|4008|18804
2026-08-27T13:26:21.9358381-07:00,0,50,639,24576,2.6,10.62,31.91,33.3,6,28.3,12.2,642.39,34.5,1880|3920|12496|25856|16008|16836|22812|26468|20388|21532|23968|21692|11520|15040|15172|23488|4008|18804
2026-08-27T13:27:08.1748311-07:00,0,50,639,24576,2.6,10.6,31.91,33.2,6,28.3,12.2,642.39,34.5,1880|3920|12496|25856|16008|16836|22812|26468|20388|21532|23968|21692|11520|15040|15172|23488|4008|18804
2026-08-27T13:27:54.4040543-07:00,0,51,639,24576,2.6,10.61,31.91,33.2,0,28.3,12.2,642.39,34.5,1880|3920|12496|25856|16008|16836|22812|26468|20388|21532|23968|21692|11520|15040|15172|23488|4008|18804
2026-08-27T13:28:40.6630988-07:00,0,51,639,24576,2.6,10.61,31.91,33.2,6,28.3,12.2,642.39,34.5,1880|3920|12496|25856|16008|16836|22812|26468|20388|21532|23968|21692|11520|15040|15172|23488|4008|18804
2026-08-27T13:29:26.8851677-07:00,0,51,639,24576,2.6,10.6,31.91,33.2,3,28.3,12.2,642.39,34.5,1880|3920|12496|25856|16008|16836|22812|26468|20388|21532|23968|21692|11520|15040|15172|23488|4008|18804
2026-08-27T13:30:13.1241437-07:00,0,52,639,24576,2.6,10.71,31.91,33.6,3,28.3,12.2,642.39,34.5,1880|3920|12496|25856|16008|16836|22812|26468|20388|21532|23968|21692|11520|15040|15172|23488|4008|18804
2026-08-27T13:30:59.3583104-07:00,0,52,639,24576,2.6,10.62,31.91,33.3,4,28.3,12.2,642.39,34.5,1880|3920|12496|25856|16008|16836|22812|26468|20388|21532|23968|21692|11520|15040|15172|23488|4008|18804
2026-08-27T13:31:45.5976484-07:00,0,52,639,24576,2.6,10.61,31.91,33.2,2,28.3,12.2,642.39,34.5,1880|3920|12496|25856|16008|16836|22812|26468|20388|21532|23968|21692|11520|15040|15172|23488|4008|18804
2026-08-27T13:32:31.8355216-07:00,0,52,639,24576,2.6,10.61,31.91,33.2,1,28.3,12.2,642.39,34.5,1880|3920|12496|25856|16008|16836|22812|26468|20388|21532|23968|21692|11520|15040|15172|23488|4008|18804
2026-08-27T13:33:18.0778024-07:00,0,53,639,24576,2.6,10.62,31.91,33.3,4,28.3,12.2,642.39,34.5,1880|3920|12496|25856|16008|16836|22812|26468|20388|21532|23968|21692|11520|15040|15172|23488|4008|18804
2026-08-27T13:34:04.3090419-07:00,0,53,639,24576,2.6,10.64,31.91,33.3,1,28.29,12.2,642.39,34.5,1880|3920|12496|25856|16008|16836|22812|26468|20388|21532|23968|21692|11520|15040|15172|23488|4008|18804
2026-08-27T13:34:50.5555234-07:00,0,53,639,24576,2.6,10.65,31.91,33.4,3,28.29,12.2,642.39,34.5,1880|3920|12496|25856|16008|16836|22812|26468|20388|21532|23968|21692|11520|15040|15172|23488|4008|18804
2026-08-27T13:35:36.7893896-07:00,0,53,639,24576,2.6,10.63,31.91,33.3,2,28.29,12.2,642.39,34.5,1880|3920|12496|25856|16008|16836|22812|26468|20388|21532|23968|21692|11520|15040|15172|23488|4008|18804
2026-08-27T13:36:23.0308820-07:00,0,53,639,24576,2.6,10.6,31.91,33.2,0,28.29,12.2,642.39,34.5,1880|3920|12496|25856|16008|16836|22812|26468|20388|21532|23968|21692|11520|15040|15172|23488|4008|18804
2026-08-27T13:37:09.2688003-07:00,0,53,639,24576,2.6,10.6,31.91,33.2,3,28.29,12.2,642.39,34.5,1880|3920|12496|25856|16008|16836|22812|26468|20388|21532|23968|21692|11520|15040|15172|23488|4008|18804
2026-08-27T13:37:55.5112840-07:00,0,54,639,24576,2.6,10.61,31.91,33.2,5,28.29,12.2,642.39,34.5,1880|3920|12496|25856|16008|16836|22812|26468|20388|21532|23968|21692|11520|15040|15172|23488|4008|18804
2026-08-27T13:38:41.7531072-07:00,0,54,639,24576,2.6,10.61,31.91,33.2,4,28.29,12.2,642.39,34.5,1880|3920|12496|25856|16008|16836|22812|26468|20388|21532|23968|21692|11520|15040|15172|23488|4008|18804
2026-08-27T13:39:27.9927152-07:00,0,54,639,24576,2.6,10.61,31.91,33.2,3,28.29,12.2,642.39,34.5,1880|3920|12496|25856|16008|16836|22812|26468|20388|21532|23968|21692|11520|15040|15172|23488|4008|18804
2026-08-27T13:40:14.2171185-07:00,0,54,639,24576,2.6,10.61,31.91,33.2,3,28.29,12.2,642.39,34.5,1880|3920|12496|25856|16008|16836|22812|26468|20388|21532|23968|21692|11520|15040|15172|23488|4008|18804
2026-08-27T13:41:00.4642355-07:00,0,54,639,24576,2.6,10.61,31.91,33.2,2,28.29,12.2,642.39,34.5,1880|3920|12496|25856|16008|16836|22812|26468|20388|21532|23968|21692|11520|15040|15172|23488|4008|18804
2026-08-27T13:41:46.7101973-07:00,0,54,639,24576,2.6,10.62,31.91,33.3,3,28.29,12.2,642.39,34.5,1880|3920|12496|25856|16008|16836|22812|26468|20388|21532|23968|21692|11520|15040|15172|23488|4008|18804
2026-08-27T13:42:32.9727350-07:00,0,54,639,24576,2.6,10.61,31.91,33.2,1,28.29,12.2,642.39,34.5,1880|3920|12496|25856|16008|16836|22812|26468|20388|21532|23968|21692|11520|15040|15172|23488|4008|18804
2026-08-27T13:43:19.2185003-07:00,0,54,639,24576,2.6,10.61,31.91,33.2,0,28.29,12.2,642.39,34.5,1880|3920|12496|25856|16008|16836|22812|26468|20388|21532|23968|21692|11520|15040|15172|23488|4008|18804
2026-08-27T13:44:05.4655356-07:00,0,54,639,24576,2.6,10.62,31.91,33.3,3,28.29,12.2,642.39,34.5,1880|3920|12496|25856|16008|16836|22812|26468|20388|21532|23968|21692|11520|15040|15172|23488|4008|18804
2026-08-27T13:44:51.6950993-07:00,0,54,639,24576,2.6,10.62,31.91,33.3,0,28.29,12.2,642.39,34.5,1880|3920|12496|25856|16008|16836|22812|26468|20388|21532|23968|21692|11520|15040|15172|23488|4008|18804
2026-08-27T13:45:37.9496925-07:00,0,54,639,24576,2.6,10.61,31.91,33.2,3,28.29,12.2,642.39,34.5,1880|3920|12496|25856|16008|16836|22812|26468|20388|21532|23968|21692|11520|15040|15172|23488|4008|18804
2026-08-27T13:46:24.1816323-07:00,0,54,639,24576,2.6,10.61,31.91,33.2,0,28.29,12.2,642.39,34.5,1880|3920|12496|25856|16008|16836|22812|26468|20388|21532|23968|21692|11520|15040|15172|23488|4008|18804
2026-08-27T13:47:10.4246664-07:00,0,54,639,24576,2.6,10.61,31.91,33.2,0,28.29,12.2,642.39,34.5,1880|3920|12496|25856|16008|16836|22812|26468|20388|21532|23968|21692|11520|15040|15172|23488|4008|18804
2026-08-27T13:47:56.6619562-07:00,0,54,639,24576,2.6,10.62,31.91,33.3,2,28.29,12.2,642.39,34.5,1880|3920|12496|25856|16008|16836|22812|26468|20388|21532|23968|21692|11520|15040|15172|23488|4008|18804
2026-08-27T13:48:42.9096932-07:00,0,54,639,24576,2.6,10.61,31.91,33.2,3,28.29,12.2,642.39,34.5,1880|3920|12496|25856|16008|16836|22812|26468|20388|21532|23968|21692|11520|15040|15172|23488|4008|18804
2026-08-27T13:49:29.1312709-07:00,0,54,639,24576,2.6,10.62,31.91,33.3,5,28.29,12.2,642.39,34.5,1880|3920|12496|25856|16008|16836|22812|26468|20388|21532|23968|21692|11520|15040|15172|23488|4008|18804
2026-08-27T13:50:15.3863041-07:00,0,54,639,24576,2.6,10.7,31.91,33.5,0,28.29,12.2,642.39,34.5,1880|3920|12496|25856|16008|16836|22812|26468|20388|21532|23968|21692|11520|15040|15172|23488|4008|18804
2026-08-27T13:51:01.6166657-07:00,0,54,639,24576,2.6,10.67,31.91,33.4,1,28.29,12.2,642.39,34.5,1880|3920|12496|25856|16008|16836|22812|26468|20388|21532|23968|21692|11520|15040|15172|23488|4008|18804
2026-08-27T13:51:47.8706424-07:00,0,54,639,24576,2.6,10.65,31.91,33.4,2,28.29,12.2,642.39,34.5,1880|3920|12496|25856|16008|16836|22812|26468|20388|21532|23968|21692|11520|15040|15172|23488|4008|18804
2026-08-27T13:52:34.1389823-07:00,0,54,639,24576,2.6,10.65,31.91,33.4,3,28.29,12.2,642.39,34.5,1880|3920|12496|25856|16008|16836|22812|26468|20388|21532|23968|21692|11520|15040|15172|23488|4008|18804
2026-08-27T13:53:20.3890960-07:00,0,54,639,24576,2.6,10.65,31.91,33.4,1,28.29,12.2,642.39,34.5,1880|3920|12496|25856|16008|16836|22812|26468|20388|21532|23968|21692|11520|15040|15172|23488|4008|18804
2026-08-27T13:54:06.6314158-07:00,0,54,639,24576,2.6,10.66,31.91,33.4,1,28.29,12.2,642.39,34.5,1880|3920|12496|25856|16008|16836|22812|26468|20388|21532|23968|21692|11520|15040|15172|23488|4008|18804
2026-08-27T13:54:52.8576976-07:00,0,54,639,24576,2.6,10.66,31.91,33.4,2,28.29,12.2,642.39,34.5,1880|3920|12496|25856|16008|16836|22812|26468|20388|21532|23968|21692|11520|15040|15172|23488|4008|18804
2026-08-27T13:55:39.0933450-07:00,0,54,639,24576,2.6,10.62,31.91,33.3,3,28.29,12.2,642.39,34.5,1880|3920|12496|25856|16008|16836|22812|26468|20388|21532|23968|21692|11520|15040|15172|23488|4008|18804
2026-08-27T13:56:25.3539885-07:00,0,54,639,24576,2.6,10.61,31.91,33.2,2,28.29,12.2,642.39,34.5,1880|3920|12496|25856|16008|16836|22812|26468|20388|21532|23968|21692|11520|15040|15172|23488|4008|18804
2026-08-27T13:57:11.5910838-07:00,0,54,639,24576,2.6,10.61,31.91,33.2,3,28.29,12.2,642.39,34.5,1880|3920|12496|25856|16008|16836|22812|26468|20388|21532|23968|21692|11520|15040|15172|23488|4008|18804
2026-08-27T13:57:57.8251033-07:00,0,54,639,24576,2.6,10.63,31.91,33.3,3,28.29,12.2,642.39,34.5,1880|3920|12496|25856|16008|16836|22812|26468|20388|21532|23968|21692|11520|15040|15172|23488|4008|18804
2026-08-27T13:58:44.0732261-07:00,0,54,639,24576,2.6,10.64,31.91,33.3,1,28.29,12.2,642.39,34.5,1880|3920|12496|25856|16008|16836|22812|26468|20388|21532|23968|21692|11520|15040|15172|23488|4008|18804
2026-08-27T13:59:30.3044656-07:00,0,54,639,24576,2.6,10.62,31.91,33.3,1,28.29,12.2,642.39,34.5,1880|3920|12496|25856|16008|16836|22812|26468|20388|21532|23968|21692|11520|15040|15172|23488|4008|18804
2026-08-27T14:00:16.5255002-07:00,0,54,639,24576,2.6,10.63,31.91,33.3,3,28.29,12.2,642.39,34.5,1880|3920|12496|25856|16008|16836|22812|26468|20388|21532|23968|21692|11520|15040|15172|23488|4008|18804
2026-08-27T14:01:02.7799084-07:00,0,53,639,24576,2.6,10.62,31.91,33.3,3,28.29,12.2,642.39,34.5,1880|3920|12496|25856|16008|16836|22812|26468|20388|21532|23968|21692|11520|15040|15172|23488|4008|18804
2026-08-27T14:01:49.0072405-07:00,0,54,639,24576,2.6,10.62,31.91,33.3,0,28.29,12.2,642.39,34.5,1880|3920|12496|25856|16008|16836|22812|26468|20388|21532|23968|21692|11520|15040|15172|23488|4008|18804
2026-08-27T14:02:35.2529650-07:00,0,54,639,24576,2.6,10.63,31.91,33.3,2,28.29,12.2,642.39,34.5,1880|3920|12496|25856|16008|16836|22812|26468|20388|21532|23968|21692|11520|15040|15172|23488|4008|18804
2026-08-27T14:03:21.4823709-07:00,0,54,639,24576,2.6,10.63,31.91,33.3,2,28.29,12.2,642.39,34.5,1880|3920|12496|25856|16008|16836|22812|26468|20388|21532|23968|21692|11520|15040|15172|23488|4008|18804
2026-08-27T14:04:07.7417653-07:00,0,53,639,24576,2.6,10.62,31.91,33.3,6,28.29,12.2,642.39,34.5,1880|3920|12496|25856|16008|16836|22812|26468|20388|21532|23968|21692|11520|15040|15172|23488|4008|18804
2026-08-27T14:04:53.9922199-07:00,0,53,639,24576,2.6,10.63,31.91,33.3,1,28.29,12.2,642.39,34.5,1880|3920|12496|25856|16008|16836|22812|26468|20388|21532|23968|21692|11520|15040|15172|23488|4008|18804
2026-08-27T14:05:40.2305652-07:00,0,53,639,24576,2.6,10.62,31.91,33.3,1,28.29,12.2,642.39,34.5,1880|3920|12496|25856|16008|16836|22812|26468|20388|21532|23968|21692|11520|15040|15172|23488|4008|18804
2026-08-27T14:06:26.4565517-07:00,0,53,639,24576,2.6,10.63,31.91,33.3,1,28.29,12.2,642.39,34.5,1880|3920|12496|25856|16008|16836|22812|26468|20388|21532|23968|21692|11520|15040|15172|23488|4008|18804
2026-08-27T14:07:12.7003363-07:00,0,53,639,24576,2.6,10.64,31.91,33.3,2,28.29,12.2,642.39,34.5,1880|3920|12496|25856|16008|16836|22812|26468|20388|21532|23968|21692|11520|15040|15172|23488|4008|18804
2026-08-27T14:07:58.9404757-07:00,0,53,639,24576,2.6,10.61,31.91,33.2,3,28.29,12.2,642.39,34.5,1880|3920|12496|25856|16008|16836|22812|26468|20388|21532|23968|21692|11520|15040|15172|23488|4008|18804
2026-08-27T14:08:45.1814668-07:00,0,53,639,24576,2.6,10.61,31.91,33.2,1,28.29,12.2,642.39,34.5,1880|3920|12496|25856|16008|16836|22812|26468|20388|21532|23968|21692|11520|15040|15172|23488|4008|18804
2026-08-27T14:09:31.4074805-07:00,0,53,639,24576,2.6,10.6,31.91,33.2,0,28.29,12.2,642.39,34.5,1880|3920|12496|25856|16008|16836|22812|26468|20388|21532|23968|21692|11520|15040|15172|23488|4008|18804
2026-08-27T14:10:17.6524811-07:00,0,53,639,24576,2.6,10.61,31.91,33.2,1,28.29,12.2,642.39,34.5,1880|3920|12496|25856|16008|16836|22812|26468|20388|21532|23968|21692|11520|15040|15172|23488|4008|18804
2026-08-27T14:11:03.8805956-07:00,0,53,639,24576,2.6,10.62,31.91,33.3,1,28.29,12.2,642.39,34.5,1880|3920|12496|25856|16008|16836|22812|26468|20388|21532|23968|21692|11520|15040|15172|23488|4008|18804
2026-08-27T14:11:50.1339084-07:00,0,54,639,24576,2.6,10.61,31.91,33.2,0,28.29,12.2,642.39,34.5,1880|3920|12496|25856|16008|16836|22812|26468|20388|21532|23968|21692|11520|15040|15172|23488|4008|18804
2026-08-27T14:12:36.3688755-07:00,0,54,639,24576,2.6,10.62,31.91,33.3,4,28.29,12.2,642.39,34.5,1880|3920|12496|25856|16008|16836|22812|26468|20388|21532|23968|21692|11520|15040|15172|23488|4008|18804
2026-08-27T14:13:22.6078040-07:00,0,53,639,24576,2.6,10.62,31.91,33.3,1,28.29,12.2,642.39,34.5,1880|3920|12496|25856|16008|16836|22812|26468|20388|21532|23968|21692|11520|15040|15172|23488|4008|18804
2026-08-27T14:14:08.8496912-07:00,0,53,639,24576,2.6,10.61,31.91,33.2,2,28.29,12.2,642.39,34.5,1880|3920|12496|25856|16008|16836|22812|26468|20388|21532|23968|21692|11520|15040|15172|23488|4008|18804
2026-08-27T14:14:55.0989025-07:00,0,53,639,24576,2.6,10.62,31.91,33.3,0,28.29,12.2,642.39,34.5,1880|3920|12496|25856|16008|16836|22812|26468|20388|21532|23968|21692|11520|15040|15172|23488|4008|18804
2026-08-27T14:15:41.3249449-07:00,0,54,639,24576,2.6,10.62,31.91,33.3,0,28.29,12.2,642.39,34.5,1880|3920|12496|25856|16008|16836|22812|26468|20388|21532|23968|21692|11520|15040|15172|23488|4008|18804
2026-08-27T14:16:27.5779158-07:00,0,53,639,24576,2.6,10.61,31.91,33.2,1,28.29,12.2,642.39,34.5,1880|3920|12496|25856|16008|16836|22812|26468|20388|21532|23968|21692|11520|15040|15172|23488|4008|18804
2026-08-27T14:17:13.8227552-07:00,0,54,639,24576,2.6,10.61,31.91,33.2,0,28.29,12.2,642.39,34.5,1880|3920|12496|25856|16008|16836|22812|26468|20388|21532|23968|21692|11520|15040|15172|23488|4008|18804
2026-08-27T14:18:00.0682291-07:00,0,54,639,24576,2.6,10.62,31.91,33.3,0,28.29,12.2,642.39,34.5,1880|3920|12496|25856|16008|16836|22812|26468|20388|21532|23968|21692|11520|15040|15172|23488|4008|18804
2026-08-27T14:18:46.3102066-07:00,0,54,639,24576,2.6,10.61,31.91,33.2,3,28.29,12.2,642.39,34.5,1880|3920|12496|25856|16008|16836|22812|26468|20388|21532|23968|21692|11520|15040|15172|23488|4008|18804
2026-08-27T14:19:32.5413959-07:00,0,54,639,24576,2.6,10.61,31.91,33.2,3,28.29,12.2,642.39,34.5,1880|3920|12496|25856|16008|16836|22812|26468|20388|21532|23968|21692|11520|15040|15172|23488|4008|18804
2026-08-27T14:20:18.7708133-07:00,0,54,639,24576,2.6,10.65,31.91,33.4,0,28.29,12.2,642.39,34.5,1880|3920|12496|25856|16008|16836|22812|26468|20388|21532|23968|21692|11520|15040|15172|23488|4008|18804
2026-08-27T14:21:05.0231338-07:00,0,54,639,24576,2.6,10.62,31.91,33.3,1,28.29,12.2,642.39,34.5,1880|3920|12496|25856|16008|16836|22812|26468|20388|21532|23968|21692|11520|15040|15172|23488|4008|18804
2026-08-27T14:21:51.2703487-07:00,0,54,639,24576,2.6,10.62,31.91,33.3,1,28.29,12.2,642.39,34.5,1880|3920|12496|25856|16008|16836|22812|26468|20388|21532|23968|21692|11520|15040|15172|23488|4008|18804
2026-08-27T14:22:37.5322822-07:00,0,54,639,24576,2.6,10.62,31.91,33.3,0,28.29,12.2,642.39,34.5,1880|3920|12496|25856|16008|16836|22812|26468|20388|21532|23968|21692|11520|15040|15172|23488|4008|18804
2026-08-27T14:23:23.7601436-07:00,0,54,639,24576,2.6,10.62,31.91,33.3,2,28.29,12.2,642.39,34.5,1880|3920|12496|25856|16008|16836|22812|26468|20388|21532|23968|21692|11520|15040|15172|23488|4008|18804
2026-08-27T14:24:10.0308811-07:00,0,54,639,24576,2.6,10.62,31.91,33.3,3,28.29,12.2,642.39,34.5,1880|3920|12496|25856|16008|16836|22812|26468|20388|21532|23968|21692|11520|15040|15172|23488|4008|18804
2026-08-27T14:24:56.2643288-07:00,0,54,639,24576,2.6,10.62,31.91,33.3,0,28.29,12.2,642.39,34.5,1880|3920|12496|25856|16008|16836|22812|26468|20388|21532|23968|21692|11520|15040|15172|23488|4008|18804
2026-08-27T14:25:42.5035345-07:00,0,54,639,24576,2.6,10.62,31.91,33.3,1,28.29,12.2,642.39,34.5,1880|3920|12496|25856|16008|16836|22812|26468|20388|21532|23968|21692|11520|15040|15172|23488|4008|18804
2026-08-27T14:26:28.7351881-07:00,0,54,639,24576,2.6,10.63,31.91,33.3,1,28.29,12.2,642.39,34.5,1880|3920|12496|25856|16008|16836|22812|26468|20388|21532|23968|21692|11520|15040|15172|23488|4008|18804
2026-08-27T14:27:15.0039819-07:00,0,54,639,24576,2.6,10.62,31.91,33.3,2,28.29,12.2,642.39,34.5,1880|3920|12496|25856|16008|16836|22812|26468|20388|21532|23968|21692|11520|15040|15172|23488|4008|18804
2026-08-27T14:28:01.2588238-07:00,0,54,639,24576,2.6,10.62,31.91,33.3,1,28.29,12.2,642.39,34.5,1880|3920|12496|25856|16008|16836|22812|26468|20388|21532|23968|21692|11520|15040|15172|23488|4008|18804
2026-08-27T14:28:47.5152941-07:00,0,54,639,24576,2.6,10.62,31.91,33.3,1,28.29,12.2,642.39,34.5,1880|3920|12496|25856|16008|16836|22812|26468|20388|21532|23968|21692|11520|15040|15172|23488|4008|18804
2026-08-27T14:29:33.7587528-07:00,0,54,639,24576,2.6,10.62,31.91,33.3,0,28.29,12.2,642.39,34.5,1880|3920|12496|25856|16008|16836|22812|26468|20388|21532|23968|21692|11520|15040|15172|23488|4008|18804
2026-08-27T14:30:19.9960505-07:00,0,54,639,24576,2.6,10.62,31.91,33.3,0,28.29,12.2,642.39,34.5,1880|3920|12496|25856|16008|16836|22812|26468|20388|21532|23968|21692|11520|15040|15172|23488|4008|18804
2026-08-27T14:31:06.2351481-07:00,0,54,639,24576,2.6,10.61,31.91,33.2,1,28.29,12.2,642.39,34.5,1880|3920|12496|25856|16008|16836|22812|26468|20388|21532|23968|21692|11520|15040|15172|23488|4008|18804
2026-08-27T14:31:52.4848834-07:00,0,54,639,24576,2.6,10.61,31.91,33.2,0,28.29,12.2,642.39,34.5,1880|3920|12496|25856|16008|16836|22812|26468|20388|21532|23968|21692|11520|15040|15172|23488|4008|18804
2026-08-27T14:32:38.7302160-07:00,0,54,639,24576,2.6,10.62,31.91,33.3,3,28.29,12.2,642.39,34.5,1880|3920|12496|25856|16008|16836|22812|26468|20388|21532|23968|21692|11520|15040|15172|23488|4008|18804
2026-08-27T14:33:24.9791356-07:00,0,54,639,24576,2.6,10.61,31.91,33.2,3,28.29,12.2,642.39,34.5,1880|3920|12496|25856|16008|16836|22812|26468|20388|21532|23968|21692|11520|15040|15172|23488|4008|18804
2026-08-27T14:34:11.1988451-07:00,0,53,639,24576,2.6,10.62,31.91,33.3,1,28.29,12.2,642.39,34.5,1880|3920|12496|25856|16008|16836|22812|26468|20388|21532|23968|21692|11520|15040|15172|23488|4008|18804
2026-08-27T14:34:57.4417394-07:00,0,54,639,24576,2.6,10.66,31.91,33.4,2,28.29,12.2,642.39,34.5,1880|3920|12496|25856|16008|16836|22812|26468|20388|21532|23968|21692|11520|15040|15172|23488|4008|18804
2026-08-27T14:35:43.6884106-07:00,0,53,639,24576,2.6,10.64,31.91,33.3,4,28.29,12.2,642.39,34.5,1880|3920|12496|25856|16008|16836|22812|26468|20388|21532|23968|21692|11520|15040|15172|23488|4008|18804
2026-08-27T14:36:29.9329870-07:00,0,53,639,24576,2.6,10.63,31.91,33.3,1,28.29,12.2,642.39,34.5,1880|3920|12496|25856|16008|16836|22812|26468|20388|21532|23968|21692|11520|15040|15172|23488|4008|18804
2026-08-27T14:37:16.1625024-07:00,0,53,639,24576,2.6,10.62,31.91,33.3,2,28.29,12.2,642.39,34.5,1880|3920|12496|25856|16008|16836|22812|26468|20388|21532|23968|21692|11520|15040|15172|23488|4008|18804
2026-08-27T14:38:02.4002340-07:00,0,53,639,24576,2.6,10.62,31.91,33.3,1,28.29,12.2,642.39,34.5,1880|3920|12496|25856|16008|16836|22812|26468|20388|21532|23968|21692|11520|15040|15172|23488|4008|18804
2026-08-27T14:38:48.6249515-07:00,0,53,639,24576,2.6,10.63,31.91,33.3,4,28.29,12.2,642.39,34.5,1880|3920|12496|25856|16008|16836|22812|26468|20388|21532|23968|21692|11520|15040|15172|23488|4008|18804
2026-08-27T14:39:34.8693848-07:00,0,53,639,24576,2.6,10.62,31.91,33.3,1,28.29,12.2,642.39,34.5,1880|3920|12496|25856|16008|16836|22812|26468|20388|21532|23968|21692|11520|15040|15172|23488|4008|18804
2026-08-27T14:40:21.1013650-07:00,0,54,639,24576,2.6,10.62,31.91,33.3,0,28.29,12.2,642.39,34.5,1880|3920|12496|25856|16008|16836|22812|26468|20388|21532|23968|21692|11520|15040|15172|23488|4008|18804
2026-08-27T14:41:07.3446899-07:00,0,54,639,24576,2.6,10.62,31.91,33.3,1,28.29,12.2,642.39,34.5,1880|3920|12496|25856|16008|16836|22812|26468|20388|21532|23968|21692|11520|15040|15172|23488|4008|18804
2026-08-27T14:41:53.5689809-07:00,0,54,639,24576,2.6,10.62,31.91,33.3,1,28.29,12.2,642.39,34.5,1880|3920|12496|25856|16008|16836|22812|26468|20388|21532|23968|21692|11520|15040|15172|23488|4008|18804
2026-08-27T14:42:39.8262481-07:00,0,53,639,24576,2.6,10.62,31.91,33.3,3,28.29,12.2,642.39,34.5,1880|3920|12496|25856|16008|16836|22812|26468|20388|21532|23968|21692|11520|15040|15172|23488|4008|18804
2026-08-27T14:43:26.0649254-07:00,0,53,639,24576,2.6,10.62,31.91,33.3,1,28.29,12.2,642.39,34.5,1880|3920|12496|25856|16008|16836|22812|26468|20388|21532|23968|21692|11520|15040|15172|23488|4008|18804
2026-08-27T14:44:12.3188232-07:00,0,54,639,24576,2.6,10.63,31.91,33.3,3,28.29,12.2,642.39,34.5,1880|3920|12496|25856|16008|16836|22812|26468|20388|21532|23968|21692|11520|15040|15172|23488|4008|18804
2026-08-27T14:44:58.5496593-07:00,0,54,639,24576,2.6,10.64,31.91,33.3,1,28.29,12.2,642.39,34.5,1880|3920|12496|25856|16008|16836|22812|26468|20388|21532|23968|21692|11520|15040|15172|23488|4008|18804
2026-08-27T14:45:44.7937919-07:00,0,54,639,24576,2.6,10.63,31.91,33.3,1,28.29,12.2,642.39,34.5,1880|3920|12496|25856|16008|16836|22812|26468|20388|21532|23968|21692|11520|15040|15172|23488|4008|18804
2026-08-27T14:46:31.0375174-07:00,0,54,639,24576,2.6,10.62,31.91,33.3,2,28.29,12.2,642.39,34.5,1880|3920|12496|25856|16008|16836|22812|26468|20388|21532|23968|21692|11520|15040|15172|23488|4008|18804
2026-08-27T14:47:17.2940192-07:00,0,53,639,24576,2.6,10.62,31.91,33.3,0,28.29,12.2,642.39,34.5,1880|3920|12496|25856|16008|16836|22812|26468|20388|21532|23968|21692|11520|15040|15172|23488|4008|18804
2026-08-27T14:48:03.5415442-07:00,0,53,639,24576,2.6,10.62,31.91,33.3,1,28.29,12.2,642.39,34.5,1880|3920|12496|25856|16008|16836|22812|26468|20388|21532|23968|21692|11520|15040|15172|23488|4008|18804
2026-08-27T14:48:49.7792771-07:00,0,53,639,24576,2.6,10.6,31.91,33.2,4,28.29,12.2,642.39,34.5,1880|3920|12496|25856|16008|16836|22812|26468|20388|21532|23968|21692|11520|15040|15172|23488|4008|18804
2026-08-27T14:49:36.0089660-07:00,0,53,639,24576,2.6,10.75,31.91,33.7,2,28.59,12.4,642.39,34.5,1880|3920|12496|25856|16008|16836|22812|26468|20388|21532|23968|21692|11520|15040|15172|23488|4008|18804
2026-08-27T14:50:22.2527710-07:00,0,53,639,24576,2.6,10.91,31.91,34.2,2,28.45,12.3,642.39,34.5,1880|3920|12496|25856|16008|16836|22812|26468|20388|21532|23968|21692|11520|15040|15172|23488|4008|18804
2026-08-27T14:51:08.5034561-07:00,0,53,639,24576,2.6,10.88,31.91,34.1,0,28.45,12.3,642.39,34.5,1880|3920|12496|25856|16008|16836|22812|26468|20388|21532|23968|21692|11520|15040|15172|23488|4008|18804
2026-08-27T14:51:54.7559101-07:00,0,53,639,24576,2.6,10.82,31.91,33.9,0,28.46,12.3,642.39,34.5,1880|3920|12496|25856|16008|16836|22812|26468|20388|21532|23968|21692|11520|15040|15172|23488|4008|18804
2026-08-27T14:52:41.0264127-07:00,0,53,639,24576,2.6,10.81,31.91,33.9,3,28.46,12.3,642.39,34.5,1880|3920|12496|25856|16008|16836|22812|26468|20388|21532|23968|21692|11520|15040|15172|23488|4008|18804
2026-08-27T14:53:27.2801070-07:00,0,53,639,24576,2.6,10.8,31.91,33.8,2,28.46,12.3,642.39,34.5,1880|3920|12496|25856|16008|16836|22812|26468|20388|21532|23968|21692|11520|15040|15172|23488|4008|18804
2026-08-27T14:54:13.5130999-07:00,0,53,639,24576,2.6,10.8,31.91,33.8,3,28.46,12.3,642.39,34.5,1880|3920|12496|25856|16008|16836|22812|26468|20388|21532|23968|21692|11520|15040|15172|23488|4008|18804
2026-08-27T14:54:59.7691029-07:00,0,53,639,24576,2.6,10.8,31.91,33.8,2,28.46,12.3,642.39,34.5,1880|3920|12496|25856|16008|16836|22812|26468|20388|21532|23968|21692|11520|15040|15172|23488|4008|18804
2026-08-27T14:55:45.9907600-07:00,0,53,639,24576,2.6,10.78,31.91,33.8,2,28.46,12.3,642.39,34.5,1880|3920|12496|25856|16008|16836|22812|26468|20388|21532|23968|21692|11520|15040|15172|23488|4008|18804
2026-08-27T14:56:32.2279272-07:00,0,53,639,24576,2.6,10.76,31.91,33.7,2,28.46,12.3,642.39,34.5,1880|3920|12496|25856|16008|16836|22812|26468|20388|21532|23968|21692|11520|15040|15172|23488|4008|18804
2026-08-27T14:57:18.4642587-07:00,0,53,639,24576,2.6,10.77,31.91,33.8,0,28.46,12.3,642.39,34.5,1880|3920|12496|25856|16008|16836|22812|26468|20388|21532|23968|21692|11520|15040|15172|23488|4008|18804
2026-08-27T14:58:04.7017057-07:00,0,53,639,24576,2.6,10.77,31.91,33.8,2,28.46,12.3,642.39,34.5,1880|3920|12496|25856|16008|16836|22812|26468|20388|21532|23968|21692|11520|15040|15172|23488|4008|18804
2026-08-27T14:58:50.9349218-07:00,0,53,639,24576,2.6,10.76,31.91,33.7,2,28.46,12.3,642.39,34.5,1880|3920|12496|25856|16008|16836|22812|26468|20388|21532|23968|21692|11520|15040|15172|23488|4008|18804
2026-08-27T14:59:37.1593797-07:00,0,53,639,24576,2.6,10.76,31.91,33.7,4,28.46,12.3,642.39,34.5,1880|3920|12496|25856|16008|16836|22812|26468|20388|21532|23968|21692|11520|15040|15172|23488|4008|18804
2026-08-27T15:00:23.3976617-07:00,0,53,639,24576,2.6,10.7,31.91,33.5,1,28.46,12.3,642.39,34.5,1880|3920|12496|25856|16008|16836|22812|26468|20388|21532|23968|21692|11520|15040|15172|23488|4008|18804
2026-08-27T15:01:09.6449042-07:00,0,53,639,24576,2.6,10.71,31.91,33.6,2,28.46,12.3,642.39,34.5,1880|3920|12496|25856|16008|16836|22812|26468|20388|21532|23968|21692|11520|15040|15172|23488|4008|18804
2026-08-27T15:01:55.8725966-07:00,0,53,639,24576,2.6,10.84,31.91,34,2,28.46,12.3,642.39,34.5,1880|3920|12496|25856|16008|16836|22812|26468|20388|21532|23968|21692|11520|15040|15172|23488|4008|18804
2026-08-27T15:02:42.1405896-07:00,0,53,639,24576,2.6,10.77,31.91,33.8,0,28.46,12.3,642.39,34.5,1880|3920|12496|25856|16008|16836|22812|26468|20388|21532|23968|21692|11520|15040|15172|23488|4008|18804
2026-08-27T15:03:28.3932217-07:00,0,53,639,24576,2.6,10.74,31.91,33.7,3,28.46,12.3,642.39,34.5,1880|3920|12496|25856|16008|16836|22812|26468|20388|21532|23968|21692|11520|15040|15172|23488|4008|18804
2026-08-27T15:04:14.6282639-07:00,0,53,639,24576,2.6,10.74,31.91,33.7,2,28.46,12.3,642.39,34.5,1880|3920|12496|25856|16008|16836|22812|26468|20388|21532|23968|21692|11520|15040|15172|23488|4008|18804
2026-08-27T15:05:00.8655973-07:00,0,53,639,24576,2.6,10.75,31.91,33.7,2,28.46,12.3,642.39,34.5,1880|3920|12496|25856|16008|16836|22812|26468|20388|21532|23968|21692|11520|15040|15172|23488|4008|18804
2026-08-27T15:05:47.1100497-07:00,0,53,639,24576,2.6,10.72,31.91,33.6,4,28.46,12.3,642.39,34.5,1880|3920|12496|25856|16008|16836|22812|26468|20388|21532|23968|21692|11520|15040|15172|23488|4008|18804
2026-08-27T15:06:33.3299948-07:00,0,53,639,24576,2.6,10.72,31.91,33.6,1,28.46,12.3,642.39,34.5,1880|3920|12496|25856|16008|16836|22812|26468|20388|21532|23968|21692|11520|15040|15172|23488|4008|18804
2026-08-27T15:07:19.5680811-07:00,0,53,639,24576,2.6,10.72,31.91,33.6,0,28.46,12.3,642.39,34.5,1880|3920|12496|25856|16008|16836|22812|26468|20388|21532|23968|21692|11520|15040|15172|23488|4008|18804
2026-08-27T15:08:05.8179864-07:00,0,53,639,24576,2.6,10.69,31.91,33.5,1,28.46,12.3,642.39,34.5,1880|3920|12496|25856|16008|16836|22812|26468|20388|21532|23968|21692|11520|15040|15172|23488|4008|18804
2026-08-27T15:08:52.0668570-07:00,0,53,639,24576,2.6,10.68,31.91,33.5,1,28.46,12.3,642.39,34.5,1880|3920|12496|25856|16008|16836|22812|26468|20388|21532|23968|21692|11520|15040|15172|23488|4008|18804
2026-08-27T15:09:38.3065042-07:00,0,53,639,24576,2.6,10.68,31.91,33.5,1,28.46,12.3,642.39,34.5,1880|3920|12496|25856|16008|16836|22812|26468|20388|21532|23968|21692|11520|15040|15172|23488|4008|18804
2026-08-27T15:10:24.5392523-07:00,0,53,639,24576,2.6,10.69,31.91,33.5,1,28.46,12.3,642.39,34.5,1880|3920|12496|25856|16008|16836|22812|26468|20388|21532|23968|21692|11520|15040|15172|23488|4008|18804
2026-08-27T15:11:10.7769683-07:00,0,53,639,24576,2.6,10.69,31.91,33.5,1,28.46,12.3,642.39,34.5,1880|3920|12496|25856|16008|16836|22812|26468|20388|21532|23968|21692|11520|15040|15172|23488|4008|18804
2026-08-27T15:11:57.0317369-07:00,0,54,639,24576,2.6,10.68,31.91,33.5,4,28.46,12.3,642.39,34.5,1880|3920|12496|25856|16008|16836|22812|26468|20388|21532|23968|21692|11520|15040|15172|23488|4008|18804
2026-08-27T15:12:43.2449488-07:00,0,54,639,24576,2.6,10.68,31.91,33.5,0,28.46,12.3,642.39,34.5,1880|3920|12496|25856|16008|16836|22812|26468|20388|21532|23968|21692|11520|15040|15172|23488|4008|18804
2026-08-27T15:13:29.5006339-07:00,0,54,639,24576,2.6,10.68,31.91,33.5,1,28.46,12.3,642.39,34.5,1880|3920|12496|25856|16008|16836|22812|26468|20388|21532|23968|21692|11520|15040|15172|23488|4008|18804
2026-08-27T15:14:15.7292634-07:00,0,54,639,24576,2.6,10.69,31.91,33.5,2,28.46,12.3,642.39,34.5,1880|3920|12496|25856|16008|16836|22812|26468|20388|21532|23968|21692|11520|15040|15172|23488|4008|18804
2026-08-27T15:15:01.9862246-07:00,0,54,639,24576,2.6,10.69,31.91,33.5,1,28.46,12.3,642.39,34.5,1880|3920|12496|25856|16008|16836|22812|26468|20388|21532|23968|21692|11520|15040|15172|23488|4008|18804
2026-08-27T15:15:48.2096674-07:00,0,54,639,24576,2.6,10.69,31.91,33.5,4,28.46,12.3,642.39,34.5,1880|3920|12496|25856|16008|16836|22812|26468|20388|21532|23968|21692|11520|15040|15172|23488|4008|18804
2026-08-27T15:16:34.4451208-07:00,0,54,639,24576,2.6,10.7,31.91,33.5,0,28.46,12.3,642.39,34.5,1880|3920|12496|25856|16008|16836|22812|26468|20388|21532|23968|21692|11520|15040|15172|23488|4008|18804
2026-08-27T15:17:20.6838638-07:00,0,54,639,24576,2.6,10.69,31.91,33.5,1,28.46,12.3,642.39,34.5,1880|3920|12496|25856|16008|16836|22812|26468|20388|21532|23968|21692|11520|15040|15172|23488|4008|18804
2026-08-27T15:18:06.9369250-07:00,0,54,639,24576,2.6,10.69,31.91,33.5,1,28.46,12.3,642.39,34.5,1880|3920|12496|25856|16008|16836|22812|26468|20388|21532|23968|21692|11520|15040|15172|23488|4008|18804
2026-08-27T15:18:53.1753149-07:00,0,54,639,24576,2.6,10.69,31.91,33.5,1,28.46,12.3,642.39,34.5,1880|3920|12496|25856|16008|16836|22812|26468|20388|21532|23968|21692|11520|15040|15172|23488|4008|18804
2026-08-27T15:19:39.4303915-07:00,0,54,639,24576,2.6,10.74,31.91,33.7,1,28.46,12.3,642.39,34.5,1880|3920|12496|25856|16008|16836|22812|26468|20388|21532|23968|21692|11520|15040|15172|23488|4008|18804
2026-08-27T15:20:25.6811988-07:00,0,54,639,24576,2.6,10.74,31.91,33.7,4,28.46,12.3,642.39,34.5,1880|3920|12496|25856|16008|16836|22812|26468|20388|21532|23968|21692|11520|15040|15172|23488|4008|18804
2026-08-27T15:21:11.9305762-07:00,0,54,639,24576,2.6,10.71,31.91,33.6,0,28.46,12.3,642.39,34.5,1880|3920|12496|25856|16008|16836|22812|26468|20388|21532|23968|21692|11520|15040|15172|23488|4008|18804
2026-08-27T15:21:58.1778566-07:00,0,54,639,24576,2.6,10.71,31.91,33.6,2,28.46,12.3,642.39,34.5,1880|3920|12496|25856|16008|16836|22812|26468|20388|21532|23968|21692|11520|15040|15172|23488|4008|18804
2026-08-27T15:22:44.4490685-07:00,0,54,639,24576,2.6,10.71,31.91,33.6,2,28.46,12.3,642.39,34.5,1880|3920|12496|25856|16008|16836|22812|26468|20388|21532|23968|21692|11520|15040|15172|23488|4008|18804
2026-08-27T15:23:30.6706633-07:00,0,54,639,24576,2.6,10.72,31.91,33.6,2,28.46,12.3,642.39,34.5,1880|3920|12496|25856|16008|16836|22812|26468|20388|21532|23968|21692|11520|15040|15172|23488|4008|18804
2026-08-27T15:24:16.9081937-07:00,0,54,639,24576,2.6,10.71,31.91,33.6,4,28.46,12.3,642.39,34.5,1880|3920|12496|25856|16008|16836|22812|26468|20388|21532|23968|21692|11520|15040|15172|23488|4008|18804
2026-08-27T15:25:03.1387224-07:00,0,54,639,24576,2.6,10.69,31.91,33.5,1,28.46,12.3,642.39,34.5,1880|3920|12496|25856|16008|16836|22812|26468|20388|21532|23968|21692|11520|15040|15172|23488|4008|18804
2026-08-27T15:25:49.3801501-07:00,0,54,639,24576,2.6,10.68,31.91,33.5,1,28.46,12.3,642.39,34.5,1880|3920|12496|25856|16008|16836|22812|26468|20388|21532|23968|21692|11520|15040|15172|23488|4008|18804
2026-08-27T15:26:35.6257845-07:00,0,54,639,24576,2.6,10.69,31.91,33.5,1,28.46,12.3,642.39,34.5,1880|3920|12496|25856|16008|16836|22812|26468|20388|21532|23968|21692|11520|15040|15172|23488|4008|18804
2026-08-27T15:27:21.8870632-07:00,0,54,639,24576,2.6,10.68,31.91,33.5,2,28.46,12.3,642.39,34.5,1880|3920|12496|25856|16008|16836|22812|26468|20388|21532|23968|21692|11520|15040|15172|23488|4008|18804
2026-08-27T15:28:08.1324275-07:00,0,54,639,24576,2.6,10.68,31.91,33.5,0,28.46,12.3,642.39,34.5,1880|3920|12496|25856|16008|16836|22812|26468|20388|21532|23968|21692|11520|15040|15172|23488|4008|18804
2026-08-27T15:28:54.3968828-07:00,0,54,639,24576,2.6,10.68,31.91,33.5,1,28.46,12.3,642.39,34.5,1880|3920|12496|25856|16008|16836|22812|26468|20388|21532|23968|21692|11520|15040|15172|23488|4008|18804
2026-08-27T15:29:40.6173811-07:00,0,54,639,24576,2.6,10.69,31.91,33.5,2,28.46,12.3,642.39,34.5,1880|3920|12496|25856|16008|16836|22812|26468|20388|21532|23968|21692|11520|15040|15172|23488|4008|18804
2026-08-27T15:30:26.8392080-07:00,0,54,639,24576,2.6,10.69,31.91,33.5,0,28.46,12.3,642.39,34.5,1880|3920|12496|25856|16008|16836|22812|26468|20388|21532|23968|21692|11520|15040|15172|23488|4008|18804
2026-08-27T15:31:13.0777369-07:00,0,54,639,24576,2.6,10.69,31.91,33.5,1,28.46,12.3,642.39,34.5,1880|3920|12496|25856|16008|16836|22812|26468|20388|21532|23968|21692|11520|15040|15172|23488|4008|18804
2026-08-27T15:31:59.3330710-07:00,0,54,639,24576,2.6,10.69,31.91,33.5,2,28.46,12.3,642.39,34.5,1880|3920|12496|25856|16008|16836|22812|26468|20388|21532|23968|21692|11520|15040|15172|23488|4008|18804
2026-08-27T15:32:45.5798338-07:00,0,54,639,24576,2.6,10.69,31.91,33.5,1,28.46,12.3,642.39,34.5,1880|3920|12496|25856|16008|16836|22812|26468|20388|21532|23968|21692|11520|15040|15172|23488|4008|18804
2026-08-27T15:33:31.8296461-07:00,0,54,639,24576,2.6,10.69,31.91,33.5,0,28.46,12.3,642.39,34.5,1880|3920|12496|25856|16008|16836|22812|26468|20388|21532|23968|21692|11520|15040|15172|23488|4008|18804
2026-08-27T15:34:18.0865163-07:00,0,54,639,24576,2.6,10.7,31.91,33.5,0,28.46,12.3,642.39,34.5,1880|3920|12496|25856|16008|16836|22812|26468|20388|21532|23968|21692|11520|15040|15172|23488|4008|18804
2026-08-27T15:35:04.3349812-07:00,0,54,639,24576,2.6,10.74,31.91,33.7,2,28.46,12.3,642.39,34.5,1880|3920|12496|25856|16008|16836|22812|26468|20388|21532|23968|21692|11520|15040|15172|23488|4008|18804
2026-08-27T15:35:50.5875775-07:00,0,54,639,24576,2.6,10.72,31.91,33.6,0,28.46,12.3,642.39,34.5,1880|3920|12496|25856|16008|16836|22812|26468|20388|21532|23968|21692|11520|15040|15172|23488|4008|18804
2026-08-27T15:36:36.8569508-07:00,0,54,639,24576,2.6,10.71,31.91,33.6,0,28.46,12.3,642.39,34.5,1880|3920|12496|25856|16008|16836|22812|26468|20388|21532|23968|21692|11520|15040|15172|23488|4008|18804
2026-08-27T15:37:23.1069725-07:00,0,54,639,24576,2.6,10.72,31.91,33.6,3,28.46,12.3,642.39,34.5,1880|3920|12496|25856|16008|16836|22812|26468|20388|21532|23968|21692|11520|15040|15172|23488|4008|18804
2026-08-27T15:38:09.3461324-07:00,0,54,639,24576,2.6,10.72,31.91,33.6,3,28.46,12.3,642.39,34.5,1880|3920|12496|25856|16008|16836|22812|26468|20388|21532|23968|21692|11520|15040|15172|23488|4008|18804
2026-08-27T15:38:55.5963215-07:00,0,54,639,24576,2.6,10.72,31.91,33.6,2,28.46,12.3,642.39,34.5,1880|3920|12496|25856|16008|16836|22812|26468|20388|21532|23968|21692|11520|15040|15172|23488|4008|18804
2026-08-27T15:39:41.8596564-07:00,0,54,639,24576,2.6,10.7,31.91,33.5,3,28.46,12.3,642.39,34.5,1880|3920|12496|25856|16008|16836|22812|26468|20388|21532|23968|21692|11520|15040|15172|23488|4008|18804
2026-08-27T15:40:28.0964278-07:00,0,54,639,24576,2.6,10.68,31.91,33.5,1,28.46,12.3,642.39,34.5,1880|3920|12496|25856|16008|16836|22812|26468|20388|21532|23968|21692|11520|15040|15172|23488|4008|18804
2026-08-27T15:41:14.3362764-07:00,0,54,639,24576,2.6,10.68,31.91,33.5,1,28.46,12.3,642.39,34.5,1880|3920|12496|25856|16008|16836|22812|26468|20388|21532|23968|21692|11520|15040|15172|23488|4008|18804
2026-08-27T15:42:00.5687599-07:00,0,54,639,24576,2.6,10.69,31.91,33.5,1,28.46,12.3,642.39,34.5,1880|3920|12496|25856|16008|16836|22812|26468|20388|21532|23968|21692|11520|15040|15172|23488|4008|18804
2026-08-27T15:42:46.8189431-07:00,0,54,639,24576,2.6,10.69,31.91,33.5,1,28.46,12.3,642.39,34.5,1880|3920|12496|25856|16008|16836|22812|26468|20388|21532|23968|21692|11520|15040|15172|23488|4008|18804
2026-08-27T15:43:33.0561988-07:00,0,53,639,24576,2.6,10.7,31.91,33.5,3,28.46,12.3,642.39,34.5,1880|3920|12496|25856|16008|16836|22812|26468|20388|21532|23968|21692|11520|15040|15172|23488|4008|18804
2026-08-27T15:44:19.2966818-07:00,0,54,639,24576,2.6,10.69,31.91,33.5,1,28.46,12.3,642.39,34.5,1880|3920|12496|25856|16008|16836|22812|26468|20388|21532|23968|21692|11520|15040|15172|23488|4008|18804
2026-08-27T15:45:05.5403868-07:00,0,54,639,24576,2.6,10.69,31.91,33.5,2,28.46,12.3,642.39,34.5,1880|3920|12496|25856|16008|16836|22812|26468|20388|21532|23968|21692|11520|15040|15172|23488|4008|18804
2026-08-27T15:45:51.7953158-07:00,0,54,639,24576,2.6,10.68,31.91,33.5,3,28.46,12.3,642.39,34.5,1880|3920|12496|25856|16008|16836|22812|26468|20388|21532|23968|21692|11520|15040|15172|23488|4008|18804
2026-08-27T15:46:38.0408455-07:00,0,53,639,24576,2.6,10.68,31.91,33.5,2,28.46,12.3,642.39,34.5,1880|3920|12496|25856|16008|16836|22812|26468|20388|21532|23968|21692|11520|15040|15172|23488|4008|18804
2026-08-27T15:47:24.2914916-07:00,0,53,639,24576,2.6,10.68,31.91,33.5,3,28.46,12.3,642.39,34.5,1880|3920|12496|25856|16008|16836|22812|26468|20388|21532|23968|21692|11520|15040|15172|23488|4008|18804
2026-08-27T15:48:10.5353668-07:00,0,53,639,24576,2.6,10.68,31.91,33.5,1,28.46,12.3,642.39,34.5,1880|3920|12496|25856|16008|16836|22812|26468|20388|21532|23968|21692|11520|15040|15172|23488|4008|18804
2026-08-27T15:48:56.7805167-07:00,0,53,639,24576,2.6,10.68,31.91,33.5,1,28.46,12.3,642.39,34.5,1880|3920|12496|25856|16008|16836|22812|26468|20388|21532|23968|21692|11520|15040|15172|23488|4008|18804
2026-08-27T15:49:43.0225582-07:00,0,54,639,24576,2.6,10.75,31.91,33.7,1,28.46,12.3,642.39,34.5,1880|3920|12496|25856|16008|16836|22812|26468|20388|21532|23968|21692|11520|15040|15172|23488|4008|18804
2026-08-27T15:50:29.2512490-07:00,0,53,639,24576,2.6,10.75,31.91,33.7,0,28.46,12.3,642.39,34.5,1880|3920|12496|25856|16008|16836|22812|26468|20388|21532|23968|21692|11520|15040|15172|23488|4008|18804
2026-08-27T15:51:15.5059714-07:00,0,53,639,24576,2.6,10.7,31.91,33.5,0,28.46,12.3,642.39,34.5,1880|3920|12496|25856|16008|16836|22812|26468|20388|21532|23968|21692|11520|15040|15172|23488|4008|18804
2026-08-27T15:52:01.7523678-07:00,0,53,639,24576,2.6,10.69,31.91,33.5,0,28.46,12.3,642.39,34.5,1880|3920|12496|25856|16008|16836|22812|26468|20388|21532|23968|21692|11520|15040|15172|23488|4008|18804
2026-08-27T15:52:48.0136874-07:00,0,53,639,24576,2.6,10.68,31.91,33.5,1,28.46,12.3,642.39,34.5,1880|3920|12496|25856|16008|16836|22812|26468|20388|21532|23968|21692|11520|15040|15172|23488|4008|18804
2026-08-27T15:53:34.2473510-07:00,0,53,639,24576,2.6,10.68,31.91,33.5,2,28.46,12.3,642.39,34.5,1880|3920|12496|25856|16008|16836|22812|26468|20388|21532|23968|21692|11520|15040|15172|23488|4008|18804
2026-08-27T15:54:20.4892674-07:00,0,53,639,24576,2.6,10.68,31.91,33.5,3,28.46,12.3,642.39,34.5,1880|3920|12496|25856|16008|16836|22812|26468|20388|21532|23968|21692|11520|15040|15172|23488|4008|18804
2026-08-27T15:55:06.7240369-07:00,0,53,639,24576,2.6,10.69,31.91,33.5,0,28.46,12.3,642.39,34.5,1880|3920|12496|25856|16008|16836|22812|26468|20388|21532|23968|21692|11520|15040|15172|23488|4008|18804
2026-08-27T15:55:52.9566210-07:00,0,54,639,24576,2.6,10.68,31.91,33.5,2,28.46,12.3,642.39,34.5,1880|3920|12496|25856|16008|16836|22812|26468|20388|21532|23968|21692|11520|15040|15172|23488|4008|18804
2026-08-27T15:56:39.2266312-07:00,0,54,639,24576,2.6,10.68,31.91,33.5,0,28.46,12.3,642.39,34.5,1880|3920|12496|25856|16008|16836|22812|26468|20388|21532|23968|21692|11520|15040|15172|23488|4008|18804
2026-08-27T15:57:25.4561386-07:00,0,53,639,24576,2.6,10.68,31.91,33.5,5,28.46,12.3,642.39,34.5,1880|3920|12496|25856|16008|16836|22812|26468|20388|21532|23968|21692|11520|15040|15172|23488|4008|18804
2026-08-27T15:58:11.7009029-07:00,0,54,639,24576,2.6,10.68,31.91,33.5,2,28.46,12.3,642.39,34.5,1880|3920|12496|25856|16008|16836|22812|26468|20388|21532|23968|21692|11520|15040|15172|23488|4008|18804
2026-08-27T15:58:57.9401561-07:00,0,54,639,24576,2.6,10.68,31.91,33.5,1,28.46,12.3,642.39,34.5,1880|3920|12496|25856|16008|16836|22812|26468|20388|21532|23968|21692|11520|15040|15172|23488|4008|18804
2026-08-27T15:59:44.1692616-07:00,0,53,639,24576,2.6,10.69,31.91,33.5,1,28.46,12.3,642.39,34.5,1880|3920|12496|25856|16008|16836|22812|26468|20388|21532|23968|21692|11520|15040|15172|23488|4008|18804
2026-08-27T16:00:30.3970446-07:00,0,53,639,24576,2.6,10.69,31.91,33.5,1,28.46,12.3,642.39,34.5,1880|3920|12496|25856|16008|16836|22812|26468|20388|21532|23968|21692|11520|15040|15172|23488|4008|18804
2026-08-27T16:01:16.6401039-07:00,0,53,639,24576,2.6,10.69,31.91,33.5,1,28.46,12.3,642.39,34.5,1880|3920|12496|25856|16008|16836|22812|26468|20388|21532|23968|21692|11520|15040|15172|23488|4008|18804
2026-08-27T16:02:02.8887672-07:00,0,53,639,24576,2.6,10.72,31.91,33.6,2,28.46,12.3,642.39,34.5,1880|3920|12496|25856|16008|16836|22812|26468|20388|21532|23968|21692|11520|15040|15172|23488|4008|18804
2026-08-27T16:02:49.1381337-07:00,0,53,639,24576,2.6,10.71,31.91,33.6,1,28.46,12.3,642.39,34.5,1880|3920|12496|25856|16008|16836|22812|26468|20388|21532|23968|21692|11520|15040|15172|23488|4008|18804
2026-08-27T16:03:35.3693814-07:00,0,53,639,24576,2.6,10.7,31.91,33.5,2,28.46,12.3,642.39,34.5,1880|3920|12496|25856|16008|16836|22812|26468|20388|21532|23968|21692|11520|15040|15172|23488|4008|18804
2026-08-27T16:04:21.6223716-07:00,0,53,639,24576,2.6,10.71,31.91,33.6,2,28.46,12.3,642.39,34.5,1880|3920|12496|25856|16008|16836|22812|26468|20388|21532|23968|21692|11520|15040|15172|23488|4008|18804
2026-08-27T16:05:07.8803075-07:00,0,54,639,24576,2.6,10.72,31.91,33.6,3,28.46,12.3,642.39,34.5,1880|3920|12496|25856|16008|16836|22812|26468|20388|21532|23968|21692|11520|15040|15172|23488|4008|18804
2026-08-27T16:05:54.1307748-07:00,0,54,639,24576,2.6,10.71,31.91,33.6,2,28.46,12.3,642.39,34.5,1880|3920|12496|25856|16008|16836|22812|26468|20388|21532|23968|21692|11520|15040|15172|23488|4008|18804
2026-08-27T16:06:40.3694918-07:00,0,54,639,24576,2.6,10.7,31.91,33.5,0,28.46,12.3,642.39,34.5,1880|3920|12496|25856|16008|16836|22812|26468|20388|21532|23968|21692|11520|15040|15172|23488|4008|18804
2026-08-27T16:07:26.6154416-07:00,0,54,639,24576,2.6,10.71,31.91,33.6,4,28.46,12.3,642.39,34.5,1880|3920|12496|25856|16008|16836|22812|26468|20388|21532|23968|21692|11520|15040|15172|23488|4008|18804
2026-08-27T16:08:12.8403740-07:00,0,54,639,24576,2.6,10.7,31.91,33.5,4,28.46,12.3,642.39,34.5,1880|3920|12496|25856|16008|16836|22812|26468|20388|21532|23968|21692|11520|15040|15172|23488|4008|18804
2026-08-27T16:08:59.0731439-07:00,0,54,639,24576,2.6,10.69,31.91,33.5,2,28.46,12.3,642.39,34.5,1880|3920|12496|25856|16008|16836|22812|26468|20388|21532|23968|21692|11520|15040|15172|23488|4008|18804
2026-08-27T16:09:45.2936837-07:00,0,54,639,24576,2.6,10.7,31.91,33.5,2,28.46,12.3,642.39,34.5,1880|3920|12496|25856|16008|16836|22812|26468|20388|21532|23968|21692|11520|15040|15172|23488|4008|18804
2026-08-27T16:10:31.5470135-07:00,0,54,639,24576,2.6,10.69,31.91,33.5,2,28.46,12.3,642.39,34.5,1880|3920|12496|25856|16008|16836|22812|26468|20388|21532|23968|21692|11520|15040|15172|23488|4008|18804
2026-08-27T16:11:17.7786078-07:00,0,54,639,24576,2.6,10.7,31.91,33.5,0,28.46,12.3,642.39,34.5,1880|3920|12496|25856|16008|16836|22812|26468|20388|21532|23968|21692|11520|15040|15172|23488|4008|18804
2026-08-27T16:12:04.0379035-07:00,0,54,639,24576,2.6,10.7,31.91,33.5,4,28.46,12.3,642.39,34.5,1880|3920|12496|25856|16008|16836|22812|26468|20388|21532|23968|21692|11520|15040|15172|23488|4008|18804
2026-08-27T16:12:50.2706962-07:00,0,54,639,24576,2.6,10.7,31.91,33.5,1,28.46,12.3,642.39,34.5,1880|3920|12496|25856|16008|16836|22812|26468|20388|21532|23968|21692|11520|15040|15172|23488|4008|18804
2026-08-27T16:13:36.5226217-07:00,0,54,639,24576,2.6,10.7,31.91,33.5,2,28.46,12.3,642.39,34.5,1880|3920|12496|25856|16008|16836|22812|26468|20388|21532|23968|21692|11520|15040|15172|23488|4008|18804
2026-08-27T16:14:22.7695688-07:00,0,54,639,24576,2.6,10.71,31.91,33.6,2,28.46,12.3,642.39,34.5,1880|3920|12496|25856|16008|16836|22812|26468|20388|21532|23968|21692|11520|15040|15172|23488|4008|18804
2026-08-27T16:15:09.0256525-07:00,0,54,639,24576,2.6,10.68,31.91,33.5,1,28.46,12.3,642.39,34.5,1880|3920|12496|25856|16008|16836|22812|26468|20388|21532|23968|21692|11520|15040|15172|23488|4008|18804
2026-08-27T16:15:55.2594100-07:00,0,54,639,24576,2.6,10.68,31.91,33.5,3,28.46,12.3,642.39,34.5,1880|3920|12496|25856|16008|16836|22812|26468|20388|21532|23968|21692|11520|15040|15172|23488|4008|18804
2026-08-27T16:16:41.5148417-07:00,0,54,639,24576,2.6,10.68,31.91,33.5,0,28.46,12.3,642.39,34.5,1880|3920|12496|25856|16008|16836|22812|26468|20388|21532|23968|21692|11520|15040|15172|23488|4008|18804
2026-08-27T16:17:27.7533217-07:00,0,54,639,24576,2.6,10.68,31.91,33.5,0,28.46,12.3,642.39,34.5,1880|3920|12496|25856|16008|16836|22812|26468|20388|21532|23968|21692|11520|15040|15172|23488|4008|18804
2026-08-27T16:18:14.0052314-07:00,0,54,639,24576,2.6,10.75,31.91,33.7,0,28.46,12.3,642.39,34.5,1880|3920|12496|25856|16008|16836|22812|26468|20388|21532|23968|21692|11520|15040|15172|23488|4008|18804
2026-08-27T16:19:00.2472960-07:00,0,54,639,24576,2.6,10.73,31.91,33.6,1,28.46,12.3,642.39,34.5,1880|3920|12496|25856|16008|16836|22812|26468|20388|21532|23968|21692|11520|15040|15172|23488|4008|18804
2026-08-27T16:19:46.5035065-07:00,0,54,639,24576,2.6,10.73,31.91,33.6,1,28.46,12.3,642.39,34.5,1880|3920|12496|25856|16008|16836|22812|26468|20388|21532|23968|21692|11520|15040|15172|23488|4008|18804
2026-08-27T16:20:32.7266873-07:00,0,54,639,24576,2.6,10.73,31.91,33.6,2,28.46,12.3,642.39,34.5,1880|3920|12496|25856|16008|16836|22812|26468|20388|21532|23968|21692|11520|15040|15172|23488|4008|18804
2026-08-27T16:21:18.9660285-07:00,0,54,639,24576,2.6,10.73,31.91,33.6,3,28.46,12.3,642.39,34.5,1880|3920|12496|25856|16008|16836|22812|26468|20388|21532|23968|21692|11520|15040|15172|23488|4008|18804
2026-08-27T16:22:05.1987439-07:00,0,54,639,24576,2.6,10.72,31.91,33.6,0,28.46,12.3,642.39,34.5,1880|3920|12496|25856|16008|16836|22812|26468|20388|21532|23968|21692|11520|15040|15172|23488|4008|18804
2026-08-27T16:22:51.4581784-07:00,0,54,639,24576,2.6,10.72,31.91,33.6,1,28.46,12.3,642.39,34.5,1880|3920|12496|25856|16008|16836|22812|26468|20388|21532|23968|21692|11520|15040|15172|23488|4008|18804
2026-08-27T16:23:37.6972381-07:00,0,54,639,24576,2.6,10.71,31.91,33.6,2,28.46,12.3,642.39,34.5,1880|3920|12496|25856|16008|16836|22812|26468|20388|21532|23968|21692|11520|15040|15172|23488|4008|18804
2026-08-27T16:24:23.9479276-07:00,0,54,639,24576,2.6,10.69,31.91,33.5,5,28.46,12.3,642.39,34.5,1880|3920|12496|25856|16008|16836|22812|26468|20388|21532|23968|21692|11520|15040|15172|23488|4008|18804
2026-08-27T16:25:10.1995253-07:00,0,54,639,24576,2.6,10.69,31.91,33.5,1,28.46,12.3,642.39,34.5,1880|3920|12496|25856|16008|16836|22812|26468|20388|21532|23968|21692|11520|15040|15172|23488|4008|18804
2026-08-27T16:25:56.4327113-07:00,0,54,639,24576,2.6,10.69,31.91,33.5,1,28.46,12.3,642.39,34.5,1880|3920|12496|25856|16008|16836|22812|26468|20388|21532|23968|21692|11520|15040|15172|23488|4008|18804
2026-08-27T16:26:42.6736940-07:00,0,54,639,24576,2.6,10.7,31.91,33.5,3,28.46,12.3,642.39,34.5,1880|3920|12496|25856|16008|16836|22812|26468|20388|21532|23968|21692|11520|15040|15172|23488|4008|18804
2026-08-27T16:27:28.9284579-07:00,0,54,639,24576,2.6,10.69,31.91,33.5,2,28.46,12.3,642.39,34.5,1880|3920|12496|25856|16008|16836|22812|26468|20388|21532|23968|21692|11520|15040|15172|23488|4008|18804
2026-08-27T16:28:15.1780253-07:00,0,54,639,24576,2.6,10.69,31.91,33.5,1,28.46,12.3,642.39,34.5,1880|3920|12496|25856|16008|16836|22812|26468|20388|21532|23968|21692|11520|15040|15172|23488|4008|18804
2026-08-27T16:29:01.4364450-07:00,11,54,647,24576,2.6,11.08,31.91,34.7,14,28.46,12.3,642.39,34.5,1880|3920|12496|25856|16008|16836|22812|26468|20388|21532|23968|21692|11520|15040|15172|23488|4008|18804
2026-08-27T16:29:47.6908603-07:00,0,55,903,24576,3.7,12.31,31.91,38.6,6,28.42,12.3,642.39,34.5,1880|3920|12496|25856|16008|16836|22812|26468|20388|21532|23968|21692|11520|15040|15172|23488|4008|18804|12380|22216
2026-08-27T16:30:33.9376222-07:00,0,55,927,24576,3.8,12.26,31.91,38.4,3,28.41,12.3,642.39,34.5,1880|3920|12496|25856|16008|16836|22812|26468|20388|21532|23968|21692|11520|15040|15172|23488|4008|18804|12380|22216
2026-08-27T16:31:20.1740819-07:00,2,56,879,24576,3.6,12.24,31.91,38.4,3,28.41,12.3,642.39,34.5,1880|3920|12496|25856|16008|16836|22812|26468|20388|21532|23968|21692|11520|15040|15172|23488|4008|18804|12380|22216
2026-08-27T16:32:06.4409198-07:00,0,55,874,24576,3.6,12.23,31.91,38.3,2,28.41,12.3,642.39,34.5,1880|3920|12496|25856|16008|16836|22812|26468|20388|21532|23968|21692|11520|15040|15172|23488|4008|18804|12380|22216
2026-08-27T16:32:52.6828693-07:00,0,56,887,24576,3.6,12.22,31.91,38.3,4,28.41,12.3,642.39,34.5,1880|3920|12496|25856|16008|16836|22812|26468|20388|21532|23968|21692|11520|15040|15172|23488|4008|18804|12380|22216
2026-08-27T16:33:38.9842147-07:00,2,55,878,24576,3.6,12.22,31.91,38.3,10,28.41,12.3,642.39,34.5,1880|3920|12496|25856|16008|16836|22812|26468|20388|21532|23968|21692|11520|15040|15172|23488|4008|18804|12380|22216
2026-08-27T16:34:25.2286246-07:00,2,55,879,24576,3.6,12.67,31.91,39.7,2,28.41,12.3,642.39,34.5,1880|3920|12496|25856|16008|16836|22812|26468|20388|21532|23968|21692|11520|15040|15172|23488|4008|18804|12380|22216
2026-08-27T16:35:11.4827312-07:00,0,55,874,24576,3.6,12.82,31.91,40.2,0,28.41,12.3,642.39,34.5,1880|3920|12496|25856|16008|16836|22812|26468|20388|21532|23968|21692|11520|15040|15172|23488|4008|18804|12380|22216
2026-08-27T16:35:57.7522545-07:00,0,55,881,24576,3.6,12.13,31.91,38,3,28.42,12.3,642.39,34.5,1880|3920|12496|25856|16008|16836|22812|26468|20388|21532|23968|21692|11520|15040|15172|23488|4008|18804|12380|22216
2026-08-27T16:36:44.0231314-07:00,2,55,879,24576,3.6,12.07,31.91,37.8,4,28.42,12.3,642.39,34.5,1880|3920|12496|25856|16008|16836|22812|26468|20388|21532|23968|21692|11520|15040|15172|23488|4008|18804|12380|22216
2026-08-27T16:37:30.2557395-07:00,2,55,874,24576,3.6,12.07,31.91,37.8,1,28.42,12.3,642.39,34.5,1880|3920|12496|25856|16008|16836|22812|26468|20388|21532|23968|21692|11520|15040|15172|23488|4008|18804|12380|22216
2026-08-27T16:38:16.5225925-07:00,0,55,887,24576,3.6,12.16,31.91,38.1,4,28.42,12.3,642.39,34.5,1880|3920|12496|25856|16008|16836|22812|26468|20388|21532|23968|21692|11520|15040|15172|23488|4008|18804|12380|22216
2026-08-27T16:39:02.7585699-07:00,0,55,886,24576,3.6,12.15,31.91,38.1,5,28.41,12.3,642.39,34.5,1880|3920|12496|25856|16008|16836|22812|26468|20388|21532|23968|21692|11520|15040|15172|23488|4008|18804|12380|22216
2026-08-27T16:39:49.0176844-07:00,2,55,883,24576,3.6,12.14,31.91,38,2,28.41,12.3,642.39,34.5,1880|3920|12496|25856|16008|16836|22812|26468|20388|21532|23968|21692|11520|15040|15172|23488|4008|18804|12380|22216
2026-08-27T16:40:35.2603594-07:00,2,55,891,24576,3.6,12.13,31.91,38,4,28.41,12.3,642.39,34.5,1880|3920|12496|25856|16008|16836|22812|26468|20388|21532|23968|21692|11520|15040|15172|23488|4008|18804|12380|22216
2026-08-27T16:41:21.5210440-07:00,0,55,886,24576,3.6,12.13,31.91,38,5,28.41,12.3,642.39,34.5,1880|3920|12496|25856|16008|16836|22812|26468|20388|21532|23968|21692|11520|15040|15172|23488|4008|18804|12380|22216
2026-08-27T16:42:07.7737276-07:00,0,55,876,24576,3.6,12.14,31.91,38,5,28.41,12.3,642.39,34.5,1880|3920|12496|25856|16008|16836|22812|26468|20388|21532|23968|21692|11520|15040|15172|23488|4008|18804|12380|22216
2026-08-27T16:42:54.0304953-07:00,0,55,884,24576,3.6,12.13,31.91,38,2,28.41,12.3,642.39,34.5,1880|3920|12496|25856|16008|16836|22812|26468|20388|21532|23968|21692|11520|15040|15172|23488|4008|18804|12380|22216
2026-08-27T16:43:40.2809774-07:00,0,55,901,24576,3.7,12.09,31.91,37.9,5,28.42,12.3,642.39,34.5,1880|3920|12496|25856|16008|16836|22812|26468|20388|21532|23968|21692|11520|15040|15172|23488|4008|18804|12380|22216
2026-08-27T16:44:26.5162035-07:00,0,55,889,24576,3.6,12.09,31.91,37.9,2,28.42,12.3,642.39,34.5,1880|3920|12496|25856|16008|16836|22812|26468|20388|21532|23968|21692|11520|15040|15172|23488|4008|18804|12380|22216
2026-08-27T16:45:12.7608634-07:00,0,55,884,24576,3.6,12.08,31.91,37.9,5,28.42,12.3,642.39,34.5,1880|3920|12496|25856|16008|16836|22812|26468|20388|21532|23968|21692|11520|15040|15172|23488|4008|18804|12380|22216
2026-08-27T16:45:59.0177580-07:00,3,55,893,24576,3.6,12.12,31.91,38,7,28.42,12.3,642.39,34.5,1880|3920|12496|25856|16008|16836|22812|26468|20388|21532|23968|21692|11520|15040|15172|23488|4008|18804|12380|22216
2026-08-27T16:46:45.2678033-07:00,2,55,886,24576,3.6,12.08,31.91,37.9,1,28.41,12.3,642.39,34.5,1880|3920|12496|25856|16008|16836|22812|26468|20388|21532|23968|21692|11520|15040|15172|23488|4008|18804|12380|22216
2026-08-27T16:47:31.5150335-07:00,0,56,924,24576,3.8,12.08,31.91,37.9,0,28.41,12.3,642.39,34.5,1880|3920|12496|25856|16008|16836|22812|26468|20388|21532|23968|21692|11520|15040|15172|23488|4008|18804|12380|22216
2026-08-27T16:48:17.7589318-07:00,0,56,888,24576,3.6,12.07,31.91,37.8,5,28.41,12.3,642.39,34.5,1880|3920|12496|25856|16008|16836|22812|26468|20388|21532|23968|21692|11520|15040|15172|23488|4008|18804|12380|22216
2026-08-27T16:49:03.9868965-07:00,0,55,906,24576,3.7,12.07,31.91,37.8,6,28.41,12.3,642.39,34.5,1880|3920|12496|25856|16008|16836|22812|26468|20388|21532|23968|21692|11520|15040|15172|23488|4008|18804|12380|22216
2026-08-27T16:49:50.2305574-07:00,2,56,883,24576,3.6,12.09,31.91,37.9,0,28.41,12.3,642.39,34.5,1880|3920|12496|25856|16008|16836|22812|26468|20388|21532|23968|21692|11520|15040|15172|23488|4008|18804|12380|22216
2026-08-27T16:50:36.4819061-07:00,0,56,911,24576,3.7,12.07,31.91,37.8,4,28.41,12.3,642.39,34.5,1880|3920|12496|25856|16008|16836|22812|26468|20388|21532|23968|21692|11520|15040|15172|23488|4008|18804|12380|22216
2026-08-27T16:51:22.7354670-07:00,0,56,877,24576,3.6,12.06,31.91,37.8,2,28.41,12.3,642.39,34.5,1880|3920|12496|25856|16008|16836|22812|26468|20388|21532|23968|21692|11520|15040|15172|23488|4008|18804|12380|22216
2026-08-27T16:52:08.9663131-07:00,0,56,887,24576,3.6,12.05,31.91,37.8,1,28.41,12.3,642.39,34.5,1880|3920|12496|25856|16008|16836|22812|26468|20388|21532|23968|21692|11520|15040|15172|23488|4008|18804|12380|22216
2026-08-27T16:52:55.2250489-07:00,0,56,890,24576,3.6,11.95,31.91,37.4,2,28.41,12.3,642.39,34.5,1880|3920|12496|25856|16008|16836|22812|26468|20388|21532|23968|21692|11520|15040|15172|23488|4008|18804|12380|22216
2026-08-27T16:53:41.4700820-07:00,0,56,890,24576,3.6,11.98,31.91,37.5,3,28.41,12.3,642.39,34.5,1880|3920|12496|25856|16008|16836|22812|26468|20388|21532|23968|21692|11520|15040|15172|23488|4008|18804|12380|22216
2026-08-27T16:54:27.7237166-07:00,0,56,895,24576,3.6,11.97,31.91,37.5,2,28.41,12.3,642.39,34.5,1880|3920|12496|25856|16008|16836|22812|26468|20388|21532|23968|21692|11520|15040|15172|23488|4008|18804|12380|22216
2026-08-27T16:55:13.9650759-07:00,0,56,881,24576,3.6,11.97,31.91,37.5,3,28.41,12.3,642.39,34.5,1880|3920|12496|25856|16008|16836|22812|26468|20388|21532|23968|21692|11520|15040|15172|23488|4008|18804|12380|22216
2026-08-27T16:56:00.2100082-07:00,0,56,876,24576,3.6,11.96,31.91,37.5,6,28.41,12.3,642.39,34.5,1880|3920|12496|25856|16008|16836|22812|26468|20388|21532|23968|21692|11520|15040|15172|23488|4008|18804|12380|22216
2026-08-27T16:56:46.4564471-07:00,5,56,896,24576,3.6,11.97,31.91,37.5,1,28.41,12.3,642.39,34.5,1880|3920|12496|25856|16008|16836|22812|26468|20388|21532|23968|21692|11520|15040|15172|23488|4008|18804|12380|22216
2026-08-27T16:57:32.7022723-07:00,0,56,867,24576,3.5,11.97,31.91,37.5,3,28.41,12.3,642.39,34.5,1880|3920|12496|25856|16008|16836|22812|26468|20388|21532|23968|21692|11520|15040|15172|23488|4008|18804|12380|22216
2026-08-27T16:58:18.9280000-07:00,0,56,867,24576,3.5,11.95,31.91,37.4,6,28.41,12.3,642.39,34.5,1880|3920|12496|25856|16008|16836|22812|26468|20388|21532|23968|21692|11520|15040|15172|23488|4008|18804|12380|22216
2026-08-27T16:59:05.1900824-07:00,0,56,880,24576,3.6,11.95,31.91,37.4,3,28.41,12.3,642.39,34.5,1880|3920|12496|25856|16008|16836|22812|26468|20388|21532|23968|21692|11520|15040|15172|23488|4008|18804|12380|22216
2026-08-27T16:59:51.4426054-07:00,0,56,877,24576,3.6,11.95,31.91,37.4,4,28.41,12.3,642.39,34.5,1880|3920|12496|25856|16008|16836|22812|26468|20388|21532|23968|21692|11520|15040|15172|23488|4008|18804|12380|22216
2026-08-27T17:00:37.6982674-07:00,0,56,877,24576,3.6,11.95,31.91,37.4,8,28.41,12.3,642.39,34.5,1880|3920|12496|25856|16008|16836|22812|26468|20388|21532|23968|21692|11520|15040|15172|23488|4008|18804|12380|22216
2026-08-27T17:01:23.9505962-07:00,0,56,892,24576,3.6,11.96,31.91,37.5,6,28.41,12.3,642.39,34.5,1880|3920|12496|25856|16008|16836|22812|26468|20388|21532|23968|21692|11520|15040|15172|23488|4008|18804|12380|22216
2026-08-27T17:02:10.2191175-07:00,0,56,889,24576,3.6,11.98,31.91,37.5,4,28.41,12.3,642.39,34.5,1880|3920|12496|25856|16008|16836|22812|26468|20388|21532|23968|21692|11520|15040|15172|23488|4008|18804|12380|22216
2026-08-27T17:02:56.4688017-07:00,0,56,875,24576,3.6,11.96,31.91,37.5,3,28.41,12.3,642.39,34.5,1880|3920|12496|25856|16008|16836|22812|26468|20388|21532|23968|21692|11520|15040|15172|23488|4008|18804|12380|22216
2026-08-27T17:03:42.7298656-07:00,3,56,858,24576,3.5,11.99,31.91,37.6,6,28.41,12.3,642.39,34.5,1880|3920|12496|25856|16008|16836|22812|26468|20388|21532|23968|21692|11520|15040|15172|23488|4008|18804|12380|22216
2026-08-27T17:04:28.9808430-07:00,11,56,1021,24576,4.2,12.16,31.91,38.1,8,28.4,12.3,642.39,34.5,1880|3920|12496|25856|16008|16836|22812|26468|20388|21532|23968|21692|11520|15040|15172|23488|4008|18804|12380|22216
2026-08-27T17:05:15.2707598-07:00,11,56,1008,24576,4.1,12.11,31.91,38,7,28.4,12.3,642.39,34.5,1880|3920|12496|25856|16008|16836|22812|26468|20388|21532|23968|21692|11520|15040|15172|23488|4008|18804|12380|22216
2026-08-27T17:06:01.5126994-07:00,13,56,1029,24576,4.2,12.12,31.91,38,10,28.4,12.3,642.39,34.5,1880|3920|12496|25856|16008|16836|22812|26468|20388|21532|23968|21692|11520|15040|15172|23488|4008|18804|12380|22216
2026-08-27T17:06:47.7798539-07:00,15,56,1042,24576,4.2,12.2,31.91,38.2,7,28.39,12.3,642.39,34.5,1880|3920|12496|25856|16008|16836|22812|26468|20388|21532|23968|21692|11520|15040|15172|23488|4008|18804|12380|22216
2026-08-27T17:07:34.0316250-07:00,15,56,990,24576,4,12.15,31.91,38.1,12,28.39,12.3,642.39,34.5,1880|3920|12496|25856|16008|16836|22812|26468|20388|21532|23968|21692|11520|15040|15172|23488|4008|18804|12380|22216
2026-08-27T17:08:20.3049403-07:00,15,56,982,24576,4,12.15,31.91,38.1,6,28.39,12.3,642.39,34.5,1880|3920|12496|25856|16008|16836|22812|26468|20388|21532|23968|21692|11520|15040|15172|23488|4008|18804|12380|22216
2026-08-27T17:09:06.5782347-07:00,8,59,1116,24576,4.5,13.84,31.91,43.4,48,28.39,12.3,642.39,34.5,1880|3920|12496|25856|16008|16836|22812|26468|20388|21532|23968|21692|11520|15040|15172|4008|18804|12380|22216|9800|17328
2026-08-27T17:09:52.9400200-07:00,31,58,1072,24576,4.4,14.05,31.91,44,24,28.39,12.3,642.39,34.5,1880|3920|12496|25856|16008|16836|22812|26468|20388|21532|23968|21692|11520|15040|15172|4008|18804|12380|22216|9800|17328
2026-08-27T17:10:39.2331253-07:00,35,58,1110,24576,4.5,14.26,31.91,44.7,65,28.39,12.3,642.39,34.5,1880|3920|12496|25856|16008|16836|22812|26468|20388|21532|23968|21692|11520|15040|15172|4008|18804|12380|22216|9800|17328
2026-08-27T17:11:25.5923467-07:00,32,58,1132,24576,4.6,13.97,31.91,43.8,19,28.38,12.3,642.39,34.5,1880|3920|12496|25856|16008|16836|22812|26468|20388|21532|23968|21692|11520|15040|15172|4008|18804|12380|22216|9800|17328
2026-08-27T17:12:11.9023297-07:00,32,58,1110,24576,4.5,13.97,31.91,43.8,18,28.38,12.3,642.39,34.5,1880|3920|12496|25856|16008|16836|22812|26468|20388|21532|23968|21692|11520|15040|15172|4008|18804|12380|22216|9800|17328
2026-08-27T17:12:58.2073622-07:00,31,58,1099,24576,4.5,13.96,31.91,43.7,20,28.38,12.3,642.39,34.5,1880|3920|12496|25856|16008|16836|22812|26468|20388|21532|23968|21692|11520|15040|15172|4008|18804|12380|22216|9800|17328
2026-08-27T17:13:44.4998985-07:00,31,58,1057,24576,4.3,13.99,31.91,43.8,17,28.38,12.3,642.39,34.5,1880|3920|12496|25856|16008|16836|22812|26468|20388|21532|23968|21692|11520|15040|15172|4008|18804|12380|22216|9800|17328
2026-08-27T17:14:30.8016811-07:00,33,58,1045,24576,4.3,13.98,31.91,43.8,26,28.38,12.3,642.39,34.5,1880|3920|12496|25856|16008|16836|22812|26468|20388|21532|23968|21692|11520|15040|15172|4008|18804|12380|22216|9800|17328
2026-08-27T17:15:17.1027927-07:00,32,58,1044,24576,4.2,13.95,31.91,43.7,35,28.38,12.3,642.39,34.5,1880|3920|12496|25856|16008|16836|22812|26468|20388|21532|23968|21692|11520|15040|15172|4008|18804|12380|22216|9800|17328
2026-08-27T17:16:03.4319633-07:00,32,58,1045,24576,4.3,13.94,31.91,43.7,30,28.38,12.3,642.39,34.5,1880|3920|12496|25856|16008|16836|22812|26468|20388|21532|23968|21692|11520|15040|15172|4008|18804|12380|22216|9800|17328
2026-08-27T17:16:49.7371735-07:00,35,58,1048,24576,4.3,13.94,31.91,43.7,40,28.38,12.3,642.39,34.5,1880|3920|12496|25856|16008|16836|22812|26468|20388|21532|23968|21692|11520|15040|15172|4008|18804|12380|22216|9800|17328
2026-08-27T17:17:36.0631551-07:00,33,58,1044,24576,4.2,13.94,31.91,43.7,22,28.38,12.3,642.39,34.5,1880|3920|12496|25856|16008|16836|22812|26468|20388|21532|23968|21692|11520|15040|15172|4008|18804|12380|22216|9800|17328
2026-08-27T17:18:22.3524938-07:00,32,58,1052,24576,4.3,13.92,31.91,43.6,14,28.38,12.3,642.39,34.5,1880|3920|12496|25856|16008|16836|22812|26468|20388|21532|23968|21692|11520|15040|15172|4008|18804|12380|22216|9800|17328
2026-08-27T17:19:08.6626080-07:00,35,58,1130,24576,4.6,13.98,31.91,43.8,27,28.38,12.3,642.39,34.5,1880|3920|12496|25856|16008|16836|22812|26468|20388|21532|23968|21692|11520|15040|15172|4008|18804|12380|22216|9800|17328
2026-08-27T17:19:54.9574656-07:00,32,58,1055,24576,4.3,13.95,31.91,43.7,23,28.38,12.3,642.39,34.5,1880|3920|12496|25856|16008|16836|22812|26468|20388|21532|23968|21692|11520|15040|15172|4008|18804|12380|22216|9800|17328
2026-08-27T17:20:41.2705996-07:00,32,58,1049,24576,4.3,13.93,31.91,43.7,27,28.38,12.3,642.39,34.5,1880|3920|12496|25856|16008|16836|22812|26468|20388|21532|23968|21692|11520|15040|15172|4008|18804|12380|22216|9800|17328
2026-08-27T17:21:27.5621815-07:00,33,58,1050,24576,4.3,13.94,31.91,43.7,16,28.38,12.3,642.39,34.5,1880|3920|12496|25856|16008|16836|22812|26468|20388|21532|23968|21692|11520|15040|15172|4008|18804|12380|22216|9800|17328
2026-08-27T17:22:13.8747920-07:00,32,58,1059,24576,4.3,13.94,31.91,43.7,20,28.38,12.3,642.39,34.5,1880|3920|12496|25856|16008|16836|22812|26468|20388|21532|23968|21692|11520|15040|15172|4008|18804|12380|22216|9800|17328
2026-08-27T17:23:00.1941412-07:00,31,58,1044,24576,4.2,13.92,31.91,43.6,23,28.38,12.3,642.39,34.5,1880|3920|12496|25856|16008|16836|22812|26468|20388|21532|23968|21692|11520|15040|15172|4008|18804|12380|22216|9800|17328
2026-08-27T17:23:46.5067770-07:00,32,58,1048,24576,4.3,13.92,31.91,43.6,25,28.38,12.3,642.39,34.5,1880|3920|12496|25856|16008|16836|22812|26468|20388|21532|23968|21692|11520|15040|15172|4008|18804|12380|22216|9800|17328
2026-08-27T17:24:32.8041958-07:00,33,58,1140,24576,4.6,13.95,31.91,43.7,32,28.38,12.3,642.39,34.5,1880|3920|12496|25856|16008|16836|22812|26468|20388|21532|23968|21692|11520|15040|15172|4008|18804|12380|22216|9800|17328
2026-08-27T17:25:19.1146277-07:00,34,58,1096,24576,4.5,13.85,31.91,43.4,13,28.38,12.3,642.39,34.5,1880|3920|12496|25856|16008|16836|22812|26468|20388|21532|23968|21692|11520|15040|15172|4008|18804|12380|22216|9800|17328
2026-08-27T17:26:05.4260071-07:00,34,58,1071,24576,4.4,13.88,31.91,43.5,21,28.38,12.3,642.39,34.5,1880|3920|12496|25856|16008|16836|22812|26468|20388|21532|23968|21692|11520|15040|15172|4008|18804|12380|22216|9800|17328
2026-08-27T17:26:51.7256966-07:00,34,58,1076,24576,4.4,13.85,31.91,43.4,29,28.38,12.3,642.39,34.5,1880|3920|12496|25856|16008|16836|22812|26468|20388|21532|23968|21692|11520|15040|15172|4008|18804|12380|22216|9800|17328
2026-08-27T17:27:38.0340574-07:00,33,58,1061,24576,4.3,13.86,31.91,43.4,21,28.38,12.3,642.39,34.5,1880|3920|12496|25856|16008|16836|22812|26468|20388|21532|23968|21692|11520|15040|15172|4008|18804|12380|22216|9800|17328
2026-08-27T17:28:24.3268899-07:00,32,58,1073,24576,4.4,13.84,31.91,43.4,22,28.38,12.3,642.39,34.5,1880|3920|12496|25856|16008|16836|22812|26468|20388|21532|23968|21692|11520|15040|15172|4008|18804|12380|22216|9800|17328
2026-08-27T17:29:10.6331948-07:00,33,58,1082,24576,4.4,13.88,31.91,43.5,29,28.38,12.3,642.39,34.5,1880|3920|12496|25856|16008|16836|22812|26468|20388|21532|23968|21692|11520|15040|15172|4008|18804|12380|22216|9800|17328
2026-08-27T17:29:56.9254501-07:00,31,58,1071,24576,4.4,13.87,31.91,43.5,25,28.38,12.3,642.39,34.5,1880|3920|12496|25856|16008|16836|22812|26468|20388|21532|23968|21692|11520|15040|15172|4008|18804|12380|22216|9800|17328
2026-08-27T17:30:43.2482353-07:00,32,58,1061,24576,4.3,13.9,31.91,43.6,30,28.38,12.3,642.39,34.5,1880|3920|12496|25856|16008|16836|22812|26468|20388|21532|23968|21692|11520|15040|15172|4008|18804|12380|22216|9800|17328
2026-08-27T17:31:29.5533608-07:00,32,58,1071,24576,4.4,13.88,31.91,43.5,28,28.38,12.3,642.38,34.5,1880|3920|12496|25856|16008|16836|22812|26468|20388|21532|23968|21692|11520|15040|15172|4008|18804|12380|22216|9800|17328
2026-08-27T17:32:15.8723125-07:00,31,58,1081,24576,4.4,13.89,31.91,43.5,25,28.38,12.3,642.38,34.5,1880|3920|12496|25856|16008|16836|22812|26468|20388|21532|23968|21692|11520|15040|15172|4008|18804|12380|22216|9800|17328
2026-08-27T17:33:02.1881083-07:00,32,58,1071,24576,4.4,13.9,31.91,43.6,16,28.38,12.3,642.38,34.5,1880|3920|12496|25856|16008|16836|22812|26468|20388|21532|23968|21692|11520|15040|15172|4008|18804|12380|22216|9800|17328
2026-08-27T17:33:48.4872113-07:00,33,58,1071,24576,4.4,13.9,31.91,43.6,22,28.38,12.3,642.38,34.5,1880|3920|12496|25856|16008|16836|22812|26468|20388|21532|23968|21692|11520|15040|15172|4008|18804|12380|22216|9800|17328
2026-08-27T17:34:34.7872307-07:00,32,58,1073,24576,4.4,13.92,31.91,43.6,30,28.38,12.3,642.38,34.5,1880|3920|12496|25856|16008|16836|22812|26468|20388|21532|23968|21692|11520|15040|15172|4008|18804|12380|22216|9800|17328
2026-08-27T17:35:21.0878048-07:00,32,58,1071,24576,4.4,13.93,31.91,43.7,25,28.38,12.3,642.38,34.5,1880|3920|12496|25856|16008|16836|22812|26468|20388|21532|23968|21692|11520|15040|15172|4008|18804|12380|22216|9800|17328
2026-08-27T17:36:07.3951844-07:00,35,58,1075,24576,4.4,13.89,31.91,43.5,15,28.38,12.3,642.38,34.5,1880|3920|12496|25856|16008|16836|22812|26468|20388|21532|23968|21692|11520|15040|15172|4008|18804|12380|22216|9800|17328
2026-08-27T17:36:53.7013951-07:00,33,58,1078,24576,4.4,13.89,31.91,43.5,25,28.38,12.3,642.38,34.5,1880|3920|12496|25856|16008|16836|22812|26468|20388|21532|23968|21692|11520|15040|15172|4008|18804|12380|22216|9800|17328
2026-08-27T17:37:40.0025294-07:00,32,58,1076,24576,4.4,13.91,31.91,43.6,21,28.38,12.3,642.38,34.5,1880|3920|12496|25856|16008|16836|22812|26468|20388|21532|23968|21692|11520|15040|15172|4008|18804|12380|22216|9800|17328
2026-08-27T17:38:26.3189777-07:00,34,58,1057,24576,4.3,13.91,31.91,43.6,27,28.38,12.3,642.38,34.5,1880|3920|12496|25856|16008|16836|22812|26468|20388|21532|23968|21692|11520|15040|15172|4008|18804|12380|22216|9800|17328
2026-08-27T17:39:12.6255539-07:00,36,58,1081,24576,4.4,13.92,31.91,43.6,23,28.38,12.3,642.38,34.5,1880|3920|12496|25856|16008|16836|22812|26468|20388|21532|23968|21692|11520|15040|15172|4008|18804|12380|22216|9800|17328
2026-08-27T17:39:58.9266096-07:00,34,58,1057,24576,4.3,13.92,31.91,43.6,31,28.38,12.3,642.38,34.5,1880|3920|12496|25856|16008|16836|22812|26468|20388|21532|23968|21692|11520|15040|15172|4008|18804|12380|22216|9800|17328
2026-08-27T17:40:45.2274100-07:00,31,58,1053,24576,4.3,13.85,31.91,43.4,24,28.38,12.3,642.38,34.5,1880|3920|12496|25856|16008|16836|22812|26468|20388|21532|23968|21692|11520|15040|15172|4008|18804|12380|22216|9800|17328
2026-08-27T17:41:31.5447294-07:00,34,58,1079,24576,4.4,13.84,31.91,43.4,25,28.38,12.3,642.38,34.5,1880|3920|12496|25856|16008|16836|22812|26468|20388|21532|23968|21692|11520|15040|15172|4008|18804|12380|22216|9800|17328
2026-08-27T17:42:17.8373515-07:00,36,58,1068,24576,4.3,13.84,31.91,43.4,27,28.38,12.3,642.38,34.5,1880|3920|12496|25856|16008|16836|22812|26468|20388|21532|23968|21692|11520|15040|15172|4008|18804|12380|22216|9800|17328
2026-08-27T17:43:04.1427051-07:00,16,59,1094,24576,4.5,13.86,31.91,43.4,18,28.38,12.3,642.38,34.5,1880|3920|12496|25856|16008|16836|22812|26468|20388|21532|23968|21692|11520|15040|15172|4008|18804|12380|22216|9800|17328
2026-08-27T17:43:50.4277561-07:00,31,58,1055,24576,4.3,13.86,31.91,43.4,30,28.38,12.3,642.38,34.5,1880|3920|12496|25856|16008|16836|22812|26468|20388|21532|23968|21692|11520|15040|15172|4008|18804|12380|22216|9800|17328
2026-08-27T17:44:36.7418304-07:00,31,58,1059,24576,4.3,13.87,31.91,43.5,22,28.38,12.3,642.38,34.5,1880|3920|12496|25856|16008|16836|22812|26468|20388|21532|23968|21692|11520|15040|15172|4008|18804|12380|22216|9800|17328
2026-08-27T17:45:23.0247105-07:00,36,58,1053,24576,4.3,13.87,31.91,43.5,28,28.38,12.3,642.38,34.5,1880|3920|12496|25856|16008|16836|22812|26468|20388|21532|23968|21692|11520|15040|15172|4008|18804|12380|22216|9800|17328
2026-08-27T17:46:09.3218791-07:00,33,58,1053,24576,4.3,13.86,31.91,43.4,26,28.38,12.3,642.38,34.5,1880|3920|12496|25856|16008|16836|22812|26468|20388|21532|23968|21692|11520|15040|15172|4008|18804|12380|22216|9800|17328
2026-08-27T17:46:55.6119224-07:00,36,58,1077,24576,4.4,13.87,31.91,43.5,23,28.38,12.3,642.38,34.5,1880|3920|12496|25856|16008|16836|22812|26468|20388|21532|23968|21692|11520|15040|15172|4008|18804|12380|22216|9800|17328
2026-08-27T17:47:41.9303620-07:00,31,58,1053,24576,4.3,13.87,31.91,43.5,15,28.38,12.3,642.38,34.5,1880|3920|12496|25856|16008|16836|22812|26468|20388|21532|23968|21692|11520|15040|15172|4008|18804|12380|22216|9800|17328
2026-08-27T17:48:28.2274290-07:00,32,58,1082,24576,4.4,13.87,31.91,43.5,27,28.38,12.3,642.38,34.5,1880|3920|12496|25856|16008|16836|22812|26468|20388|21532|23968|21692|11520|15040|15172|4008|18804|12380|22216|9800|17328
2026-08-27T17:49:14.5226112-07:00,33,58,1065,24576,4.3,13.89,31.91,43.5,25,28.38,12.3,642.38,34.5,1880|3920|12496|25856|16008|16836|22812|26468|20388|21532|23968|21692|11520|15040|15172|4008|18804|12380|22216|9800|17328
2026-08-27T17:50:00.8242923-07:00,31,58,1082,24576,4.4,13.87,31.91,43.5,14,28.38,12.3,642.38,34.5,1880|3920|12496|25856|16008|16836|22812|26468|20388|21532|23968|21692|11520|15040|15172|4008|18804|12380|22216|9800|17328
2026-08-27T17:50:47.1462177-07:00,34,58,1054,24576,4.3,13.85,31.91,43.4,9,28.38,12.3,642.38,34.5,1880|3920|12496|25856|16008|16836|22812|26468|20388|21532|23968|21692|11520|15040|15172|4008|18804|12380|22216|9800|17328
2026-08-27T17:51:33.4432081-07:00,32,58,1063,24576,4.3,13.86,31.91,43.4,23,28.38,12.3,642.38,34.5,1880|3920|12496|25856|16008|16836|22812|26468|20388|21532|23968|21692|11520|15040|15172|4008|18804|12380|22216|9800|17328
2026-08-27T17:52:19.7640148-07:00,32,58,1053,24576,4.3,13.85,31.91,43.4,16,28.38,12.3,642.38,34.5,1880|3920|12496|25856|16008|16836|22812|26468|20388|21532|23968|21692|11520|15040|15172|4008|18804|12380|22216|9800|17328
2026-08-27T17:53:06.0667337-07:00,36,58,1060,24576,4.3,13.86,31.91,43.4,14,28.38,12.3,642.38,34.5,1880|3920|12496|25856|16008|16836|22812|26468|20388|21532|23968|21692|11520|15040|15172|4008|18804|12380|22216|9800|17328
2026-08-27T17:53:52.3775389-07:00,32,58,1078,24576,4.4,13.85,31.91,43.4,28,28.38,12.3,642.38,34.5,1880|3920|12496|25856|16008|16836|22812|26468|20388|21532|23968|21692|11520|15040|15172|4008|18804|12380|22216|9800|17328
2026-08-27T17:54:38.6859472-07:00,31,58,1060,24576,4.3,13.86,31.91,43.4,23,28.38,12.3,642.38,34.5,1880|3920|12496|25856|16008|16836|22812|26468|20388|21532|23968|21692|11520|15040|15172|4008|18804|12380|22216|9800|17328
2026-08-27T17:55:24.9894075-07:00,32,58,1054,24576,4.3,13.86,31.91,43.4,19,28.38,12.3,642.38,34.5,1880|3920|12496|25856|16008|16836|22812|26468|20388|21532|23968|21692|11520|15040|15172|4008|18804|12380|22216|9800|17328
2026-08-27T17:56:11.2798074-07:00,33,58,1054,24576,4.3,13.84,31.91,43.4,17,28.38,12.3,642.38,34.5,1880|3920|12496|25856|16008|16836|22812|26468|20388|21532|23968|21692|11520|15040|15172|4008|18804|12380|22216|9800|17328
2026-08-27T17:56:57.5806011-07:00,34,58,1094,24576,4.5,13.85,31.91,43.4,23,28.38,12.3,642.38,34.5,1880|3920|12496|25856|16008|16836|22812|26468|20388|21532|23968|21692|11520|15040|15172|4008|18804|12380|22216|9800|17328
2026-08-27T17:57:43.8928408-07:00,32,58,1056,24576,4.3,13.84,31.91,43.4,27,28.38,12.3,642.38,34.5,1880|3920|12496|25856|16008|16836|22812|26468|20388|21532|23968|21692|11520|15040|15172|4008|18804|12380|22216|9800|17328
2026-08-27T17:58:30.1981167-07:00,35,58,1096,24576,4.5,13.85,31.91,43.4,20,28.38,12.3,642.38,34.5,1880|3920|12496|25856|16008|16836|22812|26468|20388|21532|23968|21692|11520|15040|15172|4008|18804|12380|22216|9800|17328
2026-08-27T17:59:16.4947706-07:00,32,58,1091,24576,4.4,13.86,31.91,43.4,26,28.38,12.3,642.38,34.5,1880|3920|12496|25856|16008|16836|22812|26468|20388|21532|23968|21692|11520|15040|15172|4008|18804|12380|22216|9800|17328
2026-08-27T18:00:02.8030382-07:00,31,58,1077,24576,4.4,13.85,31.91,43.4,15,28.38,12.3,642.38,34.5,1880|3920|12496|25856|16008|16836|22812|26468|20388|21532|23968|21692|11520|15040|15172|4008|18804|12380|22216|9800|17328
2026-08-27T18:00:49.0944055-07:00,33,58,1070,24576,4.4,13.87,31.91,43.5,19,28.38,12.3,642.38,34.5,1880|3920|12496|25856|16008|16836|22812|26468|20388|21532|23968|21692|11520|15040|15172|4008|18804|12380|22216|9800|17328
2026-08-27T18:01:35.3841121-07:00,33,58,1091,24576,4.4,13.88,31.91,43.5,20,28.38,12.3,642.38,34.5,1880|3920|12496|25856|16008|16836|22812|26468|20388|21532|23968|21692|11520|15040|15172|4008|18804|12380|22216|9800|17328
2026-08-27T18:02:21.6769567-07:00,31,58,1054,24576,4.3,13.87,31.91,43.5,17,28.38,12.3,642.38,34.5,1880|3920|12496|25856|16008|16836|22812|26468|20388|21532|23968|21692|11520|15040|15172|4008|18804|12380|22216|9800|17328
2026-08-27T18:03:08.0039227-07:00,33,58,1059,24576,4.3,13.86,31.91,43.4,28,28.38,12.3,642.38,34.5,1880|3920|12496|25856|16008|16836|22812|26468|20388|21532|23968|21692|11520|15040|15172|4008|18804|12380|22216|9800|17328
2026-08-27T18:03:54.2957731-07:00,31,58,1060,24576,4.3,13.85,31.91,43.4,20,28.38,12.3,642.38,34.5,1880|3920|12496|25856|16008|16836|22812|26468|20388|21532|23968|21692|11520|15040|15172|4008|18804|12380|22216|9800|17328
2026-08-27T18:04:40.6185476-07:00,32,58,1032,24576,4.2,14.01,31.91,43.9,13,28.38,12.3,642.38,34.5,1880|3920|12496|25856|16008|16836|22812|26468|20388|21532|23968|21692|11520|15040|15172|4008|18804|12380|22216|9800|17328
2026-08-27T18:05:26.9320752-07:00,32,58,1032,24576,4.2,13.98,31.91,43.8,18,28.38,12.3,642.38,34.5,1880|3920|12496|25856|16008|16836|22812|26468|20388|21532|23968|21692|11520|15040|15172|4008|18804|12380|22216|9800|17328
2026-08-27T18:06:13.2414830-07:00,34,58,1032,24576,4.2,13.97,31.91,43.8,28,28.38,12.3,642.38,34.5,1880|3920|12496|25856|16008|16836|22812|26468|20388|21532|23968|21692|11520|15040|15172|4008|18804|12380|22216|9800|17328
2026-08-27T18:06:59.5408406-07:00,36,58,1032,24576,4.2,13.97,31.91,43.8,29,28.38,12.3,642.38,34.5,1880|3920|12496|25856|16008|16836|22812|26468|20388|21532|23968|21692|11520|15040|15172|4008|18804|12380|22216|9800|17328
2026-08-27T18:07:45.8477002-07:00,32,58,1032,24576,4.2,13.97,31.91,43.8,25,28.38,12.3,642.38,34.5,1880|3920|12496|25856|16008|16836|22812|26468|20388|21532|23968|21692|11520|15040|15172|4008|18804|12380|22216|9800|17328
2026-08-27T18:08:32.1318135-07:00,34,58,1032,24576,4.2,13.97,31.91,43.8,14,28.38,12.3,642.38,34.5,1880|3920|12496|25856|16008|16836|22812|26468|20388|21532|23968|21692|11520|15040|15172|4008|18804|12380|22216|9800|17328
2026-08-27T18:09:18.4342557-07:00,37,58,1032,24576,4.2,13.98,31.91,43.8,20,28.38,12.3,642.38,34.5,1880|3920|12496|25856|16008|16836|22812|26468|20388|21532|23968|21692|11520|15040|15172|4008|18804|12380|22216|9800|17328
2026-08-27T18:10:04.7498129-07:00,36,58,1032,24576,4.2,13.95,31.91,43.7,24,28.38,12.3,642.38,34.5,1880|3920|12496|25856|16008|16836|22812|26468|20388|21532|23968|21692|11520|15040|15172|4008|18804|12380|22216|9800|17328
2026-08-27T18:10:51.0589683-07:00,33,58,1032,24576,4.2,13.93,31.91,43.7,25,28.38,12.3,642.38,34.5,1880|3920|12496|25856|16008|16836|22812|26468|20388|21532|23968|21692|11520|15040|15172|4008|18804|12380|22216|9800|17328
2026-08-27T18:11:37.3547352-07:00,34,58,1027,24576,4.2,13.91,31.91,43.6,16,28.38,12.3,642.38,34.5,1880|3920|12496|25856|16008|16836|22812|26468|20388|21532|23968|21692|11520|15040|15172|4008|18804|12380|22216|9800|17328
2026-08-27T18:12:23.6560208-07:00,31,59,1188,24576,4.8,14.95,31.91,46.9,39,28.38,12.3,642.38,34.5,1880|3920|12496|25856|16008|16836|22812|26468|20388|21532|23968|21692|11520|15040|15172|4008|18804|12380|22216|9800|17328|12584|26432
2026-08-27T18:13:10.0015665-07:00,34,59,1488,24576,6.1,15.88,31.91,49.8,31,28.36,12.3,642.37,34.5,1880|3920|12496|25856|16008|16836|22812|26468|20388|21532|23968|21692|11520|15040|15172|4008|18804|12380|22216|9800|17328|12584|26432|15468
2026-08-27T18:13:56.3444928-07:00,25,60,2719,24576,11.1,17.14,31.91,53.7,37,28.35,12.3,642.37,34.5,1880|3920|12496|25856|16008|16836|22812|26468|20388|21532|23968|21692|11520|15040|15172|4008|18804|12380|22216|9800|17328|12584|26432|15468|28252|8348|22948
2026-08-27T18:14:42.7124156-07:00,35,62,2872,24576,11.7,18.38,31.91,57.6,33,28.31,12.2,642.37,34.5,1880|3920|12496|25856|16008|16836|22812|26468|20388|21532|23968|21692|11520|15040|15172|4008|18804|12380|22216|9800|17328|12584|26432|15468|28252|8348|22948|11748
2026-08-27T18:15:29.0947167-07:00,38,62,3027,24576,12.3,18.15,31.91,56.9,39,28.32,12.2,642.37,34.5,1880|3920|12496|25856|16008|16836|22812|26468|20388|21532|23968|21692|11520|15040|15172|4008|18804|12380|22216|9800|17328|12584|26432|15468|28252|8348|22948|11748
2026-08-27T18:16:15.4842243-07:00,39,60,3034,24576,12.3,17.99,31.91,56.4,40,28.32,12.2,642.37,34.5,1880|3920|12496|25856|16008|16836|22812|26468|20388|21532|23968|21692|11520|15040|15172|4008|18804|12380|22216|9800|17328|12584|26432|15468|28252|8348|22948|11748
2026-08-27T18:17:01.8645565-07:00,40,60,3038,24576,12.4,18.17,31.91,56.9,54,28.32,12.2,642.37,34.5,1880|3920|12496|25856|16008|16836|22812|26468|20388|21532|23968|21692|11520|15040|15172|4008|18804|12380|22216|9800|17328|12584|26432|15468|28252|8348|22948|11748
2026-08-27T18:17:48.2383570-07:00,37,61,3006,24576,12.2,17.9,31.91,56.1,34,28.32,12.2,642.37,34.5,1880|3920|12496|25856|16008|16836|22812|26468|20388|21532|23968|21692|11520|15040|15172|4008|18804|12380|22216|9800|17328|15468|28252|8348|22948|11748
2026-08-27T18:18:34.6370908-07:00,39,61,3020,24576,12.3,16.76,31.91,52.5,44,28.32,12.2,642.37,34.5,1880|3920|12496|25856|16008|16836|22812|26468|20388|21532|23968|21692|11520|15040|15172|4008|18804|12380|22216|9800|17328|15468|28252|8348|22948|11748
2026-08-27T18:19:20.9869815-07:00,37,60,3020,24576,12.3,16.82,31.91,52.7,57,28.32,12.2,642.37,34.5,1880|3920|12496|25856|16008|16836|22812|26468|20388|21532|23968|21692|11520|15040|15172|4008|18804|12380|22216|9800|17328|15468|28252|8348|22948|11748
2026-08-27T18:20:07.4443489-07:00,37,61,3012,24576,12.3,16.93,31.91,53.1,48,28.34,12.3,642.37,34.5,1880|3920|12496|25856|16008|16836|22812|26468|20388|21532|23968|21692|11520|15040|15172|4008|18804|12380|22216|9800|17328|15468|28252|8348|22948|11748|25176
2026-08-27T18:20:53.8201737-07:00,39,60,3000,24576,12.2,16.79,31.91,52.6,55,28.34,12.3,642.37,34.5,1880|3920|12496|25856|16008|16836|22812|26468|20388|21532|23968|21692|11520|15040|15172|4008|18804|12380|22216|9800|17328|15468|28252|8348|22948|11748
2026-08-27T18:21:40.2103018-07:00,38,61,3003,24576,12.2,16.74,31.91,52.5,51,28.34,12.3,642.37,34.5,1880|3920|12496|25856|16008|16836|22812|26468|20388|21532|23968|21692|11520|15040|15172|4008|18804|12380|22216|9800|17328|15468|28252|8348|22948|11748
2026-08-27T18:22:26.5745181-07:00,38,61,3034,24576,12.3,16.62,31.91,52.1,63,28.34,12.3,642.37,34.5,1880|3920|12496|25856|16008|16836|22812|26468|20388|21532|23968|21692|11520|15040|15172|4008|18804|12380|22216|9800|17328|15468|28252|8348|22948|11748
2026-08-27T18:23:12.9973015-07:00,36,61,3033,24576,12.3,16.53,31.91,51.8,51,28.36,12.3,642.37,34.5,1880|3920|12496|25856|16008|16836|22812|26468|20388|21532|23968|21692|11520|15040|15172|4008|18804|12380|22216|9800|17328|15468|28252|8348|22948|11748
2026-08-27T18:23:59.3641357-07:00,35,61,3027,24576,12.3,16.47,31.91,51.6,37,28.36,12.3,642.37,34.5,1880|3920|12496|25856|16008|16836|22812|26468|20388|21532|23968|21692|11520|15040|15172|4008|18804|12380|22216|9800|17328|15468|28252|8348|22948|11748
2026-08-27T18:24:45.7487679-07:00,36,61,3008,24576,12.2,16.48,31.91,51.6,57,28.36,12.3,642.37,34.5,1880|3920|12496|25856|16008|16836|22812|26468|20388|21532|23968|21692|11520|15040|15172|4008|18804|12380|22216|9800|17328|15468|28252|8348|22948|11748
2026-08-27T18:25:32.1224720-07:00,37,61,3008,24576,12.2,16.69,31.91,52.3,35,28.36,12.3,642.37,34.5,1880|3920|12496|25856|16008|16836|22812|26468|20388|21532|23968|21692|11520|15040|15172|4008|18804|12380|22216|9800|17328|15468|28252|8348|22948|11748
2026-08-27T18:26:18.4904561-07:00,33,61,3010,24576,12.2,16.7,31.91,52.3,38,28.36,12.3,642.37,34.5,1880|3920|12496|25856|16008|16836|22812|26468|20388|21532|23968|21692|11520|15040|15172|4008|18804|12380|22216|9800|17328|15468|28252|8348|22948|11748
2026-08-27T18:27:04.8673140-07:00,38,61,2998,24576,12.2,16.3,31.91,51.1,43,28.36,12.3,642.37,34.5,1880|3920|12496|25856|16008|16836|22812|26468|20388|21532|23968|21692|11520|15040|15172|4008|18804|12380|22216|9800|17328|15468|28252|8348|22948|11748
2026-08-27T18:27:51.2626493-07:00,21,60,2999,24576,12.2,16.29,31.91,51,37,28.36,12.3,642.37,34.5,1880|3920|12496|25856|16008|16836|22812|26468|20388|21532|23968|21692|11520|15040|15172|4008|18804|12380|22216|9800|17328|15468|28252|8348|22948|11748
2026-08-27T18:28:37.6644181-07:00,37,61,2991,24576,12.2,16.33,31.91,51.2,34,28.36,12.3,642.37,34.5,1880|3920|12496|25856|16008|16836|22812|26468|20388|21532|23968|21692|11520|15040|15172|4008|18804|12380|22216|9800|17328|15468|28252|8348|22948|11748
2026-08-27T18:29:24.0528333-07:00,36,60,3001,24576,12.2,16.35,31.91,51.2,46,28.36,12.3,642.37,34.5,1880|3920|12496|25856|16008|16836|22812|26468|20388|21532|23968|21692|11520|15040|15172|4008|18804|12380|22216|9800|17328|15468|28252|8348|22948|11748
2026-08-27T18:30:10.4263937-07:00,38,61,2991,24576,12.2,16.29,31.91,51,40,28.36,12.3,642.37,34.5,1880|3920|12496|25856|16008|16836|22812|26468|20388|21532|23968|21692|11520|15040|15172|4008|18804|12380|22216|9800|17328|15468|28252|8348|22948|11748
2026-08-27T18:30:56.7848974-07:00,35,61,3004,24576,12.2,16.48,31.91,51.6,55,28.36,12.3,642.37,34.5,1880|3920|12496|25856|16008|16836|22812|26468|20388|21532|23968|21692|11520|15040|15172|4008|18804|12380|22216|9800|17328|15468|28252|8348|22948|11748
2026-08-27T18:31:43.1749011-07:00,39,61,3008,24576,12.2,16.47,31.91,51.6,37,28.36,12.3,642.37,34.5,1880|3920|12496|25856|16008|16836|22812|26468|20388|21532|23968|21692|11520|15040|15172|4008|18804|12380|22216|9800|17328|15468|28252|8348|22948|11748
2026-08-27T18:32:29.5581770-07:00,36,60,3008,24576,12.2,16.36,31.91,51.3,59,28.36,12.3,642.37,34.5,1880|3920|12496|25856|16008|16836|22812|26468|20388|21532|23968|21692|11520|15040|15172|4008|18804|12380|22216|9800|17328|15468|28252|8348|22948|11748
2026-08-27T18:33:15.9196542-07:00,39,61,3001,24576,12.2,15.9,31.91,49.8,45,28.36,12.3,642.37,34.5,1880|3920|12496|25856|16008|16836|22812|26468|20388|21532|23968|21692|11520|15040|15172|4008|18804|12380|22216|9800|17328|15468|28252|8348|22948|11748
2026-08-27T18:34:02.2955032-07:00,23,58,1028,24576,4.2,11.39,31.91,35.7,26,28.34,12.2,642.37,34.5,1880|3920|12496|25856|16008|16836|22812|26468|20388|21532|23968|21692|11520|15040|15172|4008|18804|22216|9800|15468
2026-08-27T18:34:48.5792586-07:00,1,58,1227,24576,5,12.56,31.91,39.4,13,28.32,12.2,642.37,34.5,1880|3920|12496|25856|16008|16836|22812|26468|20388|21532|23968|21692|11520|15040|15172|4008|18804|22216|9800|15468|3508
2026-08-27T18:35:34.8580803-07:00,0,58,1164,24576,4.7,12.64,31.91,39.6,17,28.25,12.2,642.37,34.5,1880|3920|12496|25856|16008|16836|22812|26468|20388|21532|23968|21692|11520|15040|15172|4008|18804|22216|9800|15468|3508
2026-08-27T18:36:21.1260786-07:00,2,61,1163,24576,4.7,12.24,31.91,38.4,36,28.24,12.2,642.37,34.5,1880|3920|12496|25856|16008|16836|22812|26468|20388|21532|23968|21692|11520|15040|15172|4008|18804|22216|9800|15468|28124|9936
2026-08-27T18:37:07.4212725-07:00,24,57,3589,24576,14.6,15.56,31.91,48.8,14,28.26,12.2,642.37,34.5,1880|3920|12496|25856|16008|16836|22812|26468|20388|21532|23968|21692|11520|15040|15172|4008|18804|22216|9800|15468|28124|13588|23728|28488|8492
2026-08-27T18:37:53.8027944-07:00,16,59,3484,24576,14.2,15.26,31.91,47.8,60,28.25,12.2,642.37,34.5,1880|3920|12496|25856|16008|16836|22812|26468|20388|21532|23968|21692|11520|15040|15172|4008|22216|9800|15468|28124|13588|23728|28488|8492|26500
2026-08-27T18:38:40.6461318-07:00,32,56,4905,24576,20,16.5,31.91,51.7,20,28.25,12.2,642.37,34.5,1880|3920|12496|25856|16008|16836|22812|26468|20388|21532|23968|21692|11520|15040|15172|4008|22216|9800|15468|28124|13588|23728|28488|8492|26500|1044|16796
2026-08-27T18:39:27.0482692-07:00,60,71,5125,24576,20.9,16.69,31.91,52.3,36,28.25,12.2,642.37,34.5,1880|3920|12496|25856|16008|16836|22812|26468|20388|21532|23968|21692|11520|15040|15172|4008|22216|9800|15468|28124|13588|23728|28488|8492|26500|1044|16796
2026-08-27T18:40:13.5092368-07:00,71,76,5039,24576,20.5,16.74,31.91,52.5,54,28.25,12.2,642.37,34.5,1880|3920|12496|25856|16008|16836|22812|26468|20388|21532|23968|21692|11520|15040|15172|4008|22216|9800|15468|28124|13588|23728|28488|8492|26500|1044|16796
2026-08-27T18:41:00.1133320-07:00,61,77,5033,24576,20.5,17,31.91,53.3,60,28.25,12.2,642.37,34.5,1880|3920|12496|25856|16008|16836|22812|26468|20388|21532|23968|21692|11520|15040|15172|4008|22216|9800|15468|28124|13588|23728|28488|8492|26500|1044|16796
2026-08-27T18:41:46.6773555-07:00,65,78,5028,24576,20.5,16.74,31.91,52.5,59,28.24,12.2,642.37,34.5,1880|3920|12496|25856|16008|16836|22812|26468|20388|21532|23968|21692|11520|15040|15172|4008|22216|9800|15468|28124|13588|23728|28488|8492|26500|1044|16796
2026-08-27T18:42:33.2649759-07:00,67,78,4811,24576,19.6,16.75,31.91,52.5,71,28.24,12.2,642.37,34.5,1880|3920|12496|25856|16008|16836|22812|26468|20388|21532|23968|21692|11520|15040|15172|4008|22216|9800|15468|28124|13588|23728|28488|8492|26500|1044|16796
2026-08-27T18:43:19.8457789-07:00,64,79,4789,24576,19.5,16.62,31.91,52.1,65,28.24,12.2,642.37,34.5,1880|3920|12496|25856|16008|16836|22812|26468|20388|21532|23968|21692|11520|15040|15172|4008|22216|9800|15468|28124|13588|23728|28488|8492|16796
2026-08-27T18:44:06.4442193-07:00,65,79,4838,24576,19.7,16.69,31.91,52.3,56,28.24,12.2,642.37,34.5,1880|3920|12496|25856|16008|16836|22812|26468|20388|21532|23968|21692|11520|15040|15172|4008|22216|9800|15468|28124|13588|23728|28488|8492|16796
2026-08-27T18:44:53.1049015-07:00,68,79,4859,24576,19.8,16.63,31.91,52.1,71,28.26,12.2,642.37,34.5,1880|3920|12496|25856|16008|16836|22812|26468|20388|21532|23968|21692|11520|15040|15172|4008|22216|9800|15468|28124|13588|23728|28488|8492|16796
2026-08-27T18:45:39.7022311-07:00,64,80,4837,24576,19.7,16.82,31.91,52.7,56,28.26,12.2,642.37,34.5,1880|3920|12496|25856|16008|16836|22812|26468|20388|21532|23968|21692|11520|15040|15172|4008|22216|9800|15468|28124|13588|23728|28488|8492|16796
2026-08-27T18:46:26.2819076-07:00,61,79,4850,24576,19.7,16.66,31.91,52.2,45,28.31,12.2,642.37,34.5,1880|3920|12496|25856|16008|16836|22812|26468|20388|21532|23968|21692|11520|15040|15172|4008|22216|9800|15468|28124|13588|23728|28488|8492|16796
2026-08-27T18:47:12.8451903-07:00,58,79,4850,24576,19.7,16.56,31.91,51.9,68,28.35,12.3,642.37,34.5,1880|3920|12496|25856|16008|16836|22812|26468|20388|21532|23968|21692|11520|15040|15172|4008|22216|9800|15468|28124|13588|23728|28488|8492|16796
2026-08-27T18:47:59.4603446-07:00,57,80,4850,24576,19.7,16.14,31.91,50.6,57,28.35,12.3,642.37,34.5,1880|3920|12496|25856|16008|16836|22812|26468|20388|21532|23968|21692|11520|15040|15172|4008|22216|9800|15468|28124|13588|23728|28488|8492|16796
2026-08-27T18:48:46.0676615-07:00,57,78,5042,24576,20.5,16.13,31.91,50.5,69,28.35,12.3,642.37,34.5,1880|3920|12496|25856|16008|16836|22812|26468|20388|21532|23968|21692|11520|15040|15172|4008|22216|9800|15468|28124|13588|23728|8492|16796|11124
2026-08-27T18:49:32.6077763-07:00,57,78,5035,24576,20.5,16.3,31.91,51.1,68,28.35,12.3,642.37,34.5,1880|3920|12496|25856|16008|16836|22812|26468|20388|21532|23968|21692|11520|15040|15172|4008|22216|9800|15468|28124|13588|23728|8492|16796|11124
2026-08-27T18:50:19.1935767-07:00,60,79,5033,24576,20.5,16.42,31.91,51.5,57,28.35,12.3,642.37,34.5,1880|3920|12496|25856|16008|16836|22812|26468|20388|21532|23968|21692|11520|15040|15172|4008|22216|9800|15468|28124|13588|23728|8492|16796|11124
2026-08-27T18:51:05.7794555-07:00,62,79,5024,24576,20.4,16.38,31.91,51.3,55,28.34,12.3,642.37,34.5,1880|3920|12496|25856|16008|16836|22812|26468|20388|21532|23968|21692|11520|15040|15172|4008|22216|9800|15468|28124|13588|23728|8492|16796|11124
2026-08-27T18:51:52.3347355-07:00,47,78,4871,24576,19.8,16.22,31.91,50.8,35,28.34,12.3,642.37,34.5,1880|3920|12496|25856|16008|16836|22812|26468|20388|21532|23968|21692|11520|15040|15172|4008|22216|9800|15468|28124|13588|23728|8492|16796|11124
2026-08-27T18:52:38.7995363-07:00,46,78,4863,24576,19.8,16.3,31.91,51.1,59,28.34,12.3,642.37,34.5,1880|3920|12496|25856|16008|16836|22812|26468|20388|21532|23968|21692|11520|15040|15172|4008|22216|9800|15468|28124|13588|23728|8492|16796|11124
2026-08-27T18:53:25.3761303-07:00,38,75,4859,24576,19.8,16.42,31.91,51.5,53,28.34,12.3,642.37,34.5,1880|3920|12496|25856|16008|16836|22812|26468|20388|21532|23968|21692|11520|15040|15172|4008|22216|9800|15468|28124|13588|23728|8492|16796|11124
2026-08-27T18:54:11.8802749-07:00,48,75,4860,24576,19.8,16.57,31.91,51.9,50,28.34,12.3,642.37,34.5,1880|3920|12496|25856|16008|16836|22812|26468|20388|21532|23968|21692|11520|15040|15172|4008|22216|9800|15468|28124|13588|23728|8492|16796|11124
2026-08-27T18:54:58.4166272-07:00,41,77,4861,24576,19.8,16.25,31.91,50.9,57,28.34,12.3,642.37,34.5,1880|3920|12496|25856|16008|16836|22812|26468|20388|21532|23968|21692|11520|15040|15172|4008|22216|9800|15468|28124|13588|23728|8492|16796|11124
2026-08-27T18:55:44.9186269-07:00,39,74,4866,24576,19.8,16.33,31.91,51.2,48,28.34,12.2,642.37,34.5,1880|3920|12496|25856|16008|16836|22812|26468|20388|21532|23968|21692|11520|15040|15172|4008|22216|9800|15468|28124|13588|23728|8492|16796|11124
2026-08-27T18:56:31.4203081-07:00,52,78,4857,24576,19.8,16.37,31.91,51.3,47,28.34,12.2,642.37,34.5,1880|3920|12496|25856|16008|16836|22812|26468|20388|21532|23968|21692|11520|15040|15172|4008|22216|9800|15468|28124|13588|23728|8492|16796|11124
2026-08-27T18:57:17.9139673-07:00,42,78,4856,24576,19.8,16.33,31.91,51.2,63,28.33,12.2,642.37,34.5,1880|3920|12496|25856|16008|16836|22812|26468|20388|21532|23968|21692|11520|15040|15172|4008|22216|9800|15468|28124|13588|23728|8492|16796|11124
2026-08-27T18:58:04.4513278-07:00,42,78,4855,24576,19.8,16.24,31.91,50.9,49,28.33,12.2,642.37,34.5,1880|3920|12496|25856|16008|16836|22812|26468|20388|21532|23968|21692|11520|15040|15172|4008|22216|9800|15468|28124|13588|23728|8492|16796|11124
2026-08-27T18:58:50.9192236-07:00,43,79,4855,24576,19.8,16.14,31.91,50.6,46,28.33,12.2,642.37,34.5,1880|3920|12496|25856|16008|16836|22812|26468|20388|21532|23968|21692|11520|15040|15172|4008|22216|9800|15468|28124|13588|23728|8492|16796|11124
2026-08-27T18:59:37.4219985-07:00,43,77,4855,24576,19.8,16.2,31.91,50.8,54,28.34,12.2,642.37,34.5,1880|3920|12496|25856|16008|16836|22812|26468|20388|21532|23968|21692|11520|15040|15172|4008|22216|9800|15468|28124|13588|23728|8492|16796|11124
2026-08-27T19:00:23.9089402-07:00,43,79,4858,24576,19.8,16.46,31.91,51.6,31,28.33,12.2,642.37,34.5,1880|3920|12496|25856|16008|16836|22812|26468|20388|21532|23968|21692|11520|15040|15172|4008|22216|9800|15468|28124|13588|23728|8492|16796|11124
2026-08-27T19:01:10.4226391-07:00,47,78,4858,24576,19.8,16.31,31.91,51.1,37,28.33,12.2,642.37,34.5,1880|3920|12496|25856|16008|16836|22812|26468|20388|21532|23968|21692|11520|15040|15172|4008|22216|9800|15468|28124|13588|23728|8492|16796|11124
2026-08-27T19:01:56.9157389-07:00,41,78,4835,24576,19.7,16.16,31.91,50.6,54,28.33,12.2,642.37,34.5,1880|3920|12496|25856|16008|16836|22812|26468|20388|21532|23968|21692|11520|15040|15172|4008|22216|9800|15468|28124|13588|23728|8492|16796|11124
2026-08-27T19:02:43.3748853-07:00,46,78,4824,24576,19.6,16.3,31.91,51.1,40,28.33,12.2,642.37,34.5,1880|3920|12496|25856|16008|16836|22812|26468|20388|21532|23968|21692|11520|15040|15172|4008|22216|9800|15468|28124|13588|23728|8492|16796|11124
2026-08-27T19:03:29.8598866-07:00,50,79,4821,24576,19.6,16.27,31.91,51,43,28.33,12.2,642.37,34.5,1880|3920|12496|25856|16008|16836|22812|26468|20388|21532|23968|21692|11520|15040|15172|4008|22216|9800|15468|28124|13588|23728|8492|16796|11124
2026-08-27T19:04:16.3686308-07:00,41,78,4823,24576,19.6,16.24,31.91,50.9,54,28.33,12.2,642.37,34.5,1880|3920|12496|25856|16008|16836|22812|26468|20388|21532|23968|21692|11520|15040|15172|4008|22216|9800|15468|28124|13588|23728|8492|16796|11124
2026-08-27T19:05:02.8389667-07:00,44,78,4821,24576,19.6,16.23,31.91,50.9,46,28.32,12.2,642.37,34.5,1880|3920|12496|25856|16008|16836|22812|26468|20388|21532|23968|21692|11520|15040|15172|4008|22216|9800|15468|28124|13588|23728|8492|16796|11124
2026-08-27T19:05:49.3120858-07:00,37,78,4802,24576,19.5,16.45,31.91,51.6,40,28.32,12.2,642.37,34.5,1880|3920|12496|25856|16008|16836|22812|26468|20388|21532|23968|21692|11520|15040|15172|4008|22216|9800|15468|28124|13588|23728|8492|16796|11124
2026-08-27T19:06:35.8297149-07:00,46,78,4804,24576,19.5,16.46,31.91,51.6,36,28.32,12.2,642.37,34.5,1880|3920|12496|25856|16008|16836|22812|26468|20388|21532|23968|21692|11520|15040|15172|4008|22216|9800|15468|28124|13588|23728|8492|16796|11124
2026-08-27T19:07:22.3093164-07:00,47,78,4803,24576,19.5,16.4,31.91,51.4,52,28.32,12.2,642.37,34.5,1880|3920|12496|25856|16008|16836|22812|26468|20388|21532|23968|21692|11520|15040|15172|4008|22216|9800|15468|28124|13588|23728|8492|16796|11124
2026-08-27T19:08:08.8055491-07:00,48,78,4804,24576,19.5,15.81,31.91,49.5,44,28.32,12.2,642.37,34.5,1880|3920|12496|25856|16008|16836|22812|26468|20388|21532|23968|21692|11520|15040|15172|4008|22216|9800|15468|28124|13588|23728|8492|16796|11124
2026-08-27T19:08:55.3070436-07:00,41,77,4802,24576,19.5,16.19,31.91,50.7,60,28.32,12.2,642.37,34.5,1880|3920|12496|25856|16008|16836|22812|26468|20388|21532|23968|21692|11520|15040|15172|4008|22216|9800|15468|28124|13588|23728|8492|16796|11124
2026-08-27T19:09:41.8567107-07:00,44,78,4799,24576,19.5,15.96,31.91,50,37,28.32,12.2,642.37,34.5,1880|3920|12496|25856|16008|16836|22812|26468|20388|21532|23968|21692|11520|15040|15172|4008|22216|9800|15468|28124|13588|23728|8492|16796|11124
2026-08-27T19:10:28.3385743-07:00,50,79,4795,24576,19.5,16.2,31.91,50.8,52,28.32,12.2,642.37,34.5,1880|3920|12496|25856|16008|16836|22812|26468|20388|21532|23968|21692|11520|15040|15172|4008|22216|9800|15468|28124|13588|23728|8492|16796|11124
2026-08-27T19:11:14.8314313-07:00,44,79,4794,24576,19.5,16.26,31.91,51,36,28.32,12.2,642.37,34.5,1880|3920|12496|25856|16008|16836|22812|26468|20388|21532|23968|21692|11520|15040|15172|4008|22216|9800|15468|28124|13588|23728|8492|16796|11124
2026-08-27T19:12:01.3678140-07:00,46,79,4792,24576,19.5,16,31.91,50.1,34,28.32,12.2,642.37,34.5,1880|3920|12496|25856|16008|16836|22812|26468|20388|21532|23968|21692|11520|15040|15172|4008|22216|9800|15468|28124|13588|23728|8492|16796|11124
2026-08-27T19:12:47.8075419-07:00,37,79,4795,24576,19.5,16,31.91,50.1,28,28.32,12.2,642.37,34.5,1880|3920|12496|25856|16008|16836|22812|26468|20388|21532|23968|21692|11520|15040|15172|4008|22216|9800|15468|28124|13588|23728|8492|16796|11124
2026-08-27T19:13:34.3134814-07:00,40,78,4794,24576,19.5,15.64,31.91,49,41,28.32,12.2,642.37,34.5,1880|3920|12496|25856|16008|16836|22812|26468|20388|21532|23968|21692|11520|15040|15172|4008|22216|9800|15468|28124|13588|23728|8492|16796|11124
2026-08-27T19:14:20.7928391-07:00,46,79,4794,24576,19.5,15.66,31.91,49.1,45,28.32,12.2,642.37,34.5,1880|3920|12496|25856|16008|16836|22812|26468|20388|21532|23968|21692|11520|15040|15172|4008|22216|9800|15468|28124|13588|23728|8492|16796|11124
2026-08-27T19:15:07.3014252-07:00,44,77,4794,24576,19.5,15.64,31.91,49,40,28.32,12.2,642.37,34.5,1880|3920|12496|25856|16008|16836|22812|26468|20388|21532|23968|21692|11520|15040|15172|4008|22216|9800|15468|28124|13588|23728|8492|16796|11124
2026-08-27T19:15:53.7672467-07:00,46,78,4794,24576,19.5,15.86,31.91,49.7,53,28.32,12.2,642.37,34.5,1880|3920|12496|25856|16008|16836|22812|26468|20388|21532|23968|21692|11520|15040|15172|4008|22216|9800|15468|28124|13588|23728|8492|16796|11124
2026-08-27T19:16:40.2901868-07:00,39,74,4801,24576,19.5,15.93,31.91,49.9,51,28.32,12.2,642.37,34.5,1880|3920|12496|25856|16008|16836|22812|26468|20388|21532|23968|21692|11520|15040|15172|4008|22216|9800|15468|28124|13588|23728|8492|16796|11124
2026-08-27T19:17:26.7518588-07:00,45,78,4801,24576,19.5,15.86,31.91,49.7,36,28.32,12.2,642.37,34.5,1880|3920|12496|25856|16008|16836|22812|26468|20388|21532|23968|21692|11520|15040|15172|4008|22216|9800|15468|28124|13588|23728|8492|16796|11124
2026-08-27T19:18:13.2186320-07:00,42,79,4794,24576,19.5,15.88,31.91,49.8,41,28.32,12.2,642.37,34.5,1880|3920|12496|25856|16008|16836|22812|26468|20388|21532|23968|21692|11520|15040|15172|4008|22216|9800|15468|28124|13588|23728|8492|16796|11124
2026-08-27T19:18:59.7250402-07:00,47,79,4794,24576,19.5,15.73,31.91,49.3,63,28.32,12.2,642.37,34.5,1880|3920|12496|25856|16008|16836|22812|26468|20388|21532|23968|21692|11520|15040|15172|4008|22216|9800|15468|28124|13588|23728|8492|16796|11124
2026-08-27T19:19:46.2557995-07:00,47,79,4795,24576,19.5,15.74,31.91,49.3,42,28.32,12.2,642.37,34.5,1880|3920|12496|25856|16008|16836|22812|26468|20388|21532|23968|21692|11520|15040|15172|4008|22216|9800|15468|28124|13588|23728|8492|16796|11124
2026-08-27T19:20:32.7792634-07:00,52,79,4803,24576,19.5,16.01,31.91,50.2,43,28.32,12.2,642.37,34.5,1880|3920|12496|25856|16008|16836|22812|26468|20388|21532|23968|21692|11520|15040|15172|4008|22216|9800|15468|28124|13588|23728|8492|16796|11124
2026-08-27T19:21:19.2890268-07:00,54,79,4802,24576,19.5,16.01,31.91,50.2,59,28.32,12.2,642.37,34.5,1880|3920|12496|25856|16008|16836|22812|26468|20388|21532|23968|21692|11520|15040|15172|4008|22216|9800|15468|28124|13588|23728|8492|16796|11124
2026-08-27T19:22:05.7995898-07:00,47,79,4802,24576,19.5,16,31.91,50.1,53,28.32,12.2,642.37,34.5,1880|3920|12496|25856|16008|16836|22812|26468|20388|21532|23968|21692|11520|15040|15172|4008|22216|9800|15468|28124|13588|23728|8492|16796|11124
2026-08-27T19:22:52.3373906-07:00,47,77,4802,24576,19.5,15.99,31.91,50.1,48,28.32,12.2,642.37,34.5,1880|3920|12496|25856|16008|16836|22812|26468|20388|21532|23968|21692|11520|15040|15172|4008|22216|9800|15468|28124|13588|23728|8492|16796|11124
2026-08-27T19:23:38.8962699-07:00,59,77,4802,24576,19.5,15.83,31.91,49.6,45,28.32,12.2,642.37,34.5,1880|3920|12496|25856|16008|16836|22812|26468|20388|21532|23968|21692|11520|15040|15172|4008|22216|9800|15468|28124|13588|23728|8492|16796|11124
2026-08-27T19:24:25.4164021-07:00,47,78,4802,24576,19.5,15.73,31.91,49.3,49,28.31,12.2,642.37,34.5,1880|3920|12496|25856|16008|16836|22812|26468|20388|21532|23968|21692|11520|15040|15172|4008|22216|9800|15468|28124|13588|23728|8492|16796|11124
2026-08-27T19:25:11.9411683-07:00,44,78,4800,24576,19.5,15.73,31.91,49.3,46,28.31,12.2,642.37,34.5,1880|3920|12496|25856|16008|16836|22812|26468|20388|21532|23968|21692|11520|15040|15172|4008|22216|9800|15468|28124|13588|23728|8492|16796|11124
2026-08-27T19:25:58.4614370-07:00,45,78,4802,24576,19.5,15.94,31.91,50,52,28.31,12.2,642.37,34.5,1880|3920|12496|25856|16008|16836|22812|26468|20388|21532|23968|21692|11520|15040|15172|4008|22216|9800|15468|28124|13588|23728|8492|16796|11124
2026-08-27T19:26:44.9930225-07:00,44,78,4802,24576,19.5,15.88,31.91,49.8,50,28.32,12.2,642.37,34.5,1880|3920|12496|25856|16008|16836|22812|26468|20388|21532|23968|21692|11520|15040|15172|4008|22216|9800|15468|28124|13588|23728|8492|16796|11124
2026-08-27T19:27:31.4756812-07:00,44,78,4802,24576,19.5,15.91,31.91,49.9,35,28.31,12.2,642.37,34.5,1880|3920|12496|25856|16008|16836|22812|26468|20388|21532|23968|21692|11520|15040|15172|4008|22216|9800|15468|28124|13588|23728|8492|16796|11124
2026-08-27T19:28:17.9799439-07:00,45,78,4801,24576,19.5,15.77,31.91,49.4,55,28.31,12.2,642.37,34.5,1880|3920|12496|25856|16008|16836|22812|26468|20388|21532|23968|21692|11520|15040|15172|4008|22216|9800|15468|28124|13588|23728|8492|16796|11124
2026-08-27T19:29:04.5150665-07:00,46,79,4802,24576,19.5,15.82,31.91,49.6,41,28.31,12.2,642.37,34.5,1880|3920|12496|25856|16008|16836|22812|26468|20388|21532|23968|21692|11520|15040|15172|4008|22216|9800|15468|28124|13588|23728|8492|16796|11124
2026-08-27T19:29:50.9964638-07:00,44,79,4826,24576,19.6,15.82,31.91,49.6,55,28.31,12.2,642.37,34.5,1880|3920|12496|25856|16008|16836|22812|26468|20388|21532|23968|21692|11520|15040|15172|4008|22216|9800|15468|28124|13588|23728|8492|16796|11124
2026-08-27T19:30:37.5232227-07:00,45,78,4800,24576,19.5,16.04,31.91,50.3,73,28.31,12.2,642.37,34.5,1880|3920|12496|25856|16008|16836|22812|26468|20388|21532|23968|21692|11520|15040|15172|4008|22216|9800|15468|28124|13588|23728|8492|16796|11124
2026-08-27T19:31:24.0695968-07:00,45,79,4802,24576,19.5,16.02,31.91,50.2,51,28.31,12.2,642.37,34.5,1880|3920|12496|25856|16008|16836|22812|26468|20388|21532|23968|21692|11520|15040|15172|4008|22216|9800|15468|28124|13588|23728|8492|16796|11124
2026-08-27T19:32:10.5555470-07:00,49,79,4795,24576,19.5,15.82,31.91,49.6,31,28.31,12.2,642.37,34.5,1880|3920|12496|25856|16008|16836|22812|26468|20388|21532|23968|21692|11520|15040|15172|4008|22216|9800|15468|28124|13588|23728|8492|16796|11124
2026-08-27T19:32:57.0220663-07:00,47,78,4801,24576,19.5,15.82,31.91,49.6,43,28.31,12.2,642.37,34.5,1880|3920|12496|25856|16008|16836|22812|26468|20388|21532|23968|21692|11520|15040|15172|4008|22216|9800|15468|28124|13588|23728|8492|16796|11124
2026-08-27T19:33:43.5195228-07:00,52,79,4795,24576,19.5,15.82,31.91,49.6,39,28.31,12.2,642.37,34.5,1880|3920|12496|25856|16008|16836|22812|26468|20388|21532|23968|21692|11520|15040|15172|4008|22216|9800|15468|28124|13588|23728|8492|16796|11124
2026-08-27T19:34:30.0453298-07:00,50,79,4802,24576,19.5,15.85,31.91,49.7,41,28.31,12.2,642.37,34.5,1880|3920|12496|25856|16008|16836|22812|26468|20388|21532|23968|21692|11520|15040|15172|4008|22216|9800|15468|28124|13588|23728|8492|16796|11124
2026-08-27T19:35:16.5860649-07:00,49,79,4804,24576,19.5,15.91,31.91,49.9,52,28.31,12.2,642.37,34.5,1880|3920|12496|25856|16008|16836|22812|26468|20388|21532|23968|21692|11520|15040|15172|4008|22216|9800|15468|28124|13588|23728|8492|16796|11124
2026-08-27T19:36:03.0784799-07:00,59,79,4802,24576,19.5,16.08,31.91,50.4,46,28.31,12.2,642.37,34.5,1880|3920|12496|25856|16008|16836|22812|26468|20388|21532|23968|21692|11520|15040|15172|4008|22216|9800|15468|28124|13588|23728|8492|16796|11124
2026-08-27T19:36:49.6067965-07:00,47,80,4803,24576,19.5,16.04,31.91,50.3,62,28.31,12.2,642.37,34.5,1880|3920|12496|25856|16008|16836|22812|26468|20388|21532|23968|21692|11520|15040|15172|4008|22216|9800|15468|28124|13588|23728|8492|16796|11124
2026-08-27T19:37:36.1421028-07:00,59,79,4803,24576,19.5,16.08,31.91,50.4,56,28.31,12.2,642.37,34.5,1880|3920|12496|25856|16008|16836|22812|26468|20388|21532|23968|21692|11520|15040|15172|4008|22216|9800|15468|28124|13588|23728|8492|16796|11124
2026-08-27T19:38:22.6264515-07:00,46,79,4799,24576,19.5,15.88,31.91,49.8,39,28.31,12.2,642.37,34.5,1880|3920|12496|25856|16008|16836|22812|26468|20388|21532|23968|21692|11520|15040|15172|4008|22216|9800|15468|28124|13588|23728|8492|16796|11124
2026-08-27T19:39:09.0858364-07:00,52,79,4802,24576,19.5,15.9,31.91,49.8,45,28.31,12.2,642.37,34.5,1880|3920|12496|25856|16008|16836|22812|26468|20388|21532|23968|21692|11520|15040|15172|4008|22216|9800|15468|28124|13588|23728|8492|16796|11124
2026-08-27T19:39:55.5929766-07:00,82,80,4802,24576,19.5,15.93,31.91,49.9,62,28.31,12.2,642.37,34.5,1880|3920|12496|25856|16008|16836|22812|26468|20388|21532|23968|21692|11520|15040|15172|4008|22216|9800|15468|28124|13588|23728|8492|16796|11124
2026-08-27T19:40:42.1017341-07:00,58,80,4802,24576,19.5,16.19,31.91,50.7,45,28.31,12.2,642.37,34.5,1880|3920|12496|25856|16008|16836|22812|26468|20388|21532|23968|21692|11520|15040|15172|4008|22216|9800|15468|28124|13588|23728|8492|16796|11124
2026-08-27T19:41:28.5946707-07:00,53,79,4802,24576,19.5,16.16,31.91,50.6,56,28.31,12.2,642.37,34.5,1880|3920|12496|25856|16008|16836|22812|26468|20388|21532|23968|21692|11520|15040|15172|4008|22216|9800|15468|28124|13588|23728|8492|16796|11124
2026-08-27T19:42:15.1171067-07:00,60,80,4802,24576,19.5,15.95,31.91,50,35,28.31,12.2,642.37,34.5,1880|3920|12496|25856|16008|16836|22812|26468|20388|21532|23968|21692|11520|15040|15172|4008|22216|9800|15468|28124|13588|23728|8492|16796|11124
2026-08-27T19:43:01.6146973-07:00,37,71,4995,24576,20.3,15.84,31.91,49.6,14,28.31,12.2,642.37,34.5,1880|3920|12496|25856|16008|16836|22812|26468|20388|21532|23968|21692|11520|15040|15172|4008|22216|9800|15468|28124|13588|23728|8492|16796|11124
2026-08-27T19:43:47.9862976-07:00,55,71,4978,24576,20.3,15.84,31.91,49.6,56,28.31,12.2,642.37,34.5,1880|3920|12496|25856|16008|16836|22812|26468|20388|21532|23968|21692|11520|15040|15172|4008|22216|9800|15468|28124|13588|23728|8492|16796|11124
2026-08-27T19:44:34.5429939-07:00,41,77,5060,24576,20.6,15.87,31.91,49.7,32,28.31,12.2,642.37,34.5,1880|3920|12496|25856|16008|16836|22812|26468|20388|21532|23968|21692|11520|15040|15172|4008|22216|9800|15468|28124|13588|23728|8492|16796|11124
2026-08-27T19:45:20.9769921-07:00,50,79,5051,24576,20.6,16.2,31.91,50.8,56,28.31,12.2,642.37,34.5,1880|3920|12496|25856|16008|16836|22812|26468|20388|21532|23968|21692|11520|15040|15172|4008|22216|9800|15468|28124|13588|23728|8492|16796|11124
2026-08-27T19:46:07.4875185-07:00,0,61,1023,24576,4.2,11.69,31.91,36.6,4,28.29,12.2,642.37,34.5,1880|3920|12496|25856|16008|16836|22812|26468|20388|21532|23968|21692|11520|15040|15172|4008|22216|9800|15468|13588|23728|16796
2026-08-27T19:46:53.7488867-07:00,13,56,1137,24576,4.6,12.08,31.91,37.9,10,28.29,12.2,642.37,34.5,1880|3920|12496|25856|16008|16836|22812|26468|20388|21532|23968|21692|11520|15040|15172|4008|22216|9800|15468|13588|23728|16796
2026-08-27T19:47:40.0277114-07:00,28,53,1194,24576,4.9,12.16,31.91,38.1,8,28.29,12.2,642.37,34.5,1880|3920|12496|25856|16008|16836|22812|26468|20388|21532|23968|21692|11520|15040|15172|4008|22216|9800|15468|13588|23728|16796
2026-08-27T19:48:26.3380115-07:00,8,58,1212,24576,4.9,12.18,31.91,38.2,9,28.29,12.2,642.37,34.5,1880|3920|12496|25856|16008|16836|22812|26468|20388|21532|23968|21692|11520|15040|15172|4008|22216|9800|15468|13588|23728|16796
2026-08-27T19:49:12.6306939-07:00,28,57,1283,24576,5.2,12.48,31.91,39.1,11,28.29,12.2,642.37,34.5,1880|3920|12496|25856|16008|16836|22812|26468|20388|21532|23968|21692|11520|15040|15172|4008|22216|9800|15468|13588|23728|16796
2026-08-27T19:49:58.9000237-07:00,34,58,1285,24576,5.2,12.64,31.91,39.6,28,28.29,12.2,642.37,34.5,1880|3920|12496|25856|16008|16836|22812|26468|20388|21532|23968|21692|11520|15040|15172|4008|22216|9800|15468|13588|23728|16796
2026-08-27T19:50:45.1890890-07:00,11,59,1201,24576,4.9,12.47,31.91,39.1,23,28.29,12.2,642.37,34.5,1880|3920|12496|25856|16008|16836|22812|26468|20388|21532|23968|21692|11520|15040|15172|4008|22216|9800|15468|13588|23728|16796
2026-08-27T19:51:31.4685496-07:00,10,60,1218,24576,5,12.43,31.91,39,17,28.29,12.2,642.37,34.5,1880|3920|12496|25856|16008|16836|22812|26468|20388|21532|23968|21692|11520|15040|15172|4008|22216|9800|15468|13588|23728|16796
2026-08-27T19:52:17.7532684-07:00,22,58,1367,24576,5.6,12.29,31.91,38.5,21,28.29,12.2,642.37,34.5,1880|3920|12496|25856|16008|16836|22812|26468|20388|21532|23968|21692|11520|15040|15172|4008|22216|9800|15468|13588|23728|16796
2026-08-27T19:53:04.0454727-07:00,16,57,1408,24576,5.7,12.42,31.91,38.9,15,28.29,12.2,642.37,34.5,1880|3920|12496|25856|16008|16836|22812|26468|20388|21532|23968|21692|11520|15040|15172|4008|22216|9800|15468|13588|23728|16796
2026-08-27T19:53:50.3945638-07:00,5,58,1098,24576,4.5,12.38,31.91,38.8,15,28.29,12.2,642.37,34.5,1880|3920|12496|25856|16008|16836|22812|26468|20388|21532|23968|21692|11520|15040|15172|4008|22216|9800|15468|13588|23728|16796
2026-08-27T19:54:36.6850666-07:00,19,58,1110,24576,4.5,12.38,31.91,38.8,10,28.29,12.2,642.37,34.5,1880|3920|12496|25856|16008|16836|22812|26468|20388|21532|23968|21692|11520|15040|15172|4008|22216|9800|15468|13588|23728|16796
2026-08-27T19:55:22.9683143-07:00,11,59,1103,24576,4.5,12.65,31.91,39.6,11,28.29,12.2,642.37,34.5,1880|3920|12496|25856|16008|16836|22812|26468|20388|21532|23968|21692|11520|15040|15172|4008|22216|9800|15468|13588|23728|16796
2026-08-27T19:56:09.2371195-07:00,7,59,1087,24576,4.4,12.57,31.91,39.4,14,28.29,12.2,642.37,34.5,1880|3920|12496|25856|16008|16836|22812|26468|20388|21532|23968|21692|11520|15040|15172|4008|22216|9800|15468|13588|23728|16796
2026-08-27T19:56:55.5253072-07:00,21,60,1181,24576,4.8,12.49,31.91,39.1,11,28.29,12.2,642.37,34.5,1880|3920|12496|25856|16008|16836|22812|26468|20388|21532|23968|21692|11520|15040|15172|4008|22216|9800|15468|13588|23728|16796
2026-08-27T19:57:41.7959328-07:00,18,60,1004,24576,4.1,11.75,31.91,36.8,5,28.29,12.2,642.37,34.5,1880|3920|12496|25856|16008|16836|22812|26468|20388|21532|23968|21692|11520|15040|15172|4008|22216|9800|15468|13588|23728|16796
